TotalCharges,tenure,MonthlyCharges,PaymentMethod_Electronic check,InternetService_Fiber optic,Contract_Two year,gender_Male,OnlineSecurity_Yes,PaperlessBilling_Yes,Partner_Yes,TechSupport_Yes,Contract_One year,OnlineBackup_Yes,SeniorCitizen,MultipleLines_Yes,Dependents_Yes,DeviceProtection_Yes,StreamingTV_Yes,StreamingMovies_Yes,PaymentMethod_Credit card (automatic),PaymentMethod_Mailed check
-0.2632890631964203,0.1023712383613841,-0.5219756496159262,True,False,False,True,False,False,False,False,False,False,0,False,False,True,True,True,False,False
-0.5048144831572396,-0.7117434584104956,0.3374778078243394,False,True,False,True,True,False,True,False,False,False,0,False,True,False,False,False,False,True
-0.7512134391325384,-0.7931549280876836,-0.8090131942822701,False,False,True,True,True,False,True,True,False,True,0,False,True,False,False,False,False,True
-0.1736994214167345,-0.2639803751859618,0.2843841579438598,False,False,True,False,False,True,True,False,False,True,0,False,False,True,True,True,True,False
-0.99085091270937,-1.2816237461508113,-0.6762790695810708,True,False,False,True,False,False,True,False,False,False,0,False,True,False,False,False,False,False
1.2709747139024437,1.3642490183577978,0.48348534499565887,False,False,True,True,False,True,False,True,False,True,0,False,True,True,True,True,True,False
-1.0017175808497631,-1.2816237461508113,-1.497571466169742,False,False,False,False,False,False,False,False,False,False,0,False,False,False,False,False,True,False
0.03415030374133098,0.30589991255435406,-0.27641751891870747,False,False,False,False,False,False,True,False,False,True,0,True,False,False,False,False,True,False
0.6616070891730831,1.3235432835192036,-0.17023021915774814,False,False,True,False,False,True,True,True,False,False,0,False,False,False,True,False,True,False
1.1177217638255048,1.1200146093262338,0.5183280527297236,False,False,False,False,False,False,False,True,True,False,0,True,False,True,True,True,True,False
-0.8840282719595658,-1.1188008067964355,-0.1669118660402181,False,False,False,False,True,False,False,True,False,True,1,False,False,False,False,False,True,False
-0.9083081405722422,-1.1188008067964355,-0.5153389433808665,False,False,False,False,True,True,True,False,False,False,0,False,True,False,False,False,False,True
-0.9563849147691331,-1.2409180113122174,-0.46390447005915153,False,False,False,False,True,False,False,False,False,False,0,False,False,False,False,False,False,True
-0.1322085066988697,-0.10115743583158582,0.08860132400959055,True,False,False,True,True,False,True,True,False,True,0,True,True,True,False,False,False,False
0.5149619514401006,0.14307697319997809,1.0111034906829266,True,True,False,True,False,True,True,False,False,False,0,True,False,False,True,True,False,False
0.676710660244983,0.9164859351332638,0.1367174442137754,False,True,True,False,False,True,True,False,False,False,0,False,True,False,False,False,True,False
0.13702142880371965,-0.06045170099299184,0.6576988836659831,False,True,False,False,True,True,False,False,False,False,0,True,False,True,False,False,True,False
-0.5829227765784898,-0.1825689055087738,-0.9633166142474143,True,False,False,False,False,True,True,False,False,False,1,False,True,False,True,False,False,False
-0.8669269901790279,-0.6710377235719016,-1.5257774676687466,False,False,True,True,False,False,False,False,False,False,0,False,False,False,False,False,True,False
-0.9531139378945502,-1.0780950719578415,-1.4859572302583868,False,False,False,True,False,False,False,False,False,False,0,False,False,False,False,False,False,False
-0.03565980673634629,-0.22327464034736777,0.695859944517578,True,True,False,True,True,True,True,False,True,False,1,True,False,True,False,False,False,False
-0.36308678716859677,1.0386031396490458,-1.3150620447055927,False,False,True,True,False,True,False,False,False,False,0,True,False,False,False,False,True,False
2.384665504670697,1.6084834273893616,1.326347036848275,False,True,True,True,True,True,True,True,False,True,0,True,True,True,False,True,True,False
-0.5883012284863612,-0.1825689055087738,-0.9682941439237093,False,False,False,False,False,True,False,True,False,False,0,False,False,True,False,False,False,True
0.462911708690864,0.30589991255435406,0.667653943018573,True,True,False,True,False,True,True,False,True,False,0,False,True,True,True,False,False,False
-1.001410240740742,-1.2816237461508113,-1.4743429943470319,False,False,False,True,False,False,False,False,False,False,0,False,False,False,False,False,False,True
-0.8292997796888584,-1.1188008067964355,0.5000771105833088,True,True,False,False,False,True,False,False,False,False,0,False,False,False,False,True,False,False
-0.9800281502988372,-1.2816237461508113,0.14169497389007057,True,True,False,False,False,True,False,False,False,False,0,False,False,False,False,False,False,False
-0.4503274724007632,-0.8338606629262776,1.3396204493183947,True,True,False,False,False,True,False,False,False,True,0,True,True,True,True,True,False,False
-0.811342336176047,-1.1188008067964355,1.034331962505636,True,True,False,True,False,True,False,True,False,False,0,False,False,False,True,True,False,False
1.644085606254205,1.5677776925507676,0.7024966507526377,False,False,True,True,True,True,True,True,False,True,0,False,False,True,True,True,False,False
-0.9101302283614394,-1.2002122764736234,0.39886734049864436,True,True,False,True,False,True,False,False,False,False,0,True,False,False,False,False,False,False
-0.7224551860741241,-0.10115743583158582,-1.5025489958460367,False,False,False,False,False,False,True,False,False,False,0,False,False,False,False,False,False,False
-0.787413713402252,-0.30468611002455576,-1.4842980536996218,False,False,False,False,False,True,True,False,True,False,0,False,False,False,False,False,False,False
-0.42600369805822663,0.7943687306174818,-1.3399496930870676,False,False,True,True,False,False,True,False,False,False,0,True,True,False,False,False,False,True
1.1299056038617032,0.5501343215859179,1.495583045842304,True,True,False,False,True,True,False,False,True,True,1,True,False,True,True,True,False,False
-0.7478985565280951,-0.9559778674420595,0.18483356441796028,True,True,False,True,False,True,False,False,False,False,0,False,False,False,False,False,False,False
-0.32354967742950963,-0.5489205190561197,0.7273842991341125,True,True,False,False,False,True,True,False,False,False,0,True,False,False,True,False,False,False
-0.7418615186723211,-0.8338606629262776,-0.5153389433808665,True,False,False,False,False,True,False,False,False,True,0,False,False,False,False,False,False,False
0.9766746066496946,0.5094285867473239,1.1206091435614158,False,True,False,True,False,True,True,True,True,True,1,True,False,True,True,False,False,False
0.6074932771204181,0.14307697319997809,1.313073624378155,False,True,False,False,True,True,True,False,False,False,0,True,True,True,True,True,True,False
0.610237385236679,0.22448844287716607,1.0011484313303363,False,True,False,True,False,True,False,False,False,True,0,True,False,True,False,True,True,False
-1.0019810152289244,-1.2816237461508113,-1.5174815848749215,False,False,False,True,False,False,True,False,False,False,0,False,True,False,False,False,False,True
-0.5547792037381181,-0.9152721326034655,1.113972437326356,True,True,False,True,False,True,True,False,False,False,0,True,False,True,True,True,False,False
-0.7648900739839826,-0.7931549280876836,-0.6679831867872458,False,False,False,True,False,False,True,False,False,False,0,False,True,False,False,False,False,False
-0.384556689070222,-0.5896262538947137,0.5664441729339085,False,False,False,True,False,True,False,True,True,False,0,True,False,True,True,True,True,False
-0.3109487329596397,0.18378270803857208,-0.6480730680820658,True,False,True,False,True,False,True,True,False,False,0,False,False,False,True,False,False,False
-0.956845924932665,-1.1188008067964355,-1.4793205240233267,False,False,False,True,False,False,False,False,False,False,0,False,True,False,False,False,True,False
-0.6523596883523557,-0.8745663977648716,0.33250027814804467,True,True,False,True,False,False,False,False,False,True,0,False,False,False,False,False,False,False
1.6990994857690038,1.2828375486806096,1.135541732590301,False,True,False,True,False,True,False,True,False,True,0,False,True,False,True,True,True,False
-0.9860212824247508,-1.2816237461508113,-0.3112602266527725,False,False,False,True,False,False,False,False,False,False,0,False,False,False,False,True,False,True
0.5146107056012194,0.18378270803857208,0.9148712502745568,True,True,False,True,False,True,True,False,False,False,1,True,False,False,True,True,False,False
1.1837779344001371,0.631545791263106,1.3379612727596297,False,True,False,False,True,True,True,False,False,True,0,True,True,False,True,True,True,False
-0.17635571807327502,-0.5082147842175256,0.9828974891839214,True,True,False,True,False,True,True,False,False,False,1,True,False,False,True,True,False,False
-0.22008582501400878,-0.2639803751859618,0.15165003324266044,False,False,False,False,True,True,False,False,False,True,0,True,False,False,True,False,False,False
-0.756416268120969,-0.10115743583158582,-1.5108448786398618,False,False,True,False,False,False,False,False,False,False,0,False,False,False,False,False,True,False
0.9995494919068453,1.4863662228735797,0.06537285218688103,False,False,True,False,True,True,False,True,False,True,0,True,False,False,False,False,False,True
1.4472781721559735,1.2421318138420157,0.8120023036311275,False,False,True,True,True,True,True,True,False,True,0,True,True,True,True,True,True,False
-0.9550677428733279,-1.1188008067964355,-1.5125040551986266,False,False,False,True,False,False,True,False,False,False,0,False,False,False,False,False,False,True
-0.6635556494667001,0.26519417771576004,-1.4760021709057967,False,False,True,True,False,True,True,False,False,False,0,False,False,False,False,False,False,False
-0.850352577156812,-1.1595065416350294,1.2201597370873154,True,True,False,True,False,True,False,False,False,True,0,True,True,False,True,True,False,False
1.6535253381741426,1.1200146093262338,1.2019087949409006,False,True,True,True,False,False,True,False,False,False,0,True,False,True,True,True,True,False
-0.1267202904663479,-0.5489205190561197,1.273253386967795,True,True,False,True,False,False,True,True,False,False,0,True,True,True,True,True,False,False
-0.5075366384085704,-0.8745663977648716,1.2301147964399053,True,True,False,False,False,True,True,False,False,True,0,True,False,False,True,True,False,False
0.3887110252271693,-0.06045170099299184,1.1620885575305409,True,True,False,False,False,True,False,False,False,True,1,True,False,False,True,True,False,False
0.06027421300813474,-0.10115743583158582,0.642766294637098,False,True,False,True,True,True,False,False,False,True,0,False,False,True,False,False,True,False
-0.4488566304504474,0.8350744654560759,-1.3382905165283026,False,False,True,True,False,False,False,False,False,False,0,True,False,False,False,False,False,True
-0.8076981605976526,-1.1188008067964355,0.8103431270723621,True,True,False,False,False,True,False,True,False,True,0,False,False,False,False,True,False,False
0.7347101293902735,0.7536629957788878,0.4868036981131887,False,True,False,True,False,True,False,False,True,True,1,True,False,False,False,False,False,False
1.794572495349953,1.5677776925507676,0.8086839505135972,False,False,True,False,True,False,True,True,False,True,0,True,False,True,True,True,True,False
-0.3525494120021549,1.1607203441648277,-1.3250171040581826,False,False,True,False,False,True,False,False,False,False,0,True,True,False,False,False,True,False
-0.74410071089519,-0.9966836022806536,0.31756768911915967,True,True,False,True,False,True,False,False,False,True,1,False,False,False,False,False,False,False
-0.7606531710524758,-0.9152721326034655,-0.3311703453579522,False,False,False,True,True,True,True,True,False,False,0,False,False,False,False,False,True,False
-0.7394467035300115,-0.8338606629262776,-0.5004063543519814,False,False,False,False,False,True,True,False,False,False,0,False,False,True,True,True,False,False
0.8619928402549192,1.3642490183577978,-0.03583691789778363,True,False,False,True,False,False,True,True,False,False,0,True,False,False,False,True,False,False
-0.37783911240161533,-0.3453918448631497,-0.14866092389380306,False,False,False,True,True,False,False,True,False,True,0,False,False,False,False,False,False,False
-0.9071885444608078,-1.1595065416350294,-0.2797358720362375,False,False,False,False,False,False,True,True,False,True,0,False,True,False,False,False,False,True
-0.8544577628987383,-1.1595065416350294,0.7970697146022425,True,True,False,False,False,True,False,False,False,True,0,True,False,False,False,True,False,False
-0.12507382559659136,0.1023712383613841,-0.30960105009400735,False,False,False,False,True,False,False,False,True,True,0,False,True,False,False,False,True,False
0.6483914644851706,0.5094285867473239,0.689223238282518,False,True,False,False,True,True,False,True,False,True,1,False,False,False,False,False,False,False
2.123865469301261,1.3235432835192036,1.495583045842304,False,True,False,True,True,True,False,True,True,False,0,True,False,True,True,True,True,False
-0.5042656615339874,-0.7524491932490895,0.5299422886410788,False,True,False,False,False,True,True,False,False,False,0,False,True,False,False,True,False,False
0.3457273156940585,1.1607203441648277,-0.4722003528529765,False,False,False,False,True,True,True,True,True,True,0,False,True,False,False,True,False,False
1.3495879232170855,1.4456604880349857,0.5116913464946635,False,True,True,True,True,False,True,False,False,False,0,False,True,True,False,False,True,False
-0.4471662598508307,-0.38609757970174374,-0.2382564580671127,False,False,False,False,True,True,True,True,True,True,0,False,True,False,False,False,False,True
0.9695179726824861,0.9164859351332638,0.5515115839050234,True,True,False,False,False,True,False,False,False,True,0,False,False,True,False,False,False,False
-0.2560226649045615,1.4863662228735797,-1.3432680462045974,False,False,True,True,False,False,True,False,False,False,0,True,True,False,False,False,False,False
-0.7557137764432061,-1.0373893371192475,0.5415565245524336,False,False,False,False,True,False,True,True,False,False,0,False,False,True,True,True,False,False
1.5056947457349357,1.6084834273893616,0.4685527559667738,False,True,True,False,True,False,True,False,False,False,0,True,True,False,False,False,False,False
0.2898133687171265,1.1607203441648277,-0.5053838840282764,False,False,False,False,True,True,True,False,True,False,0,False,True,False,False,False,False,False
1.1926468918318922,1.2828375486806096,0.5100321699358986,False,True,False,True,True,False,True,False,True,False,1,False,False,True,False,False,True,False
0.27646602683963345,-0.019745966154397852,0.9380997220972668,True,True,False,False,False,True,True,False,False,False,1,True,False,False,True,True,False,False
-0.9754839072583089,-1.2816237461508113,0.4851445215544238,False,True,False,False,False,True,False,False,False,False,0,True,False,True,False,False,False,True
-0.9162770305418638,-1.2002122764736234,0.5763992322864984,False,True,False,True,True,True,False,True,False,False,0,False,False,False,False,False,False,True
-0.9881946160528295,-1.2002122764736234,-1.4842980536996218,False,False,False,True,False,False,False,False,False,False,0,False,True,False,False,False,False,False
1.6662799526985235,1.6084834273893616,0.6460846477546283,False,False,True,False,True,True,True,True,False,False,0,True,False,True,True,True,True,False
-0.6650923500118062,-0.2639803751859618,-1.1657361544167435,False,False,False,False,False,True,False,False,False,False,0,False,True,True,False,False,False,True
0.6587532167321717,0.26519417771576004,1.1786803231181906,True,True,True,True,True,True,False,False,False,False,0,False,False,True,True,True,False,False
-1.0018273451744135,-1.2816237461508113,-1.5058673489635668,False,False,False,False,False,False,False,False,False,False,0,False,False,False,False,False,False,True
-1.0018492980393439,-1.2816237461508113,-1.5075265255223318,False,False,False,False,False,True,False,False,False,False,0,False,False,False,False,False,False,True
1.1708257440913856,0.9571916699718578,0.7954105380434776,False,True,False,False,False,False,True,False,True,False,0,False,True,False,True,True,False,False
0.9802309707683685,0.428017117070136,1.4142833944628193,True,True,False,False,False,True,True,True,True,False,1,True,False,True,True,True,False,False
-0.9992588599775934,-1.2816237461508113,-1.3117436915880627,False,False,False,False,False,False,False,False,False,False,0,True,True,False,False,False,False,True
-0.14783894652909185,-0.1418631706701798,0.1981069768880804,False,False,False,True,False,False,False,False,True,True,0,True,False,True,False,True,True,False
-0.9293389851752657,-1.2409180113122174,0.5664441729339085,True,True,False,True,False,True,False,False,False,True,0,True,False,False,False,False,False,False
1.3874785680864161,1.4456604880349857,0.4868036981131887,False,True,False,True,False,False,False,False,True,True,0,False,False,True,False,False,True,False
1.787745154356696,1.4049547531963917,0.8169798333074222,False,True,False,True,False,True,True,False,False,True,0,True,True,False,False,True,False,False
-0.8050638168060421,-0.5489205190561197,-1.3283354571757127,False,False,True,False,False,True,True,False,False,False,0,True,True,False,False,False,False,False
0.6177891707726292,1.3642490183577978,-0.2714399892424126,False,False,True,True,False,True,True,False,False,True,0,False,True,True,True,True,True,False
-0.9535090894632918,-1.1595065416350294,-1.1906238027982183,True,False,False,False,True,True,True,False,False,False,0,False,False,False,False,False,False,False
-0.9179234954116203,-0.9559778674420595,-1.4992306427285067,False,False,True,False,False,False,True,False,False,False,0,False,True,False,False,False,False,True
1.3980378961177882,0.8350744654560759,1.2915043291142099,True,True,False,True,False,True,True,False,False,True,1,True,False,True,True,True,False,False
-0.8039661735595378,-0.38609757970174374,-1.5075265255223318,False,False,False,False,False,True,False,False,False,False,0,False,False,False,False,False,False,True
1.4530078699027262,0.7129572609402939,1.4474669256381192,True,True,False,False,True,False,True,True,True,True,0,True,False,False,True,True,False,False
-0.9437839702992631,-1.2409180113122174,0.33250027814804467,True,True,False,True,False,False,False,False,False,True,0,False,False,False,False,False,False,False
-0.4541253180336683,1.0793088744876398,-1.4793205240233267,False,False,False,False,False,False,True,False,True,False,0,False,False,False,False,False,False,True
1.3758655025384001,1.2421318138420157,0.6162194696968583,False,False,True,True,True,False,True,False,False,True,0,True,True,True,True,True,True,False
-0.20355531772165308,-0.30468611002455576,0.2030845065643751,False,False,False,False,True,True,True,True,False,True,0,False,False,False,False,True,False,True
-0.5397414912610083,-0.7524491932490895,0.5150096996121938,True,True,False,False,False,True,False,False,False,False,0,True,False,True,False,False,False,False
0.8817284658270675,1.3235432835192036,0.07035038186317573,False,False,False,True,True,False,True,False,True,True,0,True,False,True,False,False,True,False
0.7250289159561051,1.4863662228735797,-0.2780766954774726,False,False,True,True,True,False,True,False,False,True,1,False,False,False,True,True,True,False
-0.3229789029413274,-0.4675090493789317,0.3026351000902746,False,True,False,False,False,True,True,False,False,True,0,False,True,False,False,False,False,False
0.7518772697656018,0.428017117070136,0.873391836305432,False,True,False,True,True,True,True,True,True,False,0,True,True,True,False,False,True,False
1.8808692073901256,1.5677776925507676,0.8982794846869069,True,True,False,True,True,True,True,True,True,True,1,True,False,True,False,False,False,False
-0.7618605786236307,-0.5489205190561197,-1.3134028681468275,False,False,False,True,False,True,False,False,False,False,0,False,True,False,False,False,True,False
-0.6458835931979799,0.30589991255435406,-1.5025489958460367,False,False,True,False,False,False,False,False,False,False,0,False,False,False,False,False,True,False
-0.6577161873952969,-0.9559778674420595,0.6095827634617982,True,True,False,False,False,True,False,False,False,False,0,True,False,False,False,True,False,False
1.631682237568706,1.0386031396490458,1.27159421040903,False,True,False,True,False,True,False,False,True,True,0,True,False,True,True,True,False,False
-1.001673675119903,-1.2816237461508113,-1.4942531130522119,False,False,False,False,False,False,False,False,False,False,0,False,False,False,False,False,False,False
1.3244079871422758,0.590840056424512,1.6100662283970886,False,True,False,True,True,True,True,True,True,True,0,True,True,True,True,True,False,False
1.1481703874835356,1.0386031396490458,0.642766294637098,True,False,True,False,True,True,True,True,False,False,0,True,False,True,True,True,False,False
0.7933023258886761,0.30589991255435406,1.2516840917038503,False,True,False,True,False,True,False,False,False,True,0,True,False,True,True,True,False,True
0.25277888558006945,0.346605647392948,0.12178485518489039,True,False,False,False,False,True,False,True,True,False,0,True,False,True,False,True,False,False
1.9458277347182535,1.4049547531963917,1.1936129121470758,False,True,False,True,True,True,True,False,True,True,0,False,False,False,True,True,True,False
0.45742349245834224,0.06166550352279012,1.1587702044130104,True,True,False,True,False,True,False,False,True,True,1,False,False,True,True,True,False,False
-0.9871189256712551,-1.2002122764736234,-1.5207999379924515,False,False,False,True,False,True,False,False,False,False,0,False,False,False,False,False,False,True
2.03045602902374,1.1200146093262338,1.696343409452868,False,True,True,False,True,True,True,True,False,True,1,True,False,True,True,True,False,False
-0.6899210402477348,-0.9966836022806536,0.9015978378044367,True,True,False,False,False,True,False,False,False,False,1,False,False,True,True,True,False,False
-0.5242647214852969,-0.7117434584104956,0.33084110158927976,False,True,False,True,False,True,True,False,False,False,0,True,True,False,False,False,False,False
2.1285633823962997,1.4456604880349857,1.233433149557435,False,True,True,True,True,True,False,False,False,True,0,True,False,True,False,True,False,False
-0.22465202091946684,1.5677776925507676,-1.3100845150292975,False,False,True,True,False,False,True,False,False,False,1,True,False,False,False,False,True,False
0.9771356168132265,1.0386031396490458,0.4934404043482487,False,True,False,False,True,True,False,False,False,False,0,True,False,False,False,False,False,False
-0.994077983854093,-1.2409180113122174,-1.5174815848749215,True,False,False,True,False,False,False,False,False,False,1,False,False,False,False,False,False,False
-0.4798760285966606,-0.7524491932490895,0.8202981864249524,False,True,False,False,False,True,True,True,False,True,0,False,True,False,False,True,True,False
-0.35481055708995385,1.5677776925507676,-1.461069581876912,False,False,True,False,False,True,True,False,False,False,0,False,False,False,False,False,False,False
-0.3889033563263793,-0.7524491932490895,1.1819986762357204,True,True,False,True,False,True,False,False,False,True,0,True,False,False,True,True,False,False
-0.8753568903121813,-1.0780950719578415,-0.46390447005915153,False,False,False,False,True,False,False,True,False,True,0,False,False,False,False,True,True,False
-0.5400049256401693,-0.7117434584104956,0.15165003324266044,False,False,False,True,False,True,True,True,False,True,0,False,True,True,False,True,False,True
1.4474318422104844,0.9978974048104517,1.0824480827098208,False,True,False,True,False,True,True,False,True,True,0,False,True,True,True,True,True,False
0.7534798289054979,1.3642490183577978,-0.1254324520710933,False,False,True,False,True,True,False,False,False,True,0,False,False,True,False,False,False,False
1.6867839285432247,1.4863662228735797,0.8302532457775423,True,True,False,True,False,True,True,False,False,True,1,True,False,False,True,False,False,False
0.6794328154963141,1.4456604880349857,-0.29964599074141746,False,False,False,False,True,False,True,True,True,False,0,False,False,False,False,False,False,False
1.3009184216670824,0.9571916699718578,0.9911933719777464,False,True,False,True,True,False,False,False,True,False,1,False,True,False,True,True,True,False
0.4805398592297241,0.1023712383613841,1.1322233794727707,True,True,False,True,False,True,False,False,False,False,1,True,False,True,True,True,False,False
0.0869249910332607,0.428017117070136,-0.29135010794759253,True,False,False,False,False,False,True,False,False,False,0,False,True,False,True,False,False,False
-0.12360298364627556,-0.06045170099299184,0.04878108659923111,False,False,False,True,False,True,True,True,False,False,0,False,False,True,False,True,True,False
-0.1518782736762278,0.020959768684196134,-0.21502798624440272,False,False,False,False,True,True,True,False,True,True,0,False,True,True,False,False,False,True
-0.9799622917040468,-1.2816237461508113,0.14667250356636527,True,True,False,True,False,True,False,False,False,False,0,False,False,False,False,False,False,False
0.9119356079708676,0.46872285190873,1.1670660872068355,False,True,True,True,False,False,False,True,False,False,0,False,False,True,True,True,False,False
0.3300310172690462,0.9978974048104517,-0.38094564212090193,True,False,False,False,True,False,True,False,True,True,0,False,True,False,False,False,False,False
0.9879583792237594,1.5270719577121736,0.0006649663950462456,False,False,False,True,True,False,False,True,True,True,0,True,True,False,False,False,False,False
-1.0013882878758118,-1.2816237461508113,-1.472683817788267,False,False,False,True,False,False,False,False,False,False,0,False,False,False,False,False,True,False
0.3594039505455029,0.9164859351332638,-0.3212152860053623,False,False,True,True,False,True,True,True,False,False,0,False,True,True,False,False,True,False
0.15469348507243982,-0.1418631706701798,0.9795791360663916,True,True,False,True,False,True,True,False,False,False,1,True,False,False,True,True,False,False
-0.11743422860092108,0.020959768684196134,-0.13372833486491825,False,False,False,False,True,True,False,False,False,True,0,True,False,False,False,False,False,True
-0.8748739272837194,-1.1595065416350294,0.33250027814804467,True,True,False,True,False,False,True,False,False,False,1,True,False,False,False,False,False,False
0.21883975639815456,1.5270719577121736,-0.82560495986992,False,False,True,True,False,True,False,True,False,False,0,False,False,False,False,True,False,True
-0.6147105249972561,0.1023712383613841,-1.3051069853530026,True,False,False,True,False,True,False,False,False,False,0,True,False,False,False,False,False,False
-0.9640464646297336,-1.2409180113122174,-0.6331404790531808,False,False,False,False,False,True,False,False,False,False,0,False,False,False,False,False,False,True
-0.6089808272505034,-0.9152721326034655,0.8252757161012472,True,True,False,True,False,True,True,False,False,False,1,True,False,True,False,True,False,False
-0.9776572408863877,-1.2816237461508113,0.32088604223668943,False,True,False,True,False,False,True,False,False,True,0,False,True,False,False,False,True,False
-0.7429811147837556,-0.06045170099299184,-1.477661347464562,False,False,True,True,False,False,False,False,False,False,0,False,False,False,False,False,False,False
0.12931597321325897,-0.10115743583158582,0.8485041879239571,False,True,False,True,True,True,False,False,False,False,1,True,False,False,False,True,True,False
1.5249474082786223,1.1200146093262338,0.9397588986560317,True,True,False,True,True,True,True,False,False,True,1,True,True,False,False,True,False,False
1.078974957223901,1.6084834273893616,0.06371367562811567,False,False,True,False,True,False,True,True,False,False,0,True,True,True,False,False,False,False
-0.9736398666041817,-1.1595065416350294,-1.4677062881119718,False,False,False,True,False,True,False,False,False,False,0,False,False,False,False,False,True,False
-0.8853234909904409,-1.1595065416350294,0.15330920980142534,False,True,False,True,False,True,True,False,False,False,0,False,True,False,False,False,False,True
0.029737777890383576,-0.30468611002455576,1.1471559685016557,True,True,False,False,False,True,False,False,False,True,0,False,False,True,True,True,False,False
1.312114382781427,1.5270719577121736,0.39886734049864436,False,False,True,True,True,True,True,True,False,False,0,True,False,False,True,True,True,False
-1.0014321936056723,-1.2816237461508113,-1.4760021709057967,False,False,False,True,False,True,False,False,False,False,0,False,False,False,False,False,False,True
-0.8490354052610068,-0.5489205190561197,-1.4942531130522119,False,False,False,False,False,False,False,False,False,False,0,False,False,False,False,False,False,True
-1.0018492980393439,-1.2816237461508113,-1.5075265255223318,False,False,False,False,False,False,False,False,False,False,0,False,False,False,False,False,False,True
-0.9118425518259863,-0.8338606629262776,-1.480979700582092,False,False,True,False,False,False,True,False,False,False,0,False,True,False,False,False,False,False
-0.3892326493003306,1.6084834273893616,-1.5141632317573919,False,False,True,True,False,False,False,False,False,False,0,False,False,False,False,False,False,False
-0.992321754659686,-1.2409180113122174,-1.480979700582092,False,False,False,False,False,False,False,False,False,False,0,False,False,False,False,False,False,True
0.3470444875898638,0.06166550352279012,0.8269348926600121,True,True,False,True,False,True,True,False,False,True,0,False,True,True,True,False,False,False
-0.3997480716018424,0.18378270803857208,-0.8090131942822701,False,False,True,True,True,True,False,True,False,True,0,False,False,False,False,False,False,True
1.2400870329458107,1.0386031396490458,0.8269348926600121,False,True,False,True,True,True,True,True,True,True,1,True,True,False,False,False,False,False
-0.9904118554107683,-1.2816237461508113,-0.6430955384057709,False,False,False,True,False,True,False,False,False,False,0,False,False,False,False,False,False,True
-0.9791280828367035,-1.2816237461508113,0.20972121279943517,True,True,False,False,False,True,False,False,False,False,1,False,False,False,False,False,False,False
-0.9882604746476199,-1.2816237461508113,-0.4804962356468015,True,False,False,True,False,True,False,False,False,False,0,True,False,False,False,False,False,False
1.1008839164241278,1.6084834273893616,0.10685226615600583,False,False,True,True,True,False,True,True,False,True,0,True,False,True,False,False,False,True
-0.8541504227897171,-0.8338606629262776,-1.1823279200043932,False,False,False,False,False,True,True,True,False,False,1,False,True,False,False,False,False,True
-0.9965586575911927,-1.2409180113122174,-1.5075265255223318,False,False,False,False,False,False,False,False,False,False,0,False,False,False,False,False,False,True
-0.6057976618356408,0.590840056424512,-1.5025489958460367,False,False,True,False,False,False,True,False,False,False,0,False,False,False,False,False,False,False
-0.895904771886743,-1.0780950719578415,-0.6746198930223056,False,False,False,True,False,True,True,False,False,False,0,False,True,False,False,False,False,False
0.41083951307669725,1.1200146093262338,-0.37596811244460704,True,False,True,False,True,False,False,False,False,False,0,False,False,True,True,True,False,False
-0.9385372355809724,-1.2409180113122174,0.6261745290494481,False,True,False,False,False,True,False,False,False,True,1,False,False,False,True,False,False,False
0.8806527754454934,0.7536629957788878,0.6278337056082129,False,False,True,True,True,True,True,True,False,True,0,False,False,True,True,True,True,False
2.452543763034526,1.6084834273893616,1.4806504568134191,False,True,True,False,True,False,True,False,False,True,0,True,True,True,True,True,True,False
1.6604185377621903,1.6084834273893616,0.6742906492536329,True,False,True,True,True,True,True,False,False,True,0,True,False,True,True,True,False,False
-0.4593500998870291,0.7943687306174818,-1.3897249898500175,False,False,True,False,False,False,True,False,False,False,0,True,True,False,False,False,False,True
1.8461617279356577,1.5677776925507676,0.9380997220972668,False,False,True,False,True,False,True,True,False,True,0,True,False,True,True,True,True,False
-0.7152765992419855,-0.1825689055087738,-1.3067661619117676,False,False,False,False,False,False,True,False,True,False,0,True,False,False,False,False,False,True
0.4619238297690101,1.5677776925507676,-0.6165487134655309,False,False,True,True,True,False,True,True,False,True,1,False,False,True,False,False,True,False
1.91722315171435,1.4456604880349857,1.1488151450604207,True,True,True,True,True,True,True,True,False,False,0,False,True,False,True,True,False,False
-0.9795232344054451,-1.2816237461508113,0.17985603474166512,True,True,False,True,False,True,False,False,False,False,0,False,False,False,False,False,False,False
-0.5756124725567708,-0.8745663977648716,0.8053655973960674,True,True,False,False,False,True,False,False,False,False,0,True,False,True,True,False,False,False
-0.9365834306021945,-1.2002122764736234,-0.29135010794759253,False,False,False,True,False,True,True,False,False,True,0,False,True,True,False,False,False,True
1.8515182269785995,1.1607203441648277,1.273253386967795,False,True,False,False,False,True,True,True,True,False,0,True,False,True,True,True,False,False
-0.818103818574514,-1.0780950719578415,0.3507512202944595,True,True,False,True,False,True,True,False,False,False,0,True,False,False,False,False,False,False
0.06958222773849183,0.5501343215859179,-0.39255987803225695,True,False,False,False,True,False,True,False,False,False,0,True,False,False,False,False,False,False
0.5410419549770442,0.7129572609402939,0.17985603474166512,False,True,True,False,False,False,False,False,False,False,0,False,True,False,False,False,True,False
2.178023187083786,1.4863662228735797,1.29814103534927,False,True,False,True,False,True,False,True,True,True,0,False,False,True,True,True,False,False
0.4371609981278717,0.22448844287716607,0.6792681789299281,False,False,True,True,True,True,True,True,False,False,0,True,True,True,True,True,False,False
-0.9180771654661309,-1.2002122764736234,0.3092718063253347,True,True,False,False,False,True,False,False,False,False,0,True,False,False,False,False,False,False
1.679956587549968,1.4456604880349857,0.8186390098661871,False,True,False,False,False,True,True,False,False,True,1,True,False,False,False,True,False,False
-0.8083567465455552,-0.30468611002455576,-1.464387934994442,False,False,False,True,False,False,False,False,False,False,0,False,True,False,False,False,False,True
-0.20419195080462563,-0.5896262538947137,1.1554518512954808,False,True,False,False,False,False,True,True,False,False,1,True,False,False,True,True,False,False
-0.745856940089597,-1.0373893371192475,0.6726314726948681,False,True,False,True,False,True,False,False,False,False,0,True,False,False,False,True,False,True
0.71117665818522,1.3235432835192036,-0.16525268948145297,False,False,True,False,True,False,False,True,False,False,0,False,False,True,True,True,True,False
-0.9099765583069288,-0.8338606629262776,-1.5141632317573919,False,False,False,False,False,False,False,False,True,False,0,False,False,False,False,False,False,True
-0.9995222943567544,-1.2816237461508113,-1.3316538102932427,False,False,False,True,False,False,False,False,False,False,0,False,False,False,False,False,False,False
-0.8572677296097895,-0.5896262538947137,-1.5241182911099815,True,False,False,True,False,False,False,False,False,False,0,False,False,False,False,False,False,False
1.397554933089326,1.2828375486806096,0.665994766459808,False,False,True,False,True,True,True,True,False,False,0,True,False,True,True,True,True,False
-0.04064310707547604,-0.2639803751859618,0.7207475928990529,False,True,False,True,True,True,False,False,False,True,0,True,False,False,False,False,True,False
-0.84986961412835,-1.1595065416350294,0.8186390098661871,False,True,False,False,False,False,False,False,False,True,0,True,True,False,True,False,False,True
0.6484353702150307,1.5677776925507676,-0.3461029343868372,False,False,True,True,True,False,True,True,False,False,0,False,False,False,False,False,False,False
0.27791491592501927,0.6722515261016999,-0.17188939571651304,False,False,False,False,True,True,False,False,False,True,0,True,False,False,False,False,True,False
-0.738041720174486,-1.0373893371192475,0.7257251225753476,True,True,False,True,False,True,False,False,False,False,0,True,False,False,False,True,False,False
0.6739445992637922,0.1023712383613841,1.522129870782544,False,True,False,False,True,True,False,True,True,True,1,True,False,True,True,True,False,False
-0.9795451872703751,-1.2816237461508113,0.1781968581829002,True,True,False,True,False,True,True,False,False,False,1,False,False,False,False,False,False,False
-0.7568114196897106,-1.0780950719578415,0.8086839505135972,True,True,False,False,False,False,False,False,False,False,0,False,False,False,True,True,False,False
-0.05388068462831866,-0.30468611002455576,0.8451858348064274,True,True,False,True,False,True,True,False,True,False,0,False,True,False,True,True,False,False
-0.6951238692361655,-0.7931549280876836,-0.38094564212090193,False,False,False,False,False,False,False,True,False,False,0,False,True,True,False,False,False,True
-0.7934946569878862,-0.9559778674420595,-0.3444437578280723,True,False,False,True,True,False,False,False,False,False,1,True,False,False,False,False,False,False
1.6526033178470791,1.6084834273893616,0.6626764133422782,False,False,True,False,True,True,True,True,False,False,0,True,False,True,True,True,False,False
-0.2799293348134264,-0.4268033145403377,0.45527934349665417,False,False,False,True,False,True,True,True,True,False,0,True,True,True,True,True,False,True
0.1535738889610053,0.020959768684196134,0.5199872292884885,False,True,True,True,False,False,False,True,False,True,0,False,False,False,False,False,False,False
-0.5867645279412551,-0.5896262538947137,-0.21668716280316785,False,False,False,True,True,True,False,False,False,True,1,True,False,False,False,False,True,False
0.1986650735274045,0.06166550352279012,0.40716322329246935,False,False,False,True,False,False,True,False,True,False,0,True,True,True,True,True,False,False
-0.7815303456009887,-1.0780950719578415,0.8352307754538371,True,True,False,False,False,True,False,False,False,True,0,True,False,False,True,False,False,False
-0.7770300082903209,-0.3453918448631497,-1.456092052200617,False,False,False,False,False,False,False,False,True,False,0,False,True,False,False,False,False,False
-0.37612678893706847,-0.7117434584104956,0.9430772517735615,True,True,False,True,False,True,False,False,False,False,0,True,False,False,True,True,False,False
1.9370685416111488,1.2421318138420157,1.342938802435925,True,True,False,True,False,False,False,True,False,True,0,True,False,False,True,True,False,False
-0.8955315731829314,-1.1595065416350294,0.14667250356636527,True,True,False,True,False,False,False,False,False,False,1,False,False,False,False,False,False,False
1.0702157641167962,1.3642490183577978,0.19644780032931503,False,False,False,False,False,True,True,False,True,True,1,True,False,True,True,False,False,False
-0.6284749713084208,0.387311382231542,-1.4793205240233267,False,False,False,False,False,False,True,False,False,False,0,False,False,False,False,False,True,False
-0.8770692137767281,-1.1595065416350294,0.5083729933771337,True,True,False,False,True,True,False,False,False,False,1,True,False,False,False,False,False,False
0.13111610813752608,-0.2639803751859618,1.1803394996769556,False,True,False,False,False,True,False,False,False,False,0,True,False,True,True,True,False,False
0.40324382181088697,0.26519417771576004,0.5631258198163787,True,True,False,True,False,False,False,True,True,False,0,False,False,True,False,False,False,False
-0.42718915276445135,1.5270719577121736,-1.4959122896109767,False,False,True,False,False,False,True,False,False,False,0,False,False,False,False,False,True,False
-0.9405349462896102,-1.2002122764736234,-0.32453363912289235,False,False,False,True,False,False,False,False,False,False,0,False,False,False,True,False,False,True
0.9729206667466496,0.8350744654560759,0.680927355488693,False,True,False,True,False,False,False,False,False,False,0,True,False,False,True,False,False,False
-0.9710055228125712,-1.2409180113122174,-0.6613464805521857,True,False,False,False,False,True,True,False,False,False,0,False,False,False,False,False,False,False
1.2891077803346953,1.6084834273893616,0.3125901594428645,True,False,True,False,True,True,True,True,False,True,0,False,True,True,False,True,False,False
1.0618297697135028,1.6084834273893616,-0.004312563281248919,False,False,True,True,True,True,True,True,False,True,0,False,True,True,True,True,True,False
-0.9860651881546112,-1.2816237461508113,-0.31457857977030224,True,False,False,False,False,True,False,False,False,False,0,False,False,False,False,True,False,False
0.6454936863143992,0.631545791263106,0.46357522629047915,False,False,True,True,False,False,False,True,False,True,0,False,False,True,True,True,True,False
1.041984379816704,1.2421318138420157,0.31756768911915967,False,False,True,True,True,False,True,True,False,True,0,False,True,True,True,False,True,False
-0.24880017234256277,1.6084834273893616,-1.3548822821159523,False,False,True,True,False,False,True,False,False,False,0,True,True,False,False,False,True,False
0.35775748567574633,1.0793088744876398,-0.3577171702981922,False,False,True,True,False,False,False,False,False,False,0,True,False,True,False,False,True,False
-0.5394780568818474,-0.1418631706701798,-0.9732716736000042,False,False,False,True,True,False,False,True,True,False,0,False,False,False,False,False,False,True
0.42721635031454214,0.9978974048104517,-0.18682198474539805,False,False,False,False,True,True,True,True,True,False,0,False,True,True,False,False,False,True
0.45035466995085416,-0.10115743583158582,1.510515634871189,False,True,False,False,False,False,False,True,True,True,0,True,False,True,True,True,True,False
0.15640580853698668,0.22448844287716607,0.16658262227154547,True,False,False,True,True,False,False,True,False,True,0,True,False,True,False,False,False,False
-0.8651707609846209,-0.7117434584104956,-1.4760021709057967,False,False,False,False,False,False,True,False,False,False,0,False,False,False,False,False,True,False
2.041542225813434,1.5677776925507676,1.152133498177951,False,True,False,False,False,True,False,False,False,True,1,True,False,False,True,True,True,False
-0.7166815825975111,-1.0373893371192475,0.9729424298313315,True,True,False,True,False,True,False,False,False,True,0,False,False,False,True,True,False,False
-0.7640339122517091,-0.22327464034736777,-1.5042081724048018,False,False,True,False,False,True,False,False,False,False,0,False,False,False,False,False,False,True
-0.6679023167228574,0.30589991255435406,-1.5207999379924515,False,False,True,False,False,False,True,False,False,False,0,False,False,False,False,False,False,True
-0.9726519876823277,-1.2816237461508113,0.6991782976351079,True,True,False,False,False,True,False,False,False,True,1,False,False,False,False,True,False,False
1.5979626370360922,1.3235432835192036,0.8933019550106117,False,True,False,True,False,True,True,False,False,True,0,True,False,False,True,False,False,False
-0.9748033684454763,-1.2816237461508113,0.5365789948761385,True,True,False,False,False,True,False,False,False,False,0,False,False,False,False,True,False,False
-0.9910484884937409,-1.2816237461508113,-0.6912116586099555,True,False,False,False,False,True,False,False,False,False,0,False,False,False,False,False,False,False
-0.990324043951048,-1.2002122764736234,-1.4942531130522119,False,False,False,False,False,True,True,False,False,False,0,False,False,False,False,False,False,True
0.28605942881408153,-0.1418631706701798,1.1322233794727707,False,True,False,False,False,True,True,False,False,False,1,True,False,True,True,True,False,False
-0.8766740622079866,-0.7117434584104956,-1.497571466169742,False,False,False,True,False,False,False,False,True,False,0,False,False,False,False,False,False,True
1.5112268676973177,1.5270719577121736,0.49012205123071895,False,False,True,False,True,False,True,True,False,True,0,True,True,True,True,False,False,False
0.03522599412290538,-0.2639803751859618,0.9596690173612115,True,True,False,False,False,True,True,False,False,True,1,True,False,True,False,True,False,False
0.4838766946990973,0.1023712383613841,1.0559012577695812,False,True,False,True,True,True,False,True,False,True,0,True,False,True,False,False,False,True
1.16434964893701,1.4456604880349857,0.266133215797445,False,False,True,True,False,True,True,True,False,False,0,False,True,True,True,True,False,False
-0.9775255236968071,-1.2816237461508113,0.33084110158927976,True,True,False,True,False,True,False,False,False,False,0,True,False,False,False,False,False,False
-1.0015200050653925,-1.2816237461508113,-1.4826388771408567,False,False,False,True,False,False,False,False,False,False,0,False,False,False,False,False,False,True
1.3695650303034648,1.4863662228735797,0.473530285643069,False,True,True,True,False,True,True,False,False,False,0,True,True,True,False,False,True,False
-0.9738374423885524,-1.1595065416350294,-1.4892755833759168,False,False,False,False,False,False,False,False,False,False,0,False,False,False,False,False,False,True
-0.0636936152520676,-0.06045170099299184,0.24954145020979507,False,False,False,True,True,True,False,True,False,True,0,False,False,True,True,False,False,False
1.7500520852717363,1.0386031396490458,1.457421984990709,True,True,False,True,True,True,True,False,True,True,1,True,False,True,True,True,False,False
1.6081048606337924,1.3235432835192036,0.8833468956580218,False,False,True,False,True,False,True,True,False,True,0,True,True,True,True,True,False,False
0.5537307109066347,0.7536629957788878,0.1599459160364854,False,False,False,False,True,True,True,True,True,True,0,False,True,False,False,True,True,False
-1.0020249209587846,-1.2816237461508113,-1.5207999379924515,False,False,False,False,False,False,False,False,False,False,0,False,False,False,False,False,False,True
-0.35004678540012496,-0.7117434584104956,1.2002496183821352,True,True,False,True,False,True,True,False,False,False,0,True,False,True,True,True,False,False
0.13581402123256484,0.7943687306174818,-0.46390447005915153,False,False,False,False,False,True,True,False,True,False,0,False,True,True,False,False,False,False
-0.9993686243022438,-1.2816237461508113,-1.3200395743818876,True,False,False,True,False,True,False,False,False,False,0,False,False,False,False,False,False,False
-0.9848138748535961,-1.2002122764736234,-1.4925939364934466,False,False,False,True,False,False,False,False,False,False,0,False,True,False,False,False,False,True
-0.6893283128946225,-0.7931549280876836,-0.33614787503424737,True,False,False,False,False,True,False,False,False,True,1,False,False,True,False,False,False,False
-0.9796549515950255,-1.2816237461508113,0.16990097538907525,True,True,False,True,False,True,False,False,False,False,0,False,False,False,False,False,False,False
-0.8279606549281231,-1.1188008067964355,0.6610172367835129,False,True,False,False,False,True,False,False,False,False,1,False,False,True,True,False,False,True
-0.13539167211373235,-0.30468611002455576,0.37232051555840456,False,False,False,False,True,True,False,True,False,False,0,False,False,False,True,True,True,False
2.262958821498293,1.4863662228735797,1.512174811429954,False,True,True,False,False,True,False,True,False,True,0,True,False,True,True,True,False,False
-0.9062665241337442,-1.1595065416350294,0.020575085100225963,False,False,False,True,False,False,False,True,False,False,0,True,False,False,False,True,False,True
-0.9826844469553776,-1.2002122764736234,-1.477661347464562,False,False,False,False,False,False,False,False,False,False,0,False,False,False,False,False,False,True
-0.9664173740421831,-1.1188008067964355,-1.3482455758808924,False,False,False,True,False,False,False,False,False,False,0,False,False,False,False,False,False,True
-0.8628218044371015,-1.1595065416350294,0.5033954637008385,True,True,False,True,True,True,False,False,False,False,0,True,False,False,False,False,False,False
-0.47552936134050333,-0.6710377235719016,0.458597696614184,True,True,False,True,False,True,False,False,False,False,1,False,False,False,False,True,False,False
0.5166962277695776,0.7129572609402939,0.19478862377055015,False,False,False,False,True,True,False,True,True,False,0,False,True,True,True,False,True,False
-0.6337875646215019,-0.6710377235719016,-0.30130516730018236,False,False,False,True,True,True,True,False,True,True,0,False,True,False,False,False,False,True
1.0153775075214382,0.6722515261016999,1.0111034906829266,False,True,False,False,False,True,True,False,False,False,0,True,True,False,True,True,False,False
-0.434170163812219,-0.38609757970174374,-0.3577171702981922,True,False,False,True,False,False,False,True,False,True,0,False,True,False,False,False,False,False
1.0562756948861909,0.590840056424512,1.1803394996769556,True,True,False,False,False,True,True,False,False,False,0,True,False,True,True,True,False,False
-0.5473810882566787,-0.4268033145403377,-0.5352490620860464,False,False,False,False,True,True,False,False,False,False,0,False,False,False,False,False,True,False
2.1607901881136677,1.2828375486806096,1.6067478752795583,True,True,False,False,True,False,True,True,True,True,0,True,True,True,True,True,False,False
-0.5977848661361589,-0.5082147842175256,-0.5087022371458064,True,False,False,True,False,True,True,False,False,False,0,False,True,True,False,False,False,False
0.8774257043007704,0.7536629957788878,0.6394479415195682,False,True,False,True,False,False,True,True,True,True,0,True,True,False,False,False,False,False
-0.6091125444400839,-0.7524491932490895,0.2014253300056102,False,True,False,False,False,True,False,False,False,False,0,False,False,False,False,False,True,False
0.2753683835931291,0.7536629957788878,-0.28305422515376755,False,False,False,False,False,True,False,False,True,True,0,False,False,True,True,True,True,False
-0.10661146619038805,0.30589991255435406,-0.49045129499939155,False,False,False,True,False,True,True,False,False,True,0,False,False,False,False,False,False,True
-0.8415933840497073,-1.1595065416350294,1.095721495179941,True,True,False,False,False,True,True,False,False,True,0,True,True,False,True,True,False,False
-0.9707420884334103,-1.2409180113122174,-0.5203164730571613,True,False,False,True,False,True,False,False,False,False,0,False,False,True,True,True,False,False
0.862783143392402,0.9164859351332638,0.42541416543888416,False,True,False,False,False,True,True,False,False,True,0,True,False,False,False,False,True,False
0.6374589377499872,1.2014260790034217,-0.15861598324639314,False,False,True,True,False,True,True,True,False,True,0,False,False,True,False,False,True,False
-0.9720812131941454,-1.2409180113122174,-0.3477621109456021,False,False,False,True,True,True,False,True,False,False,0,False,False,False,False,False,False,True
-0.9862408110740517,-1.2816237461508113,-0.3278519922404224,False,False,False,True,False,False,False,True,False,False,0,False,False,True,False,False,False,True
-0.5504105836170307,-0.8745663977648716,0.8219573629837174,False,True,False,False,False,False,False,False,False,False,1,False,False,False,True,True,False,False
-0.8269947288711993,-1.1188008067964355,0.5913318213153833,True,True,False,False,False,True,False,True,False,False,0,True,False,True,False,False,False,False
-0.6058635204304309,-0.7524491932490895,0.1566275629189556,True,False,False,False,False,True,False,True,False,False,0,False,False,False,True,True,False,False
2.001039190017423,1.5270719577121736,1.1206091435614158,False,True,True,True,False,True,True,True,False,True,0,True,False,True,False,True,False,False
-0.2407434709132208,1.5677776925507676,-1.3250171040581826,False,False,True,False,False,False,True,False,False,False,0,True,False,False,False,False,False,False
-0.08573429164187506,0.6722515261016999,-0.7011667179625456,False,False,False,False,False,False,False,False,False,False,1,False,False,False,False,False,False,True
-0.7759982236386067,-0.3453918448631497,-1.4876164068171518,False,False,False,True,False,False,True,False,True,False,0,False,False,False,False,False,False,True
0.10119435323781739,0.346605647392948,0.0023241429538111433,False,False,False,True,False,False,False,False,True,False,0,True,False,True,False,True,False,True
-0.8536016011664649,-0.7931549280876836,-1.1873054496806883,True,False,False,False,False,False,False,False,False,True,0,False,False,False,False,False,False,False
-0.990587478330209,-1.2816237461508113,-0.6563689508758908,False,False,False,False,False,False,False,False,False,False,0,False,False,False,False,False,False,True
0.695787699869229,0.8757802002946699,0.23792721429843983,False,False,False,False,False,False,False,True,True,True,1,True,False,False,True,False,False,True
-0.7779300757524544,-1.0373893371192475,0.16658262227154547,False,True,False,True,False,True,True,False,False,False,0,False,True,False,False,False,False,False
1.1921858816683604,1.6084834273893616,0.23792721429843983,False,False,True,True,True,False,True,True,False,True,0,True,True,True,False,False,True,False
0.37371721847991973,-0.1825689055087738,1.3678264508173998,True,True,False,False,False,True,False,False,False,True,1,True,False,True,True,True,False,False
-0.9096911710628377,-1.1188008067964355,-0.46390447005915153,False,False,False,False,False,True,False,False,False,True,0,False,False,False,True,True,True,False
-0.6441932225983632,-0.9152721326034655,0.7008374741938728,False,True,False,True,False,True,False,False,False,False,0,True,False,False,True,False,False,False
1.7026778027526082,1.5677776925507676,0.7224067694578178,False,True,False,True,True,True,True,False,True,True,1,False,True,True,False,False,False,False
0.18347369099578403,1.4456604880349857,-0.8637660207215148,False,False,True,False,True,False,False,True,False,False,0,False,False,True,False,False,False,True
-0.9733544793600906,-1.2409180113122174,-0.6430955384057709,True,False,False,False,False,False,False,False,False,False,0,False,False,False,False,False,False,False
1.8131885248106672,0.8757802002946699,1.681410820423983,False,True,False,False,True,True,True,True,True,True,1,True,False,True,True,True,False,False
-0.6297043317445057,-0.7117434584104956,-0.17520774883404305,False,False,False,True,False,True,True,True,False,False,0,True,True,True,False,False,False,False
-0.967163771449806,-1.2002122764736234,-1.185646273121923,False,False,False,False,False,False,False,False,False,True,0,False,False,False,False,False,False,True
1.61005866561257,1.3235432835192036,0.9215079565096169,False,True,True,True,True,True,True,False,False,True,1,True,False,False,True,False,True,False
-0.8629096158968219,-0.7117434584104956,-1.4793205240233267,False,False,False,False,False,False,True,False,True,False,0,False,True,False,False,False,True,False
0.14786614407918264,-0.10115743583158582,0.9779199595076267,False,True,False,False,False,True,False,True,True,False,0,False,False,False,True,True,False,False
-0.19534494623780044,1.5270719577121736,-1.290174396324118,False,False,False,False,False,False,False,False,True,False,0,True,False,False,False,False,True,False
-0.8317365476960981,-0.5082147842175256,-1.5008898192872717,False,False,True,False,False,False,False,False,False,False,0,False,False,False,False,False,False,True
-0.9723885533031668,-1.1595065416350294,-1.3432680462045974,True,False,False,False,False,True,False,False,False,False,0,False,False,False,False,False,False,False
1.1828339612081435,1.2421318138420157,0.5100321699358986,False,False,True,False,True,True,False,True,False,True,0,True,False,True,False,True,True,False
-0.7805644195440649,-1.0780950719578415,0.6610172367835129,True,True,False,True,False,True,False,False,False,True,0,False,False,False,True,False,False,False
-0.5289406817154055,-0.1825689055087738,-0.8571293144864547,True,False,False,False,False,True,True,False,True,True,1,False,True,False,False,True,False,False
-0.8275655033593815,-0.5082147842175256,-1.4909347599346818,False,False,False,False,False,True,True,False,True,False,0,False,False,False,False,False,False,True
-0.9245093548906466,-1.2002122764736234,-0.017585975751368575,False,False,False,True,True,True,False,True,False,False,0,False,False,False,True,False,True,False
-0.7497206443172924,-0.8338606629262776,-0.4871329418818615,False,False,False,True,False,False,False,True,False,False,0,False,False,False,False,False,False,False
-0.9123035619895181,-1.1188008067964355,-0.8272641364286849,False,False,False,True,True,False,False,True,False,False,0,False,False,True,False,False,False,True
-0.3854787093972857,-0.38609757970174374,-0.2565074002135275,False,False,False,True,True,False,True,True,True,False,0,False,True,False,False,False,True,False
0.7630732308799463,1.5270719577121736,-0.23659728150834783,False,False,True,False,False,False,True,True,False,True,0,False,False,True,True,True,False,False
1.032895893735648,1.3235432835192036,0.24954145020979507,False,False,False,True,True,False,True,False,True,True,0,True,True,True,False,True,True,False
1.6426806228986797,1.6084834273893616,0.6095827634617982,False,False,True,False,True,True,True,True,False,False,0,True,True,True,True,True,False,False
-0.9971513849443052,-1.2816237461508113,-1.1524627419466233,True,False,False,True,False,False,True,False,False,True,0,False,True,False,False,False,False,False
-0.4282867960109557,0.06166550352279012,-0.8090131942822701,True,False,True,True,False,True,True,True,False,False,0,False,True,False,True,False,False,False
-0.07982897097568167,-0.4675090493789317,1.0758113764747608,True,True,False,False,False,True,False,False,False,False,0,True,False,False,True,True,False,False
-0.2697871112157262,-0.5489205190561197,0.8103431270723621,False,True,False,False,False,True,True,True,True,False,0,True,True,False,False,True,False,False
0.5856282236500514,1.5270719577121736,-0.46058611694162177,False,False,False,True,False,True,True,True,True,True,0,False,False,True,False,True,False,False
1.2813145132845143,0.9571916699718578,1.059219610887111,True,True,False,False,True,True,False,False,False,True,1,True,False,False,False,True,False,False
-0.9859554238299607,-1.2816237461508113,-0.3062826969764773,False,False,False,True,False,True,False,False,False,False,0,False,False,False,False,True,False,True
-0.09890601059992737,0.22448844287716607,-0.3461029343868372,True,False,False,False,True,False,True,False,False,True,0,False,True,False,False,False,False,False
-0.896409687780135,-0.7931549280876836,-1.5141632317573919,False,False,False,True,False,False,False,False,True,False,0,False,False,False,False,False,True,False
1.0443991949590137,0.5501343215859179,1.1969312652646056,True,True,False,True,False,True,True,False,False,False,1,True,False,True,True,True,False,False
-0.41120746709534783,0.8757802002946699,-1.3266762806169474,False,False,False,True,False,True,True,False,False,False,1,False,False,False,False,False,False,False
0.5460691610460343,0.631545791263106,0.18981109409425545,False,True,False,False,False,True,True,False,False,False,1,False,False,False,False,False,False,False
1.7055097223285893,1.4456604880349857,0.8003880677197722,False,False,True,False,True,True,True,True,False,True,0,True,True,True,True,True,False,False
1.1962032559505664,0.7943687306174818,0.9845566657426863,False,True,False,False,False,False,True,False,False,True,0,True,False,True,True,False,False,False
-0.20390656356053444,1.5677776925507676,-1.3333129868520075,False,False,True,False,False,False,True,False,False,False,0,True,False,False,False,False,False,False
-0.980269631813068,-1.2816237461508113,0.12344403174365576,True,True,False,False,False,False,False,False,False,False,0,False,False,False,False,False,False,False
1.0793042501978523,1.2828375486806096,0.3125901594428645,False,False,True,False,True,True,True,True,False,True,0,False,False,True,False,True,False,True
-0.05813954042475549,0.5501343215859179,-0.6630056571109506,False,False,False,False,False,False,False,False,False,False,0,False,False,False,False,False,False,False
-0.5766442572084849,-0.8745663977648716,0.8368899520126024,True,True,False,False,False,False,False,True,False,False,0,True,False,False,True,False,False,False
0.46389958761271793,0.8350744654560759,-0.1270916286298582,True,False,False,True,False,True,False,False,True,False,0,False,False,True,False,True,False,False
-0.9931779163919593,-1.2409180113122174,-1.4892755833759168,False,False,False,False,False,True,False,False,False,False,0,False,False,False,False,False,False,True
1.5124781809983325,0.9978974048104517,1.1836578527944854,True,True,False,True,False,False,True,False,False,False,1,True,False,True,True,True,False,False
0.06275488674523463,0.428017117070136,-0.31457857977030224,True,False,False,False,False,False,False,True,True,True,0,False,False,False,False,False,False,False
-0.6392977337189538,0.46872285190873,-1.4892755833759168,False,False,True,True,False,False,False,False,False,False,0,False,False,False,False,False,False,True
1.0483946163762892,1.5677776925507676,0.06205449906935077,False,False,False,False,True,False,True,True,True,True,0,False,False,True,True,True,False,False
-0.43621178025071716,-0.10115743583158582,-0.6779382461398357,True,False,False,True,False,True,False,False,False,False,0,False,True,False,True,True,False,False
-0.8271044931958497,-0.5082147842175256,-1.469365464670737,False,False,False,True,False,False,True,False,True,False,0,False,False,False,False,False,False,True
-0.8585409957757345,-0.5896262538947137,-1.4892755833759168,False,False,False,True,False,False,True,False,True,False,0,False,True,False,False,False,False,False
0.05533481839886512,0.06166550352279012,0.219676272152025,False,True,False,True,False,False,True,False,False,False,1,False,False,False,False,False,True,False
0.32368663930425107,0.7943687306174818,-0.20507292689181286,False,False,True,False,True,True,False,False,False,True,0,False,False,True,True,True,False,False
2.1677492462965056,1.3642490183577978,1.4325343366092342,False,True,False,False,False,False,False,False,True,True,1,True,False,True,True,True,False,False
0.30858306823235104,-0.1418631706701798,1.113972437326356,True,True,False,True,False,True,True,False,False,False,1,True,False,True,True,True,False,False
0.4499814712470425,0.346605647392948,0.49675875746577897,False,False,False,False,True,False,True,True,False,True,0,True,True,True,False,True,True,False
1.3552956680989081,1.4863662228735797,0.35904710308828447,False,False,True,True,True,True,True,True,False,True,0,False,True,True,True,False,False,False
0.15796446194702274,-0.019745966154397852,0.6759498258123978,True,True,False,True,False,False,True,False,False,False,1,True,False,False,False,True,False,False
-0.7217307415314311,-0.9559778674420595,0.16990097538907525,False,True,False,True,False,False,False,False,False,False,0,False,False,False,False,False,False,True
-0.977218183587786,-1.2409180113122174,-1.1640769778579783,False,False,False,True,False,False,False,True,False,False,0,False,False,False,False,False,False,False
-0.6654216429857576,0.18378270803857208,-1.4859572302583868,False,False,False,True,False,False,False,False,True,False,0,False,False,False,False,False,True,False
-0.18217322727974813,0.26519417771576004,-0.5667734167025811,True,False,False,False,True,True,False,False,True,False,0,False,False,False,False,False,False,False
-0.7251773413254549,-0.9966836022806536,0.7174292397815226,True,True,False,True,False,True,False,False,False,False,0,True,False,False,False,True,False,False
-0.9667466670161344,-1.1188008067964355,-1.472683817788267,True,False,False,True,False,False,True,False,True,False,0,False,True,False,False,False,False,False
-0.44951521639835,-0.2639803751859618,-0.48381458876433153,False,False,False,False,False,True,False,False,False,False,0,False,False,True,True,True,True,False
1.1393672886465709,1.2421318138420157,0.5100321699358986,False,True,False,True,False,True,True,False,False,True,0,False,True,True,False,False,True,False
1.514080740138229,1.0386031396490458,1.1770211465594258,False,True,False,False,False,True,True,True,False,False,1,True,False,False,True,True,False,False
-0.3872129857267625,1.6084834273893616,-1.452773699083087,False,False,True,False,False,True,False,False,False,False,0,False,False,False,False,False,False,False
0.9570048396723364,1.2828375486806096,0.17487850506537042,False,False,True,False,True,True,False,True,False,True,1,False,False,False,True,False,True,False
-0.4368703661986198,0.7129572609402939,-1.3183803978231226,True,False,False,False,False,False,True,False,True,False,1,True,False,False,False,False,False,False
-0.8043832779932094,-0.9966836022806536,-0.2233238690382277,False,False,False,False,True,False,False,True,True,True,0,False,False,False,False,False,False,False
-0.9758790588270506,-1.2816237461508113,0.45527934349665417,True,True,False,False,False,False,False,False,False,False,0,False,True,False,False,True,False,False
-0.819882000633851,-1.0780950719578415,0.18649274097672516,False,True,False,False,False,False,False,False,False,False,0,False,False,False,False,False,True,False
1.2793168025758768,1.3235432835192036,0.5830359385215584,False,False,True,False,True,True,True,True,False,True,0,True,True,False,True,True,False,False
-0.7026097961773252,-0.7931549280876836,-0.3577171702981922,False,False,False,False,True,False,True,True,True,False,0,False,True,False,False,False,False,False
1.2395601641874887,0.590840056424512,1.4806504568134191,True,True,False,True,False,True,True,True,False,True,0,True,False,True,True,True,False,False
-0.9246630249451571,-1.1595065416350294,-0.3527396406218973,True,False,False,True,False,False,False,False,False,False,0,False,False,False,False,True,False,False
-0.4449051147630317,0.7536629957788878,-1.3266762806169474,False,False,True,False,False,False,False,False,False,False,0,True,False,False,False,False,False,False
-0.37702685639920214,0.06166550352279012,-0.6663240102284806,True,False,False,True,False,True,True,True,False,False,0,False,True,True,True,False,False,False
0.46998053119835204,0.18378270803857208,0.8319124223363072,True,True,False,False,False,False,True,True,False,False,1,False,False,True,True,False,False,False
-0.6838620495270308,-0.9966836022806536,0.8402083051301322,True,True,False,False,False,True,True,True,False,False,0,True,False,False,False,True,False,False
0.6436935513901321,0.26519417771576004,1.1620885575305409,False,True,False,False,False,True,True,True,False,False,0,True,True,False,True,True,True,False
-0.9657807409592104,-1.2409180113122174,-0.3577171702981922,False,False,False,False,False,False,False,False,False,True,0,True,False,False,False,False,False,True
-0.9920363674155949,-1.2409180113122174,-1.4793205240233267,False,False,False,False,False,False,True,False,False,False,0,False,False,False,False,False,False,True
0.2660823217277022,0.428017117070136,0.04380355692293595,False,False,False,True,True,False,True,True,False,True,0,True,False,False,False,False,False,False
-0.9666149498265538,-1.2816237461508113,1.1554518512954808,True,True,False,True,False,True,False,False,False,False,0,True,True,True,True,True,False,False
1.024334276412914,0.5094285867473239,1.1537926747367158,False,True,True,True,False,False,False,False,False,False,0,True,True,True,True,True,False,False
-0.9793037057561442,-1.2816237461508113,0.19644780032931503,False,True,False,True,False,False,True,False,False,False,1,False,False,False,False,False,False,True
-0.9881287574580393,-1.2816237461508113,-0.4705411762942116,False,False,False,True,False,False,False,False,False,False,0,True,False,False,False,False,False,True
0.09160095126336912,-0.10115743583158582,0.680927355488693,True,True,False,True,False,False,True,False,False,False,0,True,True,False,True,False,False,False
0.3118759979718641,1.5270719577121736,-0.6928708351687206,False,False,False,True,False,True,False,False,True,True,1,False,False,True,True,False,True,False
2.014606060544217,1.2828375486806096,1.3180511540544502,False,True,False,True,False,True,False,True,True,False,0,True,False,True,True,True,True,False
-0.8222968157761605,-0.5896262538947137,-1.3216987509406526,False,False,True,False,False,False,True,False,False,False,0,True,True,False,False,False,False,True
-0.6916114108473516,0.18378270803857208,-1.497571466169742,False,False,True,True,False,False,True,False,False,False,0,False,True,False,False,False,False,False
1.1496192765689213,1.6084834273893616,0.018915908541461066,False,False,True,False,True,False,True,True,False,True,0,False,False,True,True,True,False,False
0.014282960979602072,0.5094285867473239,-0.4655636466179167,False,False,False,False,True,True,True,False,False,False,0,False,True,False,True,True,False,False
1.0182094270974194,0.9571916699718578,0.5415565245524336,False,False,True,False,True,False,True,True,False,True,0,True,True,True,True,False,True,False
0.14580257477575453,-0.06045170099299184,0.6610172367835129,True,True,False,False,False,True,True,False,False,False,1,True,False,False,False,True,False,False
-0.46387239006262704,1.2014260790034217,-1.4925939364934466,False,False,False,True,False,False,True,False,True,False,0,False,True,False,False,False,False,False
-0.07333092295637579,1.4863662228735797,-1.1657361544167435,False,False,False,True,False,True,True,False,True,False,1,False,False,True,False,False,True,False
-0.97320080930558,-1.1595065416350294,-1.477661347464562,False,False,False,False,False,True,False,False,True,False,0,False,True,False,False,False,False,True
-0.45320329770660467,1.3642490183577978,-1.4925939364934466,False,False,True,True,False,False,False,False,False,False,0,False,True,False,False,False,True,False
1.128829913480129,1.5270719577121736,0.14169497389007057,False,False,True,False,True,True,True,False,False,True,0,True,True,False,True,False,True,False
2.3395304143744378,1.6084834273893616,1.3545530383472797,False,True,False,False,False,True,True,False,True,True,1,True,False,True,True,True,True,False
0.31541040922560803,0.9571916699718578,-0.4058332905023768,False,False,False,True,True,False,False,False,True,False,0,False,False,True,False,False,False,True
-0.520796168826343,-0.8338606629262776,1.0144218438004564,False,True,False,False,False,False,False,False,True,False,0,False,False,True,True,True,False,True
-0.9793476114860044,-1.2816237461508113,0.19312944721178524,False,True,False,False,False,False,False,False,False,False,0,False,False,False,False,False,False,True
0.9773990511923873,0.346605647392948,1.6449089361311533,False,True,False,False,True,True,False,True,False,True,0,True,False,True,True,True,False,False
-0.9842650532303439,-1.2816237461508113,-0.1785261019515731,False,False,False,True,False,True,False,True,False,False,0,False,True,False,False,True,False,True
-0.9029296886643707,-0.7931549280876836,-1.5025489958460367,True,False,False,False,False,False,False,False,True,False,0,False,False,False,False,False,False,False
-0.10129887287730699,-0.2639803751859618,0.6245153524906832,True,True,False,True,False,True,True,False,False,False,0,True,True,False,True,False,False,False
-0.4553546784697532,-0.6710377235719016,0.48348534499565887,False,True,False,False,False,True,False,True,True,False,0,True,True,False,False,False,True,False
-0.9273851801964881,-1.2002122764736234,-0.34112540471054226,False,False,False,True,False,False,False,False,False,False,0,False,False,False,False,True,False,True
0.7673101338114529,1.0386031396490458,0.17156015194784016,False,False,True,True,False,False,False,True,False,True,0,False,False,True,True,False,False,False
1.7786566682756397,1.6084834273893616,0.8020472442785371,False,False,True,False,True,False,True,True,False,True,1,True,False,True,True,True,True,False
-0.4665725924490277,0.9571916699718578,-1.4511145225243218,False,False,False,True,False,True,False,False,True,False,0,False,True,False,False,False,False,True
-0.9798305745144662,-1.2816237461508113,0.1566275629189556,True,True,False,True,False,True,False,False,False,False,0,False,False,False,False,False,False,False
-0.19494979466905893,0.020959768684196134,-0.3709905827683121,False,False,False,False,False,True,True,True,True,True,0,False,False,False,False,False,True,False
-0.4567596618252788,-0.7931549280876836,0.9580098408024466,False,True,False,True,True,False,True,False,False,True,1,True,False,False,False,True,True,False
1.1582028467565855,0.9978974048104517,0.7290434756928779,True,True,False,True,False,True,False,False,True,False,0,True,False,False,True,False,False,False
-0.37902456710784005,-0.5896262538947137,0.3275227484717495,True,True,False,False,True,False,True,False,False,False,0,False,False,False,False,False,False,False
0.8658784973475444,0.387311382231542,1.2218189136460804,True,True,False,True,False,True,False,False,False,True,0,True,False,False,True,True,False,False
0.013931715140720797,-0.019745966154397852,0.2611556861211498,False,False,False,True,True,True,True,True,True,False,0,True,False,False,True,False,True,False
-0.7312143791812288,0.06166550352279012,-1.464387934994442,False,False,False,True,False,False,True,False,False,False,0,False,True,False,False,False,False,True
1.985452655917061,1.2828375486806096,1.3379612727596297,True,True,True,True,False,True,True,True,False,True,0,True,False,False,True,True,False,False
-0.6425028519987465,-0.8745663977648716,0.38393475146975936,True,True,False,False,False,True,False,False,False,False,0,True,False,False,False,False,False,False
1.1178534810150855,0.6722515261016999,1.1919537355883103,False,True,False,False,True,True,True,False,False,False,0,True,False,False,True,True,False,True
-0.176092283694114,-0.38609757970174374,0.6261745290494481,True,True,False,False,False,False,True,True,False,True,0,False,True,True,False,False,False,False
0.6615192777133628,0.9571916699718578,0.12676238486118555,False,False,False,False,True,True,True,False,True,False,0,True,True,True,False,True,False,False
-0.8078737835170934,-0.30468611002455576,-1.5224591145512167,False,False,False,False,False,False,False,False,False,False,0,False,False,False,False,False,False,True
-0.8473450346613901,-0.9966836022806536,-0.7160993069914304,False,False,False,True,False,True,True,False,False,True,1,False,False,True,False,True,False,True
-0.011599466772970647,0.06166550352279012,-0.07565715530814353,True,False,False,False,True,False,True,True,False,True,0,True,False,False,False,False,False,False
-0.9296024195544267,-1.0780950719578415,-1.2802193369715278,False,False,False,True,False,False,False,False,False,False,0,True,True,False,False,False,False,True
0.07410451791408967,-0.38609757970174374,1.29814103534927,False,True,False,True,False,True,False,True,False,False,0,True,False,True,True,True,False,True
-0.5373266761186988,-0.06045170099299184,-0.9799083798350643,False,False,False,True,True,False,True,True,False,False,0,False,True,False,False,False,False,False
-0.820628398041474,-0.8338606629262776,-0.9765900267175343,False,False,False,True,False,False,True,True,False,True,0,False,True,False,False,False,False,True
-0.86997843840431,-1.1595065416350294,0.505054640259604,True,True,False,False,True,True,False,False,False,False,0,True,False,False,False,False,False,False
1.718483865502271,1.2421318138420157,1.1819986762357204,True,True,False,False,True,True,True,False,False,True,0,True,True,True,True,False,False,False
-0.99337549217633,-1.2409180113122174,-1.5025489958460367,False,False,False,True,False,True,False,False,False,False,0,False,False,False,False,False,False,True
-0.3514078630257903,1.5677776925507676,-1.4743429943470319,False,False,True,False,False,False,True,False,False,False,0,False,True,False,False,False,False,False
0.4562819434819777,0.18378270803857208,0.7920921849259474,True,True,False,False,False,True,True,False,False,True,0,True,True,False,True,False,False,False
-0.990587478330209,-1.2816237461508113,-0.6563689508758908,True,False,False,False,False,False,False,False,False,False,0,False,False,False,False,False,False,False
-0.9482184490151407,-1.2409180113122174,0.17156015194784016,True,True,False,True,False,False,True,False,False,False,1,False,False,False,False,False,False,False
-0.7572285241233822,-1.0373893371192475,0.5365789948761385,True,True,False,False,False,True,True,False,False,False,0,False,False,False,True,False,False,False
1.1984863539032955,1.4863662228735797,0.3042942766490395,False,False,True,True,True,False,False,True,False,False,1,True,False,True,False,True,True,False
-0.3557984360118078,-0.5489205190561197,0.44200593102653407,True,True,False,True,False,True,False,False,False,True,0,False,False,True,False,False,False,False
-0.16107652408193435,-0.5489205190561197,1.3827590398462843,True,True,False,False,True,True,False,True,False,False,0,False,False,True,True,True,False,False
1.7249599606566468,1.6084834273893616,0.7356801819279375,False,False,True,True,True,True,True,True,False,True,0,True,False,True,True,True,False,False
0.2774319528965572,-0.1418631706701798,1.1172907904438856,False,True,False,False,False,True,False,False,False,False,0,True,False,True,True,True,True,False
-0.9546067327097961,-1.2002122764736234,-0.6613464805521857,True,False,False,False,False,False,False,False,False,False,1,False,False,False,False,False,False,False
-0.7550112847654433,-0.8745663977648716,-0.4622452935003867,False,False,False,False,True,False,True,False,False,False,0,False,True,False,False,False,False,False
-0.18294157755230117,0.020959768684196134,-0.18184445506910288,False,False,False,False,True,True,False,False,False,True,1,False,False,True,True,True,False,False
2.005781008842322,1.6084834273893616,1.0874256123861161,False,True,True,False,False,True,True,False,False,True,0,True,False,False,True,True,True,False
-0.9690736706987235,-1.1188008067964355,-1.4892755833759168,False,False,False,True,False,False,False,False,False,False,1,False,False,False,False,False,False,False
0.15361779469086545,1.0386031396490458,-0.6513914211995958,True,False,False,True,False,True,True,False,False,True,1,False,False,True,False,True,False,False
2.223377806029346,1.5677776925507676,1.3014593884668002,False,True,True,True,False,True,True,True,False,True,0,True,False,False,True,True,True,False
-0.8265337187076675,-0.9559778674420595,-0.6480730680820658,True,False,False,True,False,True,False,False,False,False,0,False,False,False,True,True,False,False
-0.9884141447021304,-1.2816237461508113,-0.49211047155815646,True,False,False,False,False,True,False,False,False,False,0,True,False,False,False,False,False,False
-0.9590192585607435,-1.2409180113122174,-0.35108046406313215,False,False,False,False,False,True,False,True,False,False,0,True,False,False,False,False,False,True
-0.7041025909925711,0.18378270803857208,-1.4793205240233267,False,False,False,True,False,False,True,False,False,False,0,False,False,False,False,False,False,False
-0.8680465862904623,-1.0780950719578415,-0.3195561094465974,False,False,False,True,False,True,True,False,False,True,0,False,True,True,False,False,False,True
-0.3257230110575883,-0.3453918448631497,0.045462733481700844,False,False,False,False,True,False,True,False,False,True,0,True,False,True,False,False,False,True
1.0686132049768997,0.8757802002946699,0.7356801819279375,False,False,True,True,True,False,False,True,False,False,0,True,False,True,True,True,False,False
-0.806051695727896,-0.38609757970174374,-1.497571466169742,False,False,False,True,False,False,False,False,True,False,0,False,True,False,False,False,False,True
-0.38578604950630685,-0.5896262538947137,0.4519609903791239,True,True,False,True,False,False,True,False,False,False,1,False,False,False,False,True,False,False
1.0733769766667287,1.6084834273893616,-0.007630916398778715,True,False,True,True,True,True,True,True,False,True,0,False,False,True,True,True,False,False
0.943284299091032,0.8350744654560759,0.6527213539896879,True,False,False,False,False,True,False,True,True,True,0,True,True,True,True,True,False,False
-0.19962575489916745,-0.3453918448631497,0.4536201669378888,False,False,True,False,True,False,True,False,False,False,0,True,True,True,True,True,True,False
1.1077990688771053,0.9571916699718578,0.6875640617237531,False,False,True,True,True,True,True,True,False,True,1,False,False,True,True,True,False,False
0.013163364868167745,-0.38609757970174374,1.1587702044130104,True,True,False,True,True,True,True,True,False,False,0,False,True,False,True,True,False,False
-0.2142463629426056,1.5677776925507676,-1.3100845150292975,False,False,True,False,False,False,True,False,False,False,0,True,True,False,False,False,False,False
-0.9905216197354186,-1.2816237461508113,-0.6513914211995958,False,False,False,True,False,True,False,False,False,False,0,False,False,False,True,True,False,True
-0.2672625317487662,-0.4268033145403377,0.31424933600162985,False,True,False,False,False,True,False,False,False,False,1,True,False,False,False,False,False,False
-0.460337978808883,0.9978974048104517,-1.472683817788267,False,False,True,True,False,False,False,False,False,False,0,False,False,False,False,False,True,False
0.7701859591172944,1.4863662228735797,-0.1552976301288631,False,False,True,True,True,False,True,True,False,False,0,False,False,True,True,True,False,False
1.5894010197133583,0.9978974048104517,1.313073624378155,False,True,False,False,False,True,True,False,False,True,0,True,False,True,True,True,True,False
0.25403019888108436,0.590840056424512,0.0023241429538111433,False,False,True,False,True,True,False,True,False,False,0,True,False,True,False,False,False,True
-0.8839404604998454,-0.7117434584104956,-1.4909347599346818,True,False,False,True,False,True,True,False,False,False,0,False,True,False,False,False,False,False
-0.6037560453971426,-0.1418631706701798,-1.1192792107713234,True,False,False,False,False,True,False,True,False,False,0,False,False,False,False,False,False,False
-0.7100737702535549,-0.2639803751859618,-1.2918335728828827,False,False,False,False,False,False,True,False,True,False,0,True,False,False,False,False,False,True
-0.7300508773399342,-0.06045170099299184,-1.4760021709057967,False,False,True,True,False,False,False,False,False,False,0,False,False,False,False,False,False,True
-0.6265870249244333,-0.8745663977648716,0.450301813820359,True,True,False,True,False,True,False,False,False,False,1,False,False,False,False,True,False,False
0.470704975741045,0.387311382231542,0.44864263726159415,False,False,True,False,False,True,False,True,False,False,0,True,False,True,True,True,True,False
0.5807107819057118,1.4049547531963917,-0.3560579937394271,False,False,True,False,True,False,True,True,False,True,0,False,True,True,True,False,True,False
0.425416215390275,0.020959768684196134,1.1836578527944854,False,True,False,True,False,True,True,False,False,True,1,True,False,False,True,True,False,False
-0.9401397947208686,-0.9966836022806536,-1.497571466169742,True,False,False,False,False,False,True,False,True,False,0,False,True,False,False,False,False,False
-0.8365003193859271,-1.1595065416350294,1.0127626672416914,True,True,False,False,False,True,False,False,False,False,1,True,False,False,True,True,False,False
0.65326500049965,1.3642490183577978,-0.27641751891870747,False,False,True,True,True,True,True,True,False,True,0,False,False,True,True,False,False,False
1.2395821170524188,0.9571916699718578,0.9795791360663916,True,True,False,True,False,True,False,True,False,True,0,True,False,False,False,True,False,False
-0.8472352703367396,-1.1188008067964355,0.5332606417586087,True,True,False,False,False,True,True,False,False,True,1,True,False,False,False,False,False,False
-0.6166204242461737,-0.8745663977648716,0.5166688761709587,False,True,False,True,False,True,True,False,False,True,0,True,False,False,False,False,False,False
-0.8949168929648891,-1.0780950719578415,-0.6812565992573657,True,False,False,False,False,True,False,False,False,False,1,False,False,False,True,True,False,False
-0.679142183567062,0.14307697319997809,-1.5091857020810966,False,False,True,True,False,False,True,False,False,False,0,False,True,False,False,False,True,False
-0.9750448499597072,-1.2816237461508113,0.5183280527297236,True,True,False,True,False,True,True,False,False,False,0,False,False,False,True,False,False,False
0.3650458368325353,0.30589991255435406,0.5266239355235486,True,True,False,True,False,False,True,False,True,True,0,False,False,True,False,False,False,False
1.8886405215753765,1.5270719577121736,0.9978300782128064,False,True,False,True,False,True,True,False,True,True,0,True,False,True,True,False,False,False
0.6159231772535717,0.46872285190873,0.6742906492536329,False,False,False,True,False,True,False,True,True,True,0,True,False,True,True,True,False,False
-0.8393541918268383,-1.1188008067964355,0.5332606417586087,False,True,False,False,False,True,False,False,False,False,0,False,False,False,True,False,True,False
-0.887101673049778,-0.6303319887333076,-1.5058673489635668,False,False,False,False,False,False,False,False,True,False,0,False,False,False,False,False,False,True
-0.18748582059282928,1.6084834273893616,-1.3316538102932427,False,False,True,True,False,False,True,False,False,False,0,True,False,False,False,False,True,False
-0.40398497453334914,-0.3453918448631497,-0.28471340171253245,False,False,False,False,True,False,False,True,False,False,0,False,False,False,False,False,True,False
0.8979077272805416,0.346605647392948,1.319710330613215,True,True,False,True,False,True,False,False,False,True,0,True,False,True,True,True,False,False
0.555574751560762,0.8757802002946699,0.02389343821775623,False,False,True,True,True,True,True,True,False,True,0,True,True,False,False,False,True,False
-0.9783158268342903,-1.1595065416350294,-1.3548822821159523,False,False,False,True,False,False,True,False,True,False,0,True,True,False,False,False,True,False
-0.8426032158364912,-0.7931549280876836,-1.1541219185053884,True,False,False,False,False,False,False,False,False,True,0,False,True,False,False,False,False,False
-0.13754305287688093,1.6084834273893616,-1.2835376900890578,False,False,True,False,False,True,True,False,False,False,0,True,True,False,False,False,False,False
-0.8997684761144383,-0.7931549280876836,-1.4959122896109767,False,False,False,True,False,True,True,False,False,False,0,False,True,False,False,False,False,True
-1.0013443821459518,-1.2816237461508113,-1.469365464670737,False,False,False,False,False,True,True,False,False,False,0,False,False,False,False,False,False,True
1.5435853906042662,1.2421318138420157,0.8335715988950722,False,True,False,False,False,True,False,True,True,False,0,False,False,True,True,False,True,False
-0.04437509411359086,-0.4675090493789317,1.309755271260625,False,True,False,False,True,True,True,False,False,False,0,True,False,True,True,True,False,False
2.468130297134888,1.6084834273893616,1.5254482239000742,False,True,True,True,False,False,True,True,False,True,0,True,True,True,True,True,True,False
-0.5788395437014936,0.631545791263106,-1.4859572302583868,False,False,True,True,False,False,False,False,False,False,0,False,False,False,False,False,True,False
-0.39081325557529684,1.5270719577121736,-1.4859572302583868,False,False,True,False,False,True,True,False,False,False,0,False,True,False,False,False,True,False
2.2645394277732596,1.6084834273893616,1.1936129121470758,False,True,True,True,False,True,False,False,False,True,0,True,False,True,True,True,False,False
-0.530345665070931,-0.5489205190561197,-0.2896909313888274,True,False,False,False,False,True,False,False,False,False,0,False,False,False,False,True,False,False
0.31953754783246446,0.1023712383613841,0.7141108866639929,True,True,False,False,False,True,False,False,False,False,0,True,False,False,True,False,False,False
1.8104005109645458,1.4456604880349857,0.888324425334317,True,False,True,False,True,True,True,True,False,True,0,True,False,True,True,True,False,False
-0.8751373616628805,-1.1595065416350294,0.7008374741938728,True,True,False,True,False,False,False,False,False,False,0,False,False,True,False,True,False,False
0.7344686478760426,0.46872285190873,0.8534817176002523,False,True,False,True,False,True,True,False,True,False,0,False,False,False,True,True,False,False
0.3187911504248416,1.1200146093262338,-0.4688819997354467,True,False,False,False,False,True,False,False,False,True,0,False,False,False,True,True,False,False
-0.7549454261706532,-0.22327464034736777,-1.4710246412295018,False,False,True,True,False,False,False,False,False,False,0,False,True,False,False,False,False,True
0.08510290324406343,0.1023712383613841,0.23792721429843983,False,False,False,True,False,True,False,True,True,False,0,False,True,False,True,True,False,True
2.09341684564323,1.5270719577121736,1.2218189136460804,True,True,False,False,False,True,True,False,True,False,0,True,False,True,True,True,False,False
-0.94551824662874,-1.2409180113122174,0.13505826765501053,False,False,False,False,False,False,True,False,False,False,0,False,False,True,True,True,True,False
-0.9468354185245451,-1.2409180113122174,0.3258635719129846,True,True,False,True,False,True,False,False,False,True,0,False,False,False,False,False,False,False
2.6555858107729033,1.6084834273893616,1.6664782313950985,True,True,True,False,True,False,True,True,False,True,0,True,False,True,True,True,False,False
1.7529059577126476,1.5677776925507676,0.866755130070372,False,False,True,False,True,False,True,True,False,True,0,True,True,True,True,True,False,True
2.1214945598888115,1.3642490183577978,1.3296653899658049,False,True,False,True,False,True,True,False,False,True,0,True,False,True,True,True,True,False
1.5533763683630852,0.7943687306174818,1.4325343366092342,False,True,False,False,True,False,False,False,False,True,1,True,False,True,True,True,True,False
0.4664900256744683,0.8350744654560759,0.0023241429538111433,False,False,False,True,False,False,True,True,False,True,0,False,True,False,True,False,True,False
1.288032089953121,1.3642490183577978,0.4950995809070136,False,False,True,True,False,False,True,False,False,True,0,True,True,True,True,True,False,False
-0.46191858508384925,-0.38609757970174374,-0.34942128750436724,True,False,False,False,True,False,False,False,False,False,0,True,False,False,False,False,False,False
-0.8929191822562511,-1.2002122764736234,0.4751894622018339,True,True,False,True,False,False,False,False,False,False,0,False,False,False,True,False,False,False
-0.2741337784718834,-0.38609757970174374,0.47187110908430413,True,True,False,False,False,True,False,False,False,True,0,True,False,False,False,False,False,False
0.3056413843317192,1.0793088744876398,-0.4871329418818615,True,False,False,True,False,True,True,False,False,True,1,False,False,False,True,True,False,False
1.7278796916923482,1.1200146093262338,1.32800621340704,False,True,False,False,True,True,False,True,False,False,0,False,False,True,True,True,False,False
1.8851719689164228,1.3642490183577978,1.266616680732735,False,True,False,False,True,True,False,True,False,True,0,True,False,True,False,True,False,False
-0.5669630437743165,-0.7117434584104956,0.02223426165899086,False,False,False,False,True,False,False,True,True,True,0,False,True,True,False,False,True,False
1.3827587021264474,1.1200146093262338,0.8285940692187774,False,True,False,True,False,True,False,False,False,True,0,True,False,False,True,False,False,False
1.1428138884405943,0.5501343215859179,1.309755271260625,False,True,True,False,False,True,False,True,False,True,0,False,False,True,True,True,False,False
0.7532163945263369,0.5094285867473239,0.8086839505135972,False,True,False,False,False,True,False,False,False,True,0,True,False,False,True,False,True,False
0.03243798027678414,0.46872285190873,-0.3610355234157222,False,False,True,True,True,True,True,True,False,True,0,False,True,True,False,True,True,False
0.9175994471228299,0.5501343215859179,1.1571110278542456,True,True,False,False,False,True,False,False,False,True,0,False,True,True,True,True,False,False
-0.8595508275625187,-0.7931549280876836,-1.3416088696458326,False,False,False,True,False,False,True,False,True,False,0,True,True,False,False,False,False,False
2.35531452425917,1.4863662228735797,1.6399314064548582,False,True,True,True,True,True,True,True,False,True,0,True,True,True,True,True,False,False
-0.977745052346108,-1.2816237461508113,0.31424933600162985,True,True,False,True,False,True,False,False,False,False,1,True,False,False,False,False,False,False
-0.7202379467161852,-1.0373893371192475,1.0094443141241611,True,True,False,False,False,True,False,False,False,False,0,False,False,True,True,True,False,False
0.8098767389108918,1.5677776925507676,-0.2216646924794628,False,False,True,False,False,False,True,True,False,True,0,False,False,True,True,True,False,False
-0.78185963857494,-0.22327464034736777,-1.5058673489635668,False,False,True,True,False,False,True,False,False,False,0,False,False,False,False,False,False,False
1.1275127415843238,1.2828375486806096,0.32254521879545484,False,False,False,False,False,False,False,True,False,True,1,True,False,True,False,True,True,False
1.4277840280980563,1.4863662228735797,0.5498524073462585,False,False,True,True,True,True,False,True,False,True,0,True,False,True,False,True,True,False
-1.0015419579303226,-1.2816237461508113,-1.4842980536996218,False,False,False,True,False,False,False,False,False,False,0,False,False,False,False,False,False,False
0.04554384064004635,0.020959768684196134,0.29765757041397994,False,False,False,True,False,True,True,True,True,False,0,False,True,True,True,True,False,True
-0.9951756271005974,-1.2816237461508113,-1.003136851657774,True,False,False,False,False,True,False,False,False,False,0,False,False,False,True,False,False,False
-0.05675650993415996,-0.5082147842175256,1.3976916288751695,True,True,False,True,False,False,True,True,False,True,1,True,False,False,True,True,False,False
-0.40242632112331295,-0.8338606629262776,1.5934744628094386,False,True,False,True,False,True,False,True,False,True,0,True,False,True,True,True,False,True
-0.7060124902414888,-0.9152721326034655,0.2860433345026247,False,False,False,False,True,False,False,True,True,False,0,True,True,True,False,True,True,False
1.123561225896908,0.46872285190873,1.488946339607244,False,True,False,False,True,True,False,False,True,True,1,True,False,True,True,True,True,False
-0.8392005217723277,-0.7931549280876836,-1.1043466217424387,True,False,False,False,False,True,False,False,False,True,0,False,False,False,False,False,False,False
-0.5157031041625629,0.9571916699718578,-1.4925939364934466,False,False,False,True,False,False,True,False,True,False,0,False,False,False,False,False,True,False
-0.9236092874285131,-1.2409180113122174,1.026036079711811,True,True,False,True,False,True,False,False,False,False,0,False,False,True,True,True,False,False
-0.30434092061568335,-0.6303319887333076,0.9712832532725666,True,True,False,False,False,True,False,False,False,False,1,True,False,False,True,True,False,False
-0.5154396697834018,-0.4268033145403377,-0.3477621109456021,True,False,False,True,True,True,False,False,False,False,0,True,False,False,False,False,False,False
1.4936426228883177,0.7536629957788878,1.5453583426052537,True,True,False,False,False,True,False,True,True,True,0,True,False,True,True,True,False,False
-0.8630413330864024,-1.0780950719578415,-0.3062826969764773,False,False,False,True,True,True,False,False,False,True,0,False,False,False,False,False,False,False
-0.9684370376157511,-1.2816237461508113,1.0177401969179862,True,True,False,False,True,True,False,False,False,False,0,False,False,False,True,True,False,False
-0.6949262934517947,-0.9559778674420595,0.4851445215544238,True,True,False,True,False,True,False,False,False,False,1,False,False,False,False,True,False,False
0.2841934352950241,-0.1418631706701798,1.2118638542934905,False,True,False,True,False,True,False,False,False,True,1,False,False,True,True,True,False,False
-0.9903899025458383,-1.2816237461508113,-0.6414363618470058,True,False,False,True,False,True,False,False,False,False,0,False,False,False,False,False,False,False
0.31736421420438593,0.6722515261016999,-0.10552233336591335,False,False,False,False,True,False,True,True,False,False,0,False,True,True,False,False,False,False
-0.848332913583244,-0.9966836022806536,-0.6729607164635407,False,False,False,True,False,False,True,False,False,False,0,False,True,False,False,False,False,False
-0.6927968655535762,-0.9559778674420595,0.4851445215544238,True,True,False,False,False,True,False,False,False,False,0,False,False,False,False,True,False,False
0.4556233575340751,0.346605647392948,0.7058150038701679,False,True,False,False,False,True,True,True,True,True,0,False,False,True,False,False,False,False
-0.8839404604998454,-1.0780950719578415,-0.4688819997354467,False,False,False,False,False,True,False,True,False,False,0,False,False,False,False,False,False,False
0.5118007388901682,0.020959768684196134,1.2865267994379153,False,True,False,False,True,True,True,False,True,False,0,True,True,True,True,True,False,True
-0.677627435886886,0.26519417771576004,-1.4992306427285067,False,False,True,False,False,False,True,False,False,False,0,False,True,False,False,False,False,True
-0.9882165689177596,-1.2816237461508113,-0.4771778825292717,False,False,False,False,False,False,False,False,False,False,1,True,False,False,False,False,False,True
-0.6014070888496234,-0.7931549280876836,0.2794066282675646,False,False,False,True,False,False,False,True,False,True,0,False,False,False,True,True,False,True
-0.0958765152395755,-0.4268033145403377,1.0542420812108162,True,True,False,True,False,True,False,False,False,False,1,True,False,False,True,True,False,False
1.364779305748706,0.9164859351332638,1.1687252637656007,True,True,False,False,False,True,False,False,True,False,1,True,False,True,True,True,False,False
-0.9083959520319627,-1.2002122764736234,0.5166688761709587,True,True,False,False,False,True,False,False,False,False,0,False,False,False,True,False,False,False
0.024337373117582047,0.7536629957788878,-0.5667734167025811,False,False,False,True,False,False,False,True,True,False,0,False,True,False,False,False,True,False
0.21484433498087874,0.7943687306174818,-0.3709905827683121,True,False,False,True,True,False,False,False,True,False,0,False,False,True,False,False,False,False
-0.4892279490568777,-0.10115743583158582,-0.8156499005173299,False,False,False,False,False,True,False,True,True,False,0,False,False,False,False,True,True,False
-0.5683241213999818,0.30589991255435406,-1.3167212212643575,False,False,True,True,False,False,True,False,False,False,0,True,True,False,False,False,True,False
-0.5102368407949711,-0.7524491932490895,0.6709722961361032,True,True,False,True,False,True,True,False,False,False,0,True,False,False,False,True,False,False
-0.20171127706752573,0.346605647392948,-0.6547097743171256,False,False,False,False,False,False,False,False,False,False,0,False,True,False,False,False,False,False
-0.17056016173173208,0.428017117070136,-0.8123315473998,True,False,False,True,True,True,False,False,False,True,0,False,True,True,False,False,False,False
1.7627627940662567,1.6084834273893616,0.6709722961361032,False,False,True,True,False,True,True,True,False,True,0,True,False,True,True,True,False,False
-0.4015262536611794,-0.1825689055087738,-0.4688819997354467,False,False,False,True,True,False,True,True,True,False,0,False,True,True,True,False,False,True
1.5127416153774937,1.4456604880349857,0.6460846477546283,False,True,True,False,False,True,True,False,False,True,0,True,True,True,False,False,True,False
1.9931581115075216,1.2014260790034217,1.522129870782544,True,True,False,False,False,True,True,True,True,True,0,True,True,True,True,True,False,False
-0.9909167713041603,-1.2816237461508113,-0.6812565992573657,True,False,False,True,False,True,False,False,False,False,0,False,True,False,False,False,False,False
1.6789906614930439,1.2014260790034217,1.0559012577695812,True,True,False,True,False,True,False,False,True,False,0,True,False,True,True,True,False,False
-0.6088491100609229,0.26519417771576004,-1.3515639289984223,False,False,False,False,False,True,True,False,True,False,0,True,True,False,False,False,False,True
-0.9793695643509346,-1.2816237461508113,0.19147027065302033,False,True,False,False,False,True,False,False,False,False,0,False,False,False,False,False,False,True
-0.9398105017469173,-1.2409180113122174,0.38061639835222955,True,False,False,False,False,False,False,True,False,False,0,False,False,True,True,True,False,False
1.8809350659849162,1.5677776925507676,0.9546914876849167,False,True,True,False,False,True,True,False,False,False,0,True,False,False,True,True,False,False
-0.9439815460836338,-1.2002122764736234,-0.47385952941174164,False,False,False,False,False,True,False,False,False,False,0,True,False,False,False,False,False,True
0.8244534412244701,0.7129572609402939,0.5830359385215584,False,False,False,False,True,True,False,True,True,False,0,True,False,True,True,True,True,False
-0.25744960112501714,-0.4675090493789317,0.5299422886410788,False,False,False,False,True,False,True,True,True,False,0,False,False,True,True,True,False,True
-0.7669755961523409,-0.9966836022806536,0.01725673198269617,True,False,False,False,False,True,False,True,False,True,0,False,False,False,True,False,False,False
-0.37307534071178644,-0.6303319887333076,0.680927355488693,True,True,False,False,False,True,True,False,False,False,0,True,True,False,False,True,False,False
-0.4948039767491199,0.5094285867473239,-1.3349721634107725,False,False,False,True,False,False,True,False,True,False,1,True,False,False,False,False,True,False
-0.9113595887975244,-1.1595065416350294,-0.4655636466179167,True,False,False,True,False,True,True,False,False,False,0,True,True,False,False,False,False,False
0.5358171731236835,1.4049547531963917,-0.46390447005915153,False,False,True,True,True,True,True,True,False,True,0,False,False,False,False,True,False,False
-0.9492282808019248,-1.2002122764736234,-1.018069440686659,False,False,False,False,True,False,False,True,False,False,0,False,False,False,False,False,False,True
1.4935328585636674,1.1607203441648277,0.9762607829488613,False,True,True,False,False,True,True,True,False,True,0,True,False,False,False,True,False,False
1.4340625474680613,1.2828375486806096,0.5415565245524336,True,False,False,True,True,False,False,True,True,True,0,True,False,True,True,False,False,False
-0.824909206702841,-0.4268033145403377,-1.5042081724048018,False,False,False,True,False,False,False,False,True,False,0,False,False,False,False,False,False,True
-0.9056957496455619,-1.1595065416350294,-0.29964599074141746,True,False,False,True,False,True,False,False,False,False,0,False,False,False,False,True,False,False
0.7807452871486664,0.7943687306174818,0.5282831120823135,True,False,False,True,False,True,True,False,True,True,1,True,True,True,True,True,False,False
1.2157852114682042,0.6722515261016999,1.2151822074110203,False,True,False,False,True,False,False,False,False,False,1,True,False,False,True,True,True,False
1.5002065295024138,0.8350744654560759,1.4607403381082393,False,True,False,False,False,True,True,True,True,True,0,True,False,True,True,True,False,False
-0.8656317711481527,-0.6303319887333076,-1.4942531130522119,False,False,False,True,False,False,True,False,True,False,0,False,True,False,False,False,False,False
0.9895828912285857,1.3235432835192036,0.1997661534468453,False,True,False,True,False,True,True,False,True,False,1,False,False,False,False,False,False,False
0.5854745535955408,0.06166550352279012,1.3329837430833347,True,True,False,False,False,True,False,True,False,True,0,False,False,True,True,True,False,False
-0.8876724475379603,-1.2002122764736234,0.9845566657426863,True,True,False,True,False,True,True,False,False,False,1,True,False,False,True,True,False,False
-0.9319074703720859,-0.9559778674420595,-1.4959122896109767,False,False,False,True,False,False,False,False,False,False,0,False,False,False,False,False,False,True
0.42286968305838485,1.5270719577121736,-0.6530505977583607,True,False,False,True,False,True,False,False,True,False,1,False,False,False,True,True,False,False
2.711258276235604,1.6084834273893616,1.6880475266590431,False,True,True,False,True,True,True,True,False,True,0,True,True,True,True,True,False,False
0.06462088026429204,0.30589991255435406,-0.1536384535700982,False,False,False,True,False,False,True,True,True,True,0,False,True,True,True,True,False,True
0.8771842227865393,1.0386031396490458,0.20474368312314,False,False,False,False,True,True,False,True,True,True,0,True,False,True,False,False,True,False
-0.9701493610802979,-1.2002122764736234,-1.1690545075342733,False,False,False,False,True,False,True,False,False,False,0,False,True,False,False,False,True,False
-0.9881287574580393,-1.2816237461508113,-0.4705411762942116,False,False,False,True,True,True,False,False,False,False,0,False,False,False,False,False,False,True
-0.4637626257379766,0.631545791263106,-1.2818785135302928,False,False,True,True,False,False,True,False,False,False,0,True,True,False,False,False,False,False
0.0931596046734054,-0.30468611002455576,1.1405192622665956,False,True,True,True,False,False,False,True,False,False,0,False,False,True,True,True,False,False
1.3136071775966727,0.6722515261016999,1.4275568069329394,False,True,True,False,False,True,True,True,False,True,0,True,True,True,True,True,False,False
-0.7295679143114723,-0.9559778674420595,0.3092718063253347,False,True,False,False,True,True,False,False,False,False,0,False,False,False,False,False,True,False
-0.27744866107632654,-0.7117434584104956,1.2218189136460804,True,True,False,False,True,False,True,False,False,False,0,False,False,True,True,True,False,False
1.0963616262485298,1.3642490183577978,0.32088604223668943,False,False,True,True,True,True,False,False,False,True,0,True,False,True,False,True,True,False
1.7228963913532183,1.0386031396490458,1.336302096200865,False,True,False,False,False,True,True,False,True,True,0,True,True,True,True,True,True,False
0.38287156315576604,0.428017117070136,0.23129050806338025,False,False,False,True,True,True,True,True,True,False,0,True,True,False,False,True,True,False
0.2664555204315136,0.428017117070136,-0.0026533867224840216,False,False,False,False,False,True,True,True,True,False,0,True,False,False,True,False,False,False
0.5460911139109643,0.590840056424512,0.3490920437356946,False,True,False,False,True,False,False,False,False,False,0,False,False,False,False,False,True,False
1.5863495714880758,0.9571916699718578,1.3893957460813444,True,True,False,False,False,True,False,False,True,True,0,True,False,True,True,True,False,False
0.5381441768062728,1.6084834273893616,-0.5319307089685164,False,False,True,True,True,False,True,True,False,False,0,False,True,True,True,False,False,True
-0.47790027075295277,-0.6710377235719016,0.3374778078243394,False,True,False,False,False,False,False,False,False,True,0,False,False,False,False,False,False,False
0.8890607227137165,1.4456604880349857,-0.027541035103958902,False,False,True,False,False,False,True,True,False,True,0,False,False,False,True,False,False,False
-0.8804719078408917,-0.7117434584104956,-1.472683817788267,False,False,False,False,False,False,True,False,True,False,0,False,True,False,False,False,False,True
0.5842451931594559,1.3642490183577978,-0.34112540471054226,False,False,True,True,False,False,True,True,False,False,0,False,True,True,True,True,False,False
-0.912040127610357,-1.2002122764736234,0.5133505230534289,True,True,False,False,False,True,True,False,False,False,1,False,False,False,True,False,False,False
2.5588175821610784,1.6084834273893616,1.4856279864897142,False,True,True,False,True,False,True,False,False,True,0,True,True,True,True,True,True,False
-0.7770080554253908,-0.22327464034736777,-1.4793205240233267,False,False,True,True,False,False,False,False,False,False,0,False,False,False,False,False,True,False
-0.9837820902018819,-1.2002122764736234,-1.5025489958460367,False,False,False,False,False,False,True,False,False,False,0,False,True,False,False,False,False,True
-0.25068811872655034,-0.4268033145403377,0.4785078153193637,True,True,False,True,False,True,False,False,False,True,0,True,False,False,False,False,False,False
0.6543187380162941,1.0386031396490458,0.010620025747636104,False,False,False,False,True,True,True,False,False,True,0,False,False,False,True,False,True,False
-0.2977550611366572,1.6084834273893616,-1.3814291070561924,False,False,False,False,False,True,True,False,True,False,0,True,True,False,False,False,False,False
0.48978201536529065,-0.019745966154397852,1.29814103534927,False,True,False,False,False,True,False,False,True,True,0,True,False,True,True,True,True,False
-0.7499182201016632,-0.9559778674420595,0.02223426165899086,False,False,False,False,False,True,True,True,True,True,0,False,True,False,True,False,False,True
-0.8341294099734776,-0.9966836022806536,-0.2863725782712976,False,False,False,False,False,False,True,True,False,True,0,False,True,False,False,False,False,False
-0.8578824098278319,-1.1188008067964355,0.16824179883031035,False,False,False,True,False,True,False,False,True,False,0,False,False,True,True,True,False,True
-0.6477495867170373,0.26519417771576004,-1.4859572302583868,False,False,True,False,False,False,False,False,False,False,0,False,False,False,False,False,False,True
-0.13185726085998833,-0.3453918448631497,0.4950995809070136,False,True,False,True,False,True,False,False,False,False,0,False,False,False,False,True,True,False
-0.7739785600650387,-0.38609757970174374,-1.3465863993221274,False,False,False,True,False,False,True,False,True,False,0,True,True,False,False,False,False,True
-0.7049367998599145,-0.9966836022806536,0.6726314726948681,True,True,False,False,False,False,False,False,False,False,1,True,False,False,False,True,False,False
0.5821816238560278,0.9164859351332638,-0.024222681986428636,True,False,False,True,False,True,False,True,True,True,0,False,False,False,False,True,False,False
-0.9803354904078583,-1.2816237461508113,0.11846650206736059,True,True,False,True,False,True,True,False,False,False,0,False,True,False,False,False,False,False
-0.4189348755507385,-0.38609757970174374,-0.16359351292268806,False,False,False,False,False,False,True,True,True,False,0,False,False,False,True,False,False,False
-0.8499793784530005,-1.1595065416350294,0.8866652487755522,True,True,False,False,False,True,True,False,False,True,0,True,False,False,True,False,False,False
1.2116141671314875,0.8757802002946699,0.9679649001550363,False,True,False,False,False,True,False,False,True,False,0,False,False,True,True,True,True,False
1.7219743710261548,1.3235432835192036,1.0127626672416914,False,True,False,False,False,True,False,False,False,True,1,True,False,True,True,False,False,False
-0.594294360612275,0.26519417771576004,-1.3167212212643575,False,False,False,True,False,True,True,False,True,False,0,False,True,False,False,False,True,False
1.5011505026944079,0.7536629957788878,1.5470175191640188,True,True,False,True,True,True,True,True,True,False,0,True,False,True,True,True,False,False
-0.541914824889087,-0.6710377235719016,-0.06238374283802364,False,False,False,False,False,True,False,False,False,False,0,True,False,False,False,True,False,False
0.540712662003093,0.18378270803857208,1.0028076078891015,True,True,False,False,False,True,True,False,False,True,0,True,True,True,False,True,False,False
0.9739085456685035,1.0793088744876398,0.38227557491099445,False,False,True,False,True,True,True,True,False,False,0,True,True,True,True,False,False,True
1.2147534268164901,0.631545791263106,1.313073624378155,True,True,False,False,True,True,True,True,False,False,1,False,True,True,True,True,False,False
1.1059111224931177,1.3235432835192036,0.3275227484717495,False,False,True,True,True,True,True,True,False,False,0,False,True,False,True,True,False,False
-0.7761738465580474,-0.3453918448631497,-1.4942531130522119,False,False,False,False,False,False,True,False,True,False,0,False,True,False,False,False,False,True
-0.758172497315376,-0.9966836022806536,0.03716685068787588,False,False,False,False,True,False,False,True,False,False,0,False,False,False,False,True,False,False
-0.30780947327463715,-0.4268033145403377,0.4619160497317138,False,True,False,True,False,True,False,False,False,True,0,True,False,False,False,False,False,True
-0.7412907441841389,-0.9152721326034655,-0.08893056777826343,False,False,False,True,True,False,False,True,False,False,0,False,False,False,True,False,False,False
2.0371736056923466,1.3235432835192036,1.4673770443432994,True,True,False,True,False,True,False,True,False,True,0,True,False,True,True,True,False,False
-0.11256069258644166,-0.38609757970174374,0.8368899520126024,False,True,False,False,False,False,True,False,False,False,0,True,False,True,False,True,False,True
-0.3687506263205592,-0.22327464034736777,-0.38094564212090193,False,False,False,True,True,False,False,True,False,False,0,False,False,False,False,False,False,True
-0.7788740489444482,-0.3453918448631497,-1.4760021709057967,False,False,False,False,False,False,False,False,True,False,0,False,False,False,False,False,True,False
-0.9890727306500331,-1.2816237461508113,-0.5418857683211062,False,False,False,False,True,True,False,False,False,False,0,False,False,False,False,False,True,False
1.7689974077064012,1.2421318138420157,1.1537926747367158,False,True,True,True,True,False,True,False,False,False,0,False,False,True,True,True,True,False
0.6116643214571347,1.1200146093262338,-0.14700174733503815,False,False,True,True,True,False,True,False,False,True,0,False,True,True,False,False,False,False
-0.342999915757567,-0.06045170099299184,-0.5004063543519814,False,False,True,False,True,True,False,True,False,True,0,False,False,False,False,True,False,False
0.6509819025469209,1.6084834273893616,-0.37430893588584213,False,False,True,False,False,False,True,True,False,True,0,False,True,False,True,True,True,False
-0.7960411893197763,-0.4268033145403377,-1.4826388771408567,False,False,False,True,False,False,True,False,True,False,0,False,True,False,False,False,False,False
-0.7936702799073269,-1.0373893371192475,0.0006649663950462456,True,False,False,False,False,True,False,False,False,True,1,False,False,True,True,False,False,False
-0.9422033640242969,-1.1595065416350294,-0.6530505977583607,False,False,False,True,False,False,True,False,False,False,0,False,True,False,False,False,False,True
-0.9512479443754928,-1.1188008067964355,-1.3100845150292975,False,False,False,False,False,False,False,False,False,False,0,True,False,False,False,False,False,True
-0.22724245898121717,-0.38609757970174374,0.4702119325255387,False,True,False,False,False,True,False,True,False,True,0,False,False,False,False,False,False,True
-0.9555287530368598,-0.9966836022806536,-1.5042081724048018,False,False,True,True,False,False,True,False,False,False,0,False,True,False,False,False,True,False
-0.7243650853230417,-0.9559778674420595,0.1367174442137754,True,True,False,False,False,False,False,False,False,False,0,False,False,False,False,False,False,False
0.01085831405050859,-0.38609757970174374,1.0011484313303363,True,True,False,False,True,True,True,False,False,False,1,False,False,False,True,True,False,False
1.2298130921585302,1.6084834273893616,0.16326426915401518,False,False,True,True,True,False,True,True,False,True,0,True,True,True,False,False,False,False
-0.2344429986782858,-0.30468611002455576,0.1997661534468453,False,True,False,True,False,False,False,False,False,False,0,False,False,False,False,False,False,True
-0.8042076550737687,-0.7117434584104956,-1.1524627419466233,False,False,False,True,True,True,True,False,False,False,0,False,True,False,False,False,False,False
-0.8477840919599918,-1.0373893371192475,-0.33448869847548224,False,False,False,True,False,False,False,False,False,False,0,False,False,False,True,False,False,True
-0.9868993970219543,-1.2816237461508113,-0.37762728900337217,False,False,False,False,False,True,False,False,False,False,0,False,False,False,True,False,False,True
-0.7275043450080442,-1.0373893371192475,1.0177401969179862,False,True,False,True,False,True,True,False,False,False,1,True,False,False,True,True,False,False
1.1748650712385216,0.631545791263106,1.1537926747367158,False,True,False,False,True,True,True,False,True,False,0,False,True,True,True,True,False,False
2.279467375925719,1.4863662228735797,1.4541036318731793,False,True,False,False,False,True,True,True,True,True,0,True,True,True,True,True,False,False
1.5337724599805171,0.9571916699718578,1.31473280093692,False,True,False,True,True,True,True,False,True,False,1,True,True,True,True,True,False,False
-0.8958608661568828,-1.2002122764736234,0.49675875746577897,True,True,False,True,False,True,False,False,False,False,1,False,False,False,True,False,False,False
0.1886545671192847,0.30589991255435406,0.08362379433329585,True,False,False,True,True,False,False,False,False,False,0,False,False,True,False,True,False,False
-0.9557702345510908,-1.0780950719578415,-1.5058673489635668,False,False,True,False,False,False,False,False,False,False,0,False,False,False,False,False,False,True
1.8120250229693722,1.1607203441648277,1.3827590398462843,True,True,True,False,False,True,False,True,False,False,0,True,False,True,True,True,False,False
-0.9726300348173976,-1.2816237461508113,0.7008374741938728,True,True,False,True,False,True,True,False,False,False,1,True,False,False,True,False,False,False
-0.36163789808321095,-0.22327464034736777,-0.31457857977030224,False,False,False,True,True,False,False,False,True,True,0,False,False,False,False,False,False,False
0.5589993984898556,0.428017117070136,0.7141108866639929,False,False,True,False,True,False,True,True,False,True,0,True,False,False,True,True,True,False
-0.4948039767491199,-0.5082147842175256,-0.11049986304220827,False,False,False,False,False,True,False,False,False,False,1,True,False,False,False,True,False,True
-0.316832100760903,-0.6303319887333076,0.9181896033920867,True,True,False,False,False,False,True,False,False,False,0,True,False,False,True,True,False,False
-0.8194209904703191,-1.0780950719578415,0.13837662077254032,True,True,False,True,False,True,False,False,False,False,0,False,False,False,False,False,False,False
-0.39939682576296087,0.346605647392948,-0.9782492032762992,False,False,False,False,False,False,True,True,True,True,0,False,False,False,False,False,False,True
-0.9753302372037984,-1.2816237461508113,0.49675875746577897,True,True,False,True,False,False,False,False,False,False,0,False,False,False,False,True,False,False
-0.9798525273793964,-1.2816237461508113,0.15496838636019022,True,True,False,False,False,True,False,False,False,False,0,False,False,False,False,False,False,False
-0.8647097508210891,-0.7931549280876836,-1.3200395743818876,False,False,False,True,False,True,False,False,False,False,0,False,False,False,False,False,False,False
1.372287185554796,0.7943687306174818,1.3296653899658049,False,True,False,True,False,True,False,True,True,True,0,False,False,True,True,True,False,False
-0.902951641529301,-1.1188008067964355,-0.4771778825292717,False,False,False,False,False,False,False,False,False,True,0,False,False,False,False,False,False,False
1.817930343635566,1.6084834273893616,0.8518225410414869,False,False,True,True,True,True,True,True,False,True,0,True,True,True,True,True,True,False
-0.4075852443818835,-0.30468611002455576,-0.3593763468569571,True,False,False,False,False,False,True,False,False,True,0,True,False,False,False,False,False,False
1.965980464724074,1.3642490183577978,1.31473280093692,False,True,False,False,True,True,False,True,True,True,0,True,False,True,True,False,False,False
-0.38510551069347415,0.9571916699718578,-1.3316538102932427,False,False,True,True,False,True,False,False,False,False,0,True,True,False,False,False,False,True
-0.7699611857828327,-1.0780950719578415,1.1620885575305409,False,True,False,False,False,True,False,True,False,False,0,False,False,True,True,True,False,True
0.5658925980779029,1.1200146093262338,-0.168571042598983,False,False,True,False,True,False,True,True,False,False,0,False,True,True,True,True,True,False
1.0726305792591058,0.631545791263106,1.1305642029140057,True,True,False,True,False,True,False,False,True,True,1,True,False,False,True,True,False,False
-0.34730267728386405,-0.22327464034736777,-0.3378070515930122,False,False,False,True,True,True,True,False,False,True,0,False,True,False,False,False,True,False
2.303857008863046,1.6084834273893616,1.3661672742586346,False,True,True,True,True,True,True,True,False,True,0,True,True,True,True,False,True,False
0.09706721463096095,0.22448844287716607,0.04048520380540615,False,False,False,False,True,True,False,False,False,True,0,True,False,True,False,False,False,False
-0.825919038489625,-1.1595065416350294,1.1703844403243657,True,True,False,True,False,True,True,False,False,True,0,True,False,False,True,True,False,False
-0.9802037732182777,-1.1595065416350294,-1.5058673489635668,False,False,True,True,False,False,True,False,False,False,0,False,True,False,False,False,True,False
0.7123621128914448,0.387311382231542,0.9795791360663916,False,True,False,False,True,True,True,False,True,True,0,True,True,False,True,False,True,False
0.9315175634885051,0.5501343215859179,0.9945117250952766,False,True,False,True,False,True,False,False,True,True,0,True,False,True,True,False,True,False
-0.2567910151771145,0.30589991255435406,-0.7492828381667302,True,False,False,True,True,True,True,False,True,True,0,False,False,True,False,False,False,False
0.10731920255331164,-0.06045170099299184,0.5382381714349038,False,False,False,False,True,True,True,True,True,False,0,False,True,True,True,True,False,True
0.41323237535407664,-0.10115743583158582,1.4126242179040545,True,True,False,False,False,True,True,True,False,True,0,True,True,True,True,True,False,False
-0.6142714676986544,-0.7931549280876836,0.03053014445281582,True,False,False,True,True,True,True,False,False,False,0,True,False,False,False,True,False,False
-0.9100204640367889,-0.7524491932490895,-1.5025489958460367,False,False,False,True,False,False,True,False,True,False,1,False,False,False,False,False,False,True
-0.9290975036610348,-0.9152721326034655,-1.5141632317573919,False,False,False,False,False,True,False,False,True,False,0,False,False,False,False,False,False,True
-0.09106883781988628,-0.10115743583158582,0.13837662077254032,False,False,True,True,False,True,False,True,False,False,1,True,False,True,True,False,True,False
0.38601082284076854,0.1023712383613841,0.8650959535116071,False,True,False,True,True,False,False,False,False,False,1,True,False,False,False,True,True,False
0.13954600827067967,-0.019745966154397852,0.4751894622018339,True,True,False,True,False,True,True,True,True,False,0,True,False,False,False,False,False,False
-0.927341274466628,-1.2409180113122174,0.35738792652951956,True,True,False,True,True,True,False,False,False,False,0,False,False,False,False,False,False,False
-0.7179987544933164,0.1023712383613841,-1.4942531130522119,True,False,False,True,False,False,True,False,True,False,0,False,True,False,False,False,False,False
0.21611760114682382,-0.22327464034736777,1.1886353824707805,True,True,False,True,True,False,True,True,False,True,0,True,True,False,True,False,False,False
-0.19415949153157583,1.6084834273893616,-1.3333129868520075,False,False,True,True,False,False,True,False,False,False,0,True,True,False,False,False,True,False
-1.0019810152289244,-1.2816237461508113,-1.5174815848749215,False,False,False,True,False,True,False,False,False,False,0,False,True,False,False,False,False,True
-0.9911143470885312,-1.2816237461508113,-0.6961891882862504,False,False,False,False,False,False,False,False,False,False,0,False,False,False,False,False,False,True
1.8890356731441182,1.2828375486806096,1.1737027934418955,False,True,False,True,True,True,False,False,True,True,0,False,False,False,True,True,True,False
-0.5564695743377348,-0.5489205190561197,-0.29300928450635744,False,False,False,False,False,True,False,False,False,False,0,True,False,True,False,False,False,True
-0.9294487494999162,-1.1595065416350294,-0.5153389433808665,True,False,False,True,True,True,False,False,False,False,0,False,True,False,False,False,False,False
-0.9798525273793964,-1.2816237461508113,0.15496838636019022,True,True,False,True,False,True,False,False,False,False,0,False,False,False,False,False,False,False
-0.06314479362881542,0.06166550352279012,0.0023241429538111433,False,False,False,False,False,False,False,True,False,False,0,True,False,False,True,False,False,True
0.5618313180658367,1.6084834273893616,-0.5219756496159262,True,False,True,False,True,True,True,False,False,True,0,False,False,True,False,True,False,False
2.5689159000289186,1.5270719577121736,1.712935175040518,False,True,True,True,True,True,True,True,False,True,0,True,True,True,True,True,True,False
0.9083792438521933,1.3642490183577978,0.06537285218688103,False,False,True,False,True,False,True,False,False,True,0,True,False,True,False,False,False,False
2.202698207265204,1.4863662228735797,1.4424893959618246,False,True,True,True,False,True,True,True,False,True,1,True,False,True,True,True,False,False
-0.5929771887164698,-0.7117434584104956,-0.0026533867224840216,False,False,False,True,True,False,False,False,True,False,0,False,True,True,False,True,False,True
2.3868168854338454,1.5270719577121736,1.533744106693899,False,True,True,False,True,True,False,False,False,True,0,True,False,True,True,True,False,True
-0.2712140474361819,1.3642490183577978,-1.3200395743818876,False,False,True,False,False,True,False,False,False,False,0,True,False,False,False,False,True,False
0.5444446490412078,0.387311382231542,0.6543805305484532,True,True,False,False,False,True,False,False,False,False,1,True,False,False,True,False,False,False
-0.9052786452118903,-1.2002122764736234,0.5233055824060188,True,True,False,False,False,True,True,False,False,False,0,False,True,False,True,False,False,False
0.3359363379352396,-0.06045170099299184,1.2782309166440902,True,True,False,True,False,True,False,False,True,True,0,True,False,True,True,True,False,False
0.020693197539187493,0.387311382231542,-0.3378070515930122,True,False,False,False,True,True,False,True,True,True,0,False,False,True,False,True,False,False
-0.8814817396276756,-1.2002122764736234,1.1206091435614158,True,True,False,True,False,True,False,True,False,False,0,False,False,True,True,True,False,False
-0.4272769642241716,1.2421318138420157,-1.4743429943470319,False,False,False,True,False,False,False,False,True,False,0,False,False,False,False,False,False,True
-0.541651390509926,0.7129572609402939,-1.472683817788267,False,False,True,True,False,False,True,False,False,False,0,False,False,False,False,False,False,True
-0.9797208101898158,-1.2816237461508113,0.16492344571278056,True,True,False,True,False,True,False,False,False,False,0,False,False,False,False,False,False,False
1.7619505380638436,1.2828375486806096,1.0608787874458763,False,True,False,False,True,True,True,True,True,False,0,False,False,False,True,True,False,True
-0.4942551551258677,-0.6303319887333076,-0.004312563281248919,False,False,False,True,True,False,True,False,True,True,0,False,False,False,False,True,False,True
0.15361779469086545,0.631545791263106,-0.3029643438589475,False,False,False,True,False,True,True,False,True,True,0,False,True,True,False,False,True,False
-0.04747044806873324,0.22448844287716607,-0.16359351292268806,False,False,True,True,True,True,True,True,False,True,0,False,False,False,True,True,False,False
-0.6308239278559401,-0.7117434584104956,-0.3228744625641272,False,False,False,True,False,False,False,True,True,False,0,False,True,True,False,False,True,False
-0.13572096508768366,-0.1825689055087738,0.1815152113004305,False,True,False,False,False,True,True,False,True,False,0,False,True,False,False,False,False,False
2.516580270035591,1.6084834273893616,1.560290931634139,False,True,True,True,True,False,True,True,False,True,0,False,True,True,True,True,False,False
-0.11811476741375376,0.387311382231542,-0.5568183573499913,False,False,True,True,True,False,True,True,False,False,0,False,True,True,True,False,True,False
-1.001410240740742,-1.2816237461508113,-1.4743429943470319,False,False,False,False,False,False,False,False,False,False,0,False,False,False,False,False,False,True
0.17390224188626613,-0.06045170099299184,0.7174292397815226,False,True,False,False,False,True,False,False,False,False,0,True,True,False,True,False,True,False
-0.4134247064532866,0.46872285190873,-1.1474852122703283,True,False,False,True,False,True,True,False,False,True,1,False,False,False,False,False,False,False
-0.7243431324581115,-0.8745663977648716,-0.3693314062095472,False,False,False,False,False,False,False,True,True,False,0,False,False,True,False,False,False,False
-0.8609558109180441,-1.0780950719578415,-0.3295111687991873,True,False,False,False,False,True,False,False,False,False,0,False,False,False,False,True,False,False
2.111615770670272,1.4456604880349857,1.2085455011759603,False,True,False,True,True,False,False,False,True,True,0,True,False,True,True,False,False,False
1.177433556435342,1.2014260790034217,0.5481932307874936,False,True,False,True,True,True,True,False,True,True,0,False,True,False,False,False,True,False
-0.020687952854026866,-0.4675090493789317,1.293163505672975,True,True,False,False,True,True,True,False,False,False,0,True,False,True,True,True,False,False
-0.3968393169986058,-1.3223294809894055,0.2794066282675646,False,False,True,False,False,False,True,True,False,True,0,True,True,True,True,False,False,True
-0.6634897908719098,-0.9559778674420595,0.6278337056082129,True,True,False,True,False,True,False,False,False,False,1,True,False,False,False,True,False,False
2.4170898861724357,1.4863662228735797,1.5802010503393187,False,True,True,True,True,True,True,True,False,True,0,True,False,True,True,True,False,False
-0.9484599305293717,-1.0373893371192475,-1.466047111553207,False,False,False,True,False,False,False,False,False,False,0,False,False,False,False,False,False,True
2.2876338416797113,1.4049547531963917,1.5370624598114289,True,True,False,False,True,True,True,True,True,False,0,True,False,True,True,True,False,False
0.00811420593424769,0.5094285867473239,-0.3577171702981922,False,False,False,False,False,True,True,True,True,True,0,False,True,False,False,False,True,False
-0.32376920607881055,-0.6303319887333076,0.9911933719777464,True,True,False,True,False,True,True,False,False,False,1,True,False,False,True,True,False,False
-0.6850694570981856,0.1023712383613841,-1.4544328756418519,False,False,False,False,False,False,False,False,True,False,0,False,False,False,False,False,False,True
-0.9134012052360225,-1.2002122764736234,0.7273842991341125,True,True,False,False,False,True,False,False,False,False,1,False,False,True,True,False,False,False
-0.5419806834838772,-0.8338606629262776,0.7174292397815226,True,True,False,False,False,True,False,False,False,False,0,True,False,False,False,True,False,False
-0.6360267568443707,0.06166550352279012,-1.3233579274994176,False,False,False,True,False,True,False,False,False,False,0,False,False,False,False,False,False,False
1.654074159797395,0.9571916699718578,1.3495755086709846,False,True,False,False,True,True,True,False,True,True,0,False,False,True,True,True,True,False
-0.7445836739236519,-1.0373893371192475,0.7987288911610074,True,True,False,True,False,True,True,False,False,False,1,False,False,False,True,True,False,False
-0.9991271427880131,-1.2816237461508113,-1.3017886322354726,True,False,False,False,False,True,False,False,False,False,0,True,False,False,False,False,False,False
-0.5500812906430794,0.8350744654560759,-1.4826388771408567,False,False,True,False,False,False,False,False,False,False,0,False,False,False,False,False,False,True
1.0088794595021322,0.387311382231542,1.336302096200865,False,True,False,False,True,True,True,False,True,False,1,True,False,True,True,True,False,False
1.069974282602565,0.7943687306174818,0.873391836305432,True,True,False,True,True,False,False,False,True,False,0,False,False,True,True,False,False,False
2.7345283130614964,1.6084834273893616,1.7328452937456982,False,True,True,False,True,True,True,True,False,True,0,True,False,True,True,True,True,False
-0.994363371098184,-1.2409180113122174,-1.3449272227633626,False,False,False,False,False,True,True,False,False,False,0,False,True,False,False,False,False,True
-0.9437839702992631,-1.2409180113122174,0.4851445215544238,True,True,False,False,False,False,False,False,False,True,0,True,False,False,False,False,False,False
1.3170757302556266,0.7943687306174818,1.2052271480584305,False,True,False,False,False,False,True,False,True,False,0,True,True,True,True,True,False,False
-0.9353321173011796,-1.0780950719578415,-1.3216987509406526,False,False,False,True,False,False,True,False,True,False,0,True,False,False,False,False,False,True
2.647880355182442,1.6084834273893616,1.6880475266590431,False,True,True,True,True,False,True,True,False,True,0,True,False,True,True,True,True,False
-0.9703249839997384,-1.2816237461508113,0.875051012864197,True,True,False,False,False,True,False,False,False,False,1,False,False,False,True,True,False,False
1.4268620077709924,0.7129572609402939,1.4839688099309494,True,True,True,False,True,True,False,True,False,True,0,True,False,False,True,True,False,False
1.4687700269225292,1.4456604880349857,0.5813767619627935,False,False,True,False,True,True,False,True,False,True,0,False,False,True,True,True,True,False
-0.9800501031637672,-1.2816237461508113,0.14003579733130567,True,True,False,True,False,True,True,False,False,False,0,False,False,False,False,False,False,False
-0.9239605332673944,-1.2002122764736234,-0.1420242176587432,False,False,False,True,False,False,False,True,False,False,0,False,False,False,False,True,False,True
-0.40699251702877115,-0.4268033145403377,-0.17188939571651304,False,False,False,True,True,True,True,False,True,False,0,False,False,False,True,False,False,False
1.4753997921314153,1.6084834273893616,0.48348534499565887,False,False,True,False,True,True,True,True,False,True,0,True,True,True,False,True,False,False
-0.4235449771860568,1.2828375486806096,-1.497571466169742,False,False,False,False,False,False,True,False,True,False,0,False,True,False,False,False,False,False
-0.9592168343451145,-1.0780950719578415,-1.4710246412295018,False,False,False,True,False,False,False,False,True,False,0,False,False,False,False,False,False,True
-0.4382094909593551,1.4456604880349857,-1.4925939364934466,False,False,True,True,False,True,True,False,False,False,0,False,True,False,False,False,False,False
2.0017855874250463,1.3642490183577978,1.30477774158433,True,True,False,True,False,True,False,True,True,True,0,True,False,False,True,True,False,False
-0.975966870286771,-1.2816237461508113,0.44864263726159415,True,True,False,False,False,False,False,False,False,False,1,False,False,False,True,False,False,False
-0.758699366073698,-1.0780950719578415,0.8153206567486573,True,True,False,False,False,True,False,False,False,False,0,False,False,False,True,True,False,False
-0.9205358863383009,-1.2002122764736234,0.1815152113004305,True,True,False,False,False,True,False,False,False,False,1,False,False,False,False,False,False,False
0.7014954447510516,0.06166550352279012,1.702980115687928,False,True,False,True,True,False,False,True,True,True,0,True,False,True,True,True,True,False
1.4534688800662583,1.1200146093262338,1.0708338467984662,True,True,True,False,True,True,True,True,False,False,0,False,False,False,True,True,False,False
-0.6389684407450025,-0.9152721326034655,0.5083729933771337,False,True,False,False,False,True,False,False,False,False,0,False,False,False,False,True,False,False
-0.4784271395112748,0.6722515261016999,-1.3167212212643575,False,False,True,False,False,False,True,False,False,False,0,True,True,False,False,False,False,True
0.5620288938502077,0.631545791263106,0.29599839385521454,False,False,False,False,False,True,False,True,True,True,0,True,False,True,True,False,False,False
-0.7064295946751604,-0.7524491932490895,-0.8372191957812748,False,False,True,False,True,False,False,True,False,False,1,False,False,True,False,False,False,True
1.4436120437126492,1.4456604880349857,0.5116913464946635,False,True,False,True,False,True,True,False,False,False,1,True,False,True,False,False,True,False
-0.3611110293248889,0.18378270803857208,-0.8206274301936248,False,False,False,False,False,True,False,False,False,False,0,False,False,True,False,True,True,False
2.45601231569348,1.4863662228735797,1.6034295221620285,False,True,True,False,True,False,True,True,False,True,0,True,True,True,True,True,True,False
-0.8126595080718523,-0.7931549280876836,-0.9799083798350643,False,False,True,False,False,False,False,True,False,False,0,False,False,True,False,False,False,True
-0.9405129934246802,-0.9966836022806536,-1.5091857020810966,False,False,False,True,False,False,False,False,False,False,0,False,True,False,False,False,False,False
-0.6020656747975259,-0.7931549280876836,0.2611556861211498,True,False,False,True,False,True,True,True,False,True,0,True,True,True,True,False,False,False
0.5044026234087288,0.9978974048104517,-0.17188939571651304,True,False,True,True,True,True,True,True,False,True,0,False,False,False,False,False,False,False
1.8710782296313067,1.6084834273893616,0.8269348926600121,False,False,True,True,True,False,True,True,False,True,0,True,True,True,True,True,True,False
-0.9218530582341061,-0.9966836022806536,-1.5224591145512167,False,False,True,False,False,False,True,False,False,False,0,False,True,False,False,False,False,True
-0.002225593447823456,0.5094285867473239,-0.3859231717971971,False,False,True,True,True,False,True,False,False,False,0,False,False,True,False,False,True,False
-0.5663044578264138,-0.4675090493789317,-0.7094626007563706,False,False,False,True,True,True,False,True,False,False,0,False,False,False,True,False,False,True
-0.3542397826017716,0.26519417771576004,-0.807354017723505,True,False,False,True,False,True,False,True,False,False,0,False,False,False,False,True,False,False
-0.8680904920203224,-0.7117434584104956,-1.3316538102932427,True,False,False,True,False,True,False,False,False,False,0,True,True,False,False,False,False,False
0.48637932130112715,0.8757802002946699,-0.05242868348543355,False,False,True,True,False,False,True,False,False,False,0,True,True,True,False,True,True,False
1.2863856250833645,1.1200146093262338,0.8169798333074222,True,True,True,True,False,True,False,False,False,False,0,True,False,True,True,False,False,False
-0.9728715163316286,-1.2409180113122174,-0.6530505977583607,True,False,False,False,False,True,False,False,False,False,0,False,False,False,True,True,False,False
0.49085770574686505,0.18378270803857208,0.8435266582476619,True,True,False,True,False,True,True,True,False,False,0,False,False,True,False,True,False,False
-0.7072418506775736,-0.8338606629262776,-0.3560579937394271,False,False,False,False,True,False,True,True,False,False,0,False,False,False,False,False,False,False
0.39979722201686335,-0.10115743583158582,1.376122333611225,False,True,False,False,True,False,False,True,False,False,0,True,False,False,True,True,False,False
1.7886671746837595,1.1607203441648277,1.3694856273761649,True,True,False,True,True,True,True,False,False,True,0,True,False,False,True,True,False,False
1.067361891675885,1.6084834273893616,-0.004312563281248919,False,False,True,True,True,True,True,True,False,True,1,False,True,True,True,True,False,False
-1.0015419579303226,-1.2816237461508113,-1.4842980536996218,True,False,False,True,False,True,True,False,True,False,0,False,True,False,False,False,False,False
0.5663536082414348,0.22448844287716607,0.9978300782128064,False,True,False,False,True,False,True,False,True,True,1,True,False,False,False,True,True,False
-0.2729483237656587,-0.30468611002455576,0.028870967894050924,False,False,False,False,False,True,False,True,False,True,0,False,False,False,False,True,False,False
-0.2595570761583055,1.5677776925507676,-1.3366313399695375,False,False,True,False,False,True,True,False,False,False,0,True,False,False,False,False,False,False
-0.7935385627177464,-0.2639803751859618,-1.4826388771408567,False,False,False,False,False,True,True,False,False,False,0,False,True,False,False,False,True,False
-0.18531248696475064,-0.5082147842175256,0.8020472442785371,False,True,False,False,True,True,False,False,False,False,0,True,False,False,True,False,False,False
0.15721806453939985,-0.1825689055087738,0.9812383126251565,False,True,False,True,True,True,False,False,False,True,0,True,False,False,False,True,True,False
0.2803297310673289,-0.06045170099299184,0.9580098408024466,True,True,False,True,False,True,True,False,True,False,0,False,False,True,True,True,False,False
0.31521283344123735,-0.019745966154397852,1.0359911390644014,False,True,False,True,False,True,False,False,False,False,1,True,False,False,True,True,True,False
-0.8145474544558399,-0.7931549280876836,-0.9898634391876541,True,False,False,False,False,True,False,False,False,False,0,False,False,False,False,True,False,False
-0.8441838221114576,-0.7117434584104956,-1.2802193369715278,True,False,False,True,False,True,False,False,False,False,0,True,False,False,False,False,False,False
0.05408350509785019,1.1200146093262338,-0.8405375488988048,False,False,True,True,True,False,False,False,False,True,0,False,False,True,False,False,False,False
-0.9041590491004557,-1.2002122764736234,0.34245533750063456,True,True,False,False,False,False,False,False,False,False,0,True,False,False,False,False,False,False
1.3164390971726538,0.8757802002946699,1.1654069106480704,False,True,False,False,True,True,False,False,True,True,0,False,False,False,True,True,True,False
-0.9875799358347871,-1.2002122764736234,-1.5207999379924515,False,False,True,False,False,False,True,False,False,False,0,False,True,False,False,False,False,True
-0.715122929187475,-0.9559778674420595,0.2014253300056102,True,True,False,False,False,False,False,False,False,False,0,False,False,False,False,False,False,False
-0.24491451524993738,-0.6303319887333076,1.303118565025565,True,True,False,False,True,True,True,False,False,False,0,True,True,True,True,True,False,False
-0.38398591458203973,-0.7117434584104956,1.040968668740696,False,True,False,False,True,True,False,True,False,False,1,False,False,True,False,True,False,True
-0.7970729739714904,-0.5489205190561197,-1.3051069853530026,False,False,True,False,False,False,True,False,False,False,0,True,True,False,False,False,False,True
-0.8429983674052328,-1.1595065416350294,0.697519121076343,True,True,False,False,False,True,True,False,False,False,0,True,True,False,False,True,False,False
-0.9755717187180294,-1.2816237461508113,0.4785078153193637,True,True,False,False,False,True,False,False,False,False,0,False,True,False,True,False,False,False
0.9868826888421851,1.6084834273893616,-0.13206915830615312,False,False,True,True,True,False,True,True,False,False,0,False,True,True,True,True,False,False
-0.3667090098820611,-0.30468611002455576,-0.32619281568165726,False,False,False,True,False,True,True,True,True,False,0,True,True,False,False,False,False,True
-0.7097225244146735,-0.9559778674420595,0.3756388686759344,True,True,False,True,False,True,False,False,False,False,0,True,False,False,False,False,False,False
-0.9646172391179157,-1.1188008067964355,-1.4743429943470319,False,False,False,False,False,True,False,False,False,False,0,False,False,False,False,False,False,True
-0.08083880276246577,1.1607203441648277,-1.0396387359506039,False,False,False,True,True,False,True,False,False,False,0,False,True,True,False,False,False,False
2.243991546198698,1.5677776925507676,1.2998002119080347,False,True,False,False,True,True,True,False,True,False,0,True,False,True,True,True,True,False
-0.5260209506797039,1.1200146093262338,-1.5158224083161567,False,False,True,False,False,True,True,False,False,False,0,False,True,False,False,False,True,False
0.3839692064022704,0.9164859351332638,-0.19014033786292786,True,False,True,True,True,True,False,True,False,False,0,False,False,True,False,False,False,False
0.9461820772618036,1.1200146093262338,0.3291819250305144,False,False,False,False,True,True,True,True,True,True,1,False,True,True,False,True,True,False
0.1005796730197749,-0.10115743583158582,0.6776090023711627,False,False,False,False,True,False,False,True,True,True,0,False,False,True,True,True,False,False
1.007035418848005,0.346605647392948,1.6150437580733834,False,True,False,False,True,True,True,True,False,True,0,True,False,True,True,True,False,False
-0.7391393634209904,-0.8745663977648716,-0.34278458126930716,False,False,False,False,True,True,False,True,True,False,0,False,False,False,False,False,False,True
0.08606882930098719,0.22448844287716607,0.1732193285066055,False,False,False,True,False,True,False,True,True,True,1,False,False,True,True,False,True,False
-0.9730471392510694,-1.2409180113122174,-0.6961891882862504,True,False,False,False,False,False,False,False,False,False,1,False,False,False,False,False,False,False
2.0593020935418744,1.6084834273893616,1.089084788944881,False,True,True,True,True,True,True,True,False,True,0,True,True,False,False,True,True,False
0.7153257496570066,0.346605647392948,1.2168413839697851,False,True,False,False,True,True,True,False,True,True,0,True,True,True,False,True,False,False
-0.9692053878883041,-1.2816237461508113,0.9596690173612115,True,True,False,False,False,True,False,False,False,False,0,True,False,False,True,True,False,False
-0.9915753572520629,-1.2409180113122174,-1.477661347464562,False,False,False,True,False,False,False,False,False,False,0,False,True,False,False,False,False,True
1.0747380542923939,0.590840056424512,1.1421784388253606,True,True,False,True,False,True,True,False,False,True,0,True,True,False,True,True,False,False
-0.5185350237385441,-0.8745663977648716,0.9978300782128064,True,True,False,False,False,True,False,False,False,True,1,False,False,False,True,True,False,False
-0.9996979172761952,-1.2816237461508113,-1.3449272227633626,True,False,False,True,False,True,False,False,False,False,0,False,False,False,False,False,False,False
-0.9726300348173976,-1.1188008067964355,-1.5091857020810966,False,False,False,True,False,False,True,False,False,False,0,False,True,False,False,False,False,True
0.2679044095168994,1.1200146093262338,-0.4937696481169216,True,False,False,False,True,False,True,False,True,True,0,False,False,True,False,True,False,False
-0.5608381944588221,0.7129572609402939,-1.5108448786398618,False,False,True,False,False,False,False,False,False,False,0,False,False,False,False,False,True,False
1.150804731275146,0.9571916699718578,0.712451710105228,True,True,False,True,True,True,False,False,False,True,0,True,False,False,False,False,False,False
0.4093247653965211,0.22448844287716607,0.6294928821669784,False,True,False,False,True,True,False,False,False,True,0,False,False,True,False,False,True,False
1.6761587419170627,0.8757802002946699,1.4806504568134191,True,True,False,True,True,False,True,False,False,True,0,True,False,True,True,True,False,False
1.221229521970866,0.631545791263106,1.3661672742586346,False,True,False,True,False,True,False,False,True,True,0,True,False,True,True,True,True,False
-0.8616143968659468,-1.1595065416350294,0.6875640617237531,True,True,False,True,False,True,False,False,False,False,0,True,False,False,False,True,False,False
-0.9773279479124364,-1.2816237461508113,0.3457736906181643,False,True,False,True,False,False,True,False,False,False,0,False,False,True,False,False,True,False
0.39650429227735023,-0.1825689055087738,1.5237890473413087,True,True,False,False,False,True,True,True,False,True,1,True,False,True,True,True,False,False
-0.5675996768572891,-0.9152721326034655,1.1156316138851208,True,True,False,True,True,False,False,False,False,False,0,True,False,False,True,True,False,False
-0.8601216020507009,-0.5896262538947137,-1.497571466169742,False,False,False,True,False,False,True,False,True,False,0,False,True,False,False,False,False,False
2.01282787848488,1.4049547531963917,1.3163919774956847,False,True,True,True,True,False,True,True,False,False,0,True,True,False,True,True,False,False
-0.9795451872703751,-1.2816237461508113,0.1781968581829002,True,True,False,True,False,True,False,False,False,False,0,False,False,False,False,False,False,False
0.788428789874197,1.3642490183577978,0.03053014445281582,False,False,True,True,True,False,True,True,False,True,0,False,True,True,False,False,False,True
-0.7496767385874322,-0.9559778674420595,0.13339909109624562,False,False,False,True,True,True,True,True,False,True,0,False,False,False,True,False,False,True
1.9622265248210289,1.4456604880349857,1.1985904418233704,False,True,False,True,False,True,True,False,True,True,0,True,True,False,True,True,True,False
0.9078084693640109,0.9978974048104517,0.32088604223668943,False,False,False,False,False,False,True,True,True,True,0,True,False,True,True,False,False,False
-0.439197369881209,-0.7524491932490895,0.8866652487755522,True,True,False,False,False,True,True,True,False,False,0,True,True,False,True,False,False,False
2.441567330569483,1.3642490183577978,1.702980115687928,True,True,False,True,True,True,True,True,True,True,1,True,True,True,True,True,False,False
-0.6604383426466278,0.1023712383613841,-1.3814291070561924,False,False,True,False,False,False,False,False,False,False,0,True,False,False,False,False,False,False
-0.9086374335461934,-1.2002122764736234,0.3690021624408743,True,True,False,True,False,True,False,False,False,False,1,True,False,False,False,False,False,False
-0.44306107410890433,-0.4268033145403377,-0.2880317548300625,False,False,False,True,True,True,True,True,True,False,0,False,False,False,False,False,True,False
-0.6787470319983204,0.18378270803857208,-1.480979700582092,False,False,False,False,False,False,False,False,True,False,0,False,True,False,False,False,False,False
-0.6641922825496727,-0.22327464034736777,-1.2968111025591778,False,False,True,True,False,True,False,False,False,False,0,True,True,False,False,False,True,False
-0.910986390093713,-0.9966836022806536,-1.1441668591527983,True,False,False,True,True,True,False,False,False,False,0,False,False,False,False,False,False,False
-0.3151636830262164,1.4049547531963917,-1.3299946337344775,False,False,True,True,False,False,True,False,False,False,0,True,False,False,False,False,True,False
1.1976960507658123,0.8350744654560759,0.9613281939199768,True,True,False,True,True,False,True,False,False,False,0,True,False,True,False,True,False,False
2.352021594519657,1.6084834273893616,1.4109650413452897,False,True,True,False,True,False,True,True,False,True,0,True,True,True,False,True,True,False
-0.8975512367564995,-1.2002122764736234,0.8933019550106117,True,True,False,True,False,False,False,False,False,False,0,True,True,True,False,True,False,False
-0.8722834892219692,-1.0780950719578415,-0.5136797668221014,True,False,False,False,True,True,False,False,False,False,0,False,False,False,False,False,False,False
1.9606678714109926,1.5677776925507676,1.042627845299461,False,True,True,False,True,True,True,True,False,True,1,True,False,True,False,False,True,False
-0.46701164974762943,1.2421318138420157,-1.5158224083161567,False,False,True,True,False,False,True,False,False,False,0,False,False,False,False,False,False,True
1.4673650435670034,0.8757802002946699,1.342938802435925,False,True,False,True,True,True,False,True,True,True,0,False,False,False,True,True,True,False
-0.9909606770340205,-1.2816237461508113,-0.6845749523748957,False,False,False,True,False,True,False,False,False,False,0,False,False,False,False,False,False,True
1.1060867454125587,1.1607203441648277,0.48016699187812906,True,False,False,False,True,True,True,True,True,True,0,True,True,True,False,True,False,False
-0.908505716356613,-0.7931549280876836,-1.5091857020810966,False,False,False,False,False,False,False,False,False,False,0,False,False,False,False,False,True,False
-0.7937800442319773,-0.4268033145403377,-1.3299946337344775,False,False,False,True,False,True,False,False,False,False,0,True,False,False,False,False,True,False
-0.9843967704199245,-1.1595065416350294,-1.4925939364934466,False,False,False,True,False,True,False,False,False,False,0,False,False,False,False,False,False,True
-0.4098902951995426,-0.3453918448631497,-0.24323398774340765,True,False,False,False,True,False,True,False,True,True,0,False,True,True,True,True,False,False
1.5498200042444108,1.5677776925507676,0.5896726447566184,False,False,True,False,True,True,True,True,False,True,1,True,False,True,False,True,False,False
2.1728203580953553,1.5270719577121736,1.296481858790505,False,True,True,True,True,True,False,True,False,False,0,True,False,False,True,True,True,False
-0.04995112180583293,-0.30468611002455576,0.8219573629837174,True,True,False,False,False,True,False,False,False,True,1,True,False,False,False,True,False,False
1.5054532642207046,1.6084834273893616,0.46523440284924406,True,False,True,False,False,True,True,True,False,True,0,True,True,False,True,True,False,False
-0.9794354229457246,-1.2816237461508113,0.18649274097672516,True,True,False,False,False,True,False,False,False,False,1,False,False,False,False,False,False,False
1.4111876622109103,0.9571916699718578,1.1571110278542456,False,True,False,False,False,True,True,False,True,False,0,True,True,True,True,True,True,False
0.1817613675312374,-0.2639803751859618,1.3445979789946898,True,True,True,False,False,True,False,True,False,True,0,False,True,True,True,True,False,False
0.5923018945887979,0.590840056424512,0.46357522629047915,True,True,False,True,False,True,True,False,True,True,0,True,False,False,False,False,False,False
0.9382131872921817,0.9978974048104517,0.4917812277894838,False,False,True,True,False,True,False,False,False,True,1,True,False,True,True,True,False,False
1.456191035317589,1.5270719577121736,0.5233055824060188,True,False,True,False,True,False,True,True,False,True,0,True,True,True,True,False,False,False
2.5576540803197836,1.6084834273893616,1.5818602268980835,False,True,True,True,True,True,True,True,False,True,0,True,True,True,True,True,True,False
-0.9791939414314939,-1.2816237461508113,0.20474368312314,False,True,False,False,False,False,False,False,False,False,0,False,False,False,False,False,False,True
-0.9144549427526666,-0.7931549280876836,-1.4909347599346818,False,False,False,True,False,False,True,False,True,False,0,False,True,False,False,False,False,True
1.1268980613662811,0.8350744654560759,0.9729424298313315,False,True,False,True,False,True,True,False,True,True,0,False,False,False,True,True,False,False
0.01867353396561951,0.26519417771576004,-0.17023021915774814,True,False,False,True,True,False,True,False,True,True,0,False,True,True,False,False,False,False
-0.979764715919676,-1.2816237461508113,0.1616050925952503,True,True,False,False,False,True,True,False,False,False,0,False,True,False,False,False,False,False
1.860343278680494,1.2828375486806096,1.233433149557435,True,True,True,True,False,False,True,True,False,False,1,True,False,True,True,True,False,False
0.9085987725014941,0.631545791263106,0.866755130070372,False,True,False,True,False,True,True,False,False,False,1,True,False,True,False,True,True,False
-0.9995442472216846,-1.2816237461508113,-1.3333129868520075,True,False,False,True,False,False,False,False,False,False,0,False,True,False,False,False,False,False
-0.9756156244478895,-1.2816237461508113,0.4751894622018339,True,True,False,True,False,True,False,False,False,False,0,False,False,False,False,True,False,False
-0.9661539396630219,-1.2816237461508113,1.1902945590295455,True,True,False,False,False,True,True,False,False,False,1,True,False,True,True,True,False,False
1.593637922644865,1.3235432835192036,0.8534817176002523,True,True,False,True,False,True,True,False,False,True,0,True,False,False,False,True,False,False
-0.852108806351219,-1.1595065416350294,0.9945117250952766,False,True,False,True,True,True,False,True,False,True,0,False,False,False,False,True,False,True
1.3060992977905832,0.9164859351332638,0.9895341954189815,True,True,False,False,True,True,True,False,True,False,0,False,False,False,True,True,False,False
0.14604405628998535,0.6722515261016999,-0.3178969328878323,True,False,False,True,True,True,True,False,True,False,0,True,False,False,False,False,False,False
-0.7210941084484587,-0.06045170099299184,-1.5058673489635668,False,False,False,False,False,True,True,False,False,False,0,False,True,False,False,False,False,True
2.7117851449939265,1.6084834273893616,1.7228902343931078,False,True,True,False,True,True,True,True,False,True,0,True,True,True,True,True,False,False
0.3270234747736243,-0.10115743583158582,1.1654069106480704,True,True,False,False,False,True,True,False,False,False,0,True,True,True,True,True,False,False
0.7183552450173585,1.6084834273893616,-0.3560579937394271,True,False,True,False,False,True,True,False,False,True,0,False,False,True,True,True,False,False
-0.6283213012539102,-0.9559778674420595,0.9314630158622067,False,True,False,False,True,False,False,True,False,False,0,False,True,True,False,True,False,False
-0.650164401859347,-0.9966836022806536,1.152133498177951,True,True,False,False,False,True,False,False,False,False,0,True,False,True,True,True,False,False
1.736419356150152,1.0793088744876398,1.3678264508173998,True,True,False,False,False,True,True,False,True,True,0,True,True,True,True,True,False,False
-0.19567423921175175,-0.4268033145403377,0.642766294637098,False,True,False,False,False,True,False,False,False,True,0,False,False,False,False,True,False,True
2.0864138817305324,1.2014260790034217,1.520470694223779,False,True,False,True,False,True,False,True,True,True,1,True,False,True,True,True,False,False
-0.9902142796263975,-1.2816237461508113,-0.6281629493768859,True,False,False,False,False,False,True,False,False,False,1,False,False,False,False,False,False,False
-0.9776133351565276,-1.2816237461508113,0.3242043953542197,True,True,False,False,False,True,False,False,False,True,0,False,False,False,False,False,False,False
-0.42806726736165485,1.5677776925507676,-1.4959122896109767,False,False,True,False,False,False,True,False,False,False,0,False,True,False,False,False,False,False
-0.7402370066674947,-0.38609757970174374,-1.3316538102932427,False,False,False,False,False,False,False,False,True,False,0,True,False,False,False,False,True,False
1.4984503003080067,1.4049547531963917,0.6742906492536329,False,False,True,False,True,True,False,True,False,False,0,True,False,True,True,True,False,True
-0.8096300127115004,-0.2639803751859618,-1.497571466169742,False,False,False,True,False,False,False,False,True,False,0,False,False,False,False,False,True,False
1.365613514616049,1.2014260790034217,0.8020472442785371,False,True,True,True,False,True,True,False,False,False,0,True,True,True,True,False,True,False
-0.9905216197354186,-1.2409180113122174,-1.4793205240233267,False,False,False,False,False,False,False,False,False,False,0,False,False,False,False,False,False,True
-0.9910923942236011,-1.2816237461508113,-0.6945300117274855,True,False,False,True,False,False,False,False,False,False,1,False,False,False,False,False,False,False
-0.995131721370737,-1.2409180113122174,-1.4760021709057967,False,False,False,False,False,False,False,False,True,False,0,False,False,False,False,False,False,True
0.642661766738418,1.5677776925507676,-0.41910670297249697,False,False,False,True,False,True,True,False,False,True,1,False,False,True,True,True,False,False
-0.49985313568303996,-0.7931549280876836,1.0525829046520514,False,True,False,True,False,True,True,False,False,False,0,False,True,True,True,True,False,True
1.9623801948755397,1.5677776925507676,1.0028076078891015,False,True,False,False,True,True,True,True,True,True,0,True,True,True,False,False,True,False
2.417133791902296,1.6084834273893616,1.4308751600504692,False,True,True,False,False,True,False,True,False,True,0,True,False,True,True,True,True,False
0.4674779045963222,0.14307697319997809,0.9513731345673865,True,True,False,True,True,True,True,False,False,False,0,False,False,False,True,True,False,False
-0.4457612764953051,-0.5489205190561197,0.04878108659923111,False,False,False,True,True,False,True,False,False,False,1,False,False,True,True,False,False,False
0.8298757988622014,0.8757802002946699,0.3192268656779245,False,False,True,True,True,True,True,False,False,True,0,False,False,False,True,True,False,False
2.0786206146803514,1.4049547531963917,1.342938802435925,False,True,False,False,True,True,True,True,True,True,1,True,False,True,False,True,True,False
1.5413022926515372,1.1200146093262338,0.9696240767138018,False,True,False,False,True,False,True,False,True,True,0,True,True,False,True,False,False,False
0.27157053796022396,1.0386031396490458,-0.4954288246756865,False,False,False,True,True,False,True,False,True,True,0,False,True,True,True,False,False,True
-0.7473058291749828,-0.10115743583158582,-1.5008898192872717,False,False,True,False,False,False,True,False,False,False,0,False,True,False,False,False,False,True
0.8621684631743597,1.6084834273893616,-0.17188939571651304,False,False,True,False,True,False,False,False,False,True,0,True,False,False,False,False,False,False
1.9423811349242301,1.3235432835192036,1.3064369181430948,False,True,True,False,True,True,True,False,False,False,0,True,True,True,True,True,True,False
0.21442723054720697,0.631545791263106,-0.19843622065675282,False,False,False,False,False,True,True,False,True,True,1,False,False,False,False,True,False,False
-0.8691442295369667,-1.1595065416350294,0.33084110158927976,True,True,False,False,False,True,False,False,False,False,1,True,False,False,False,False,False,False
-0.8540626113299968,-1.1188008067964355,0.5282831120823135,True,True,False,False,False,True,True,False,False,False,0,False,True,False,True,False,False,False
0.6487207574591219,1.1607203441648277,-0.09224892089579345,False,False,True,True,True,True,True,True,False,False,0,False,False,True,True,True,False,True
-0.6721172667894342,-0.9559778674420595,0.7074741804289328,True,True,False,True,False,False,False,True,False,False,0,False,False,False,True,False,False,False
-0.9727837048719084,-1.2816237461508113,0.689223238282518,True,True,False,False,False,True,False,False,False,False,1,True,False,False,True,False,False,False
-0.15828851023581333,-0.38609757970174374,0.7257251225753476,False,True,False,True,False,False,True,True,True,True,0,False,True,True,False,False,False,True
-1.0017834394445535,-1.2816237461508113,-1.5025489958460367,False,False,False,False,False,False,False,False,False,False,0,False,False,False,False,False,False,True
-0.6632483093576789,-0.1825689055087738,-1.1673953309755083,False,False,False,False,False,True,False,False,False,False,0,False,False,True,False,False,False,True
-0.49056707381761305,-0.8338606629262776,1.0210585500355165,True,True,False,True,False,False,False,False,True,False,0,False,False,True,True,True,False,False
-0.43752895214652243,1.6084834273893616,-1.5141632317573919,False,False,True,True,False,False,True,False,False,False,0,False,False,False,False,False,True,False
-0.9776133351565276,-1.2816237461508113,0.3242043953542197,True,True,False,False,False,True,True,False,False,True,0,False,True,False,False,False,False,False
2.6379576602340427,1.5677776925507676,1.704639292246693,False,True,False,True,True,True,False,True,True,True,0,True,False,True,True,True,False,False
-0.46005259156479184,-0.4268033145403377,-0.19511786753922303,False,False,False,False,True,True,False,True,False,False,0,True,False,False,False,False,False,True
-0.7021707388787235,-0.06045170099299184,-1.469365464670737,True,False,False,True,False,True,True,False,False,False,0,False,True,False,False,False,False,False
0.31093202477987036,0.5501343215859179,-0.024222681986428636,False,False,True,False,False,True,True,True,False,True,0,False,False,False,True,False,True,False
-0.4052801935642243,-0.6710377235719016,0.6643355899010431,True,True,False,False,False,True,True,False,False,False,0,True,False,False,True,False,False,False
0.6400274229468075,0.26519417771576004,1.0193993734767515,False,True,False,True,False,True,False,False,False,False,1,True,False,False,True,True,False,False
0.057354481972433105,0.8757802002946699,-0.6215262431418258,False,False,True,True,True,False,False,False,False,True,0,False,False,False,False,True,False,False
-0.5972579973778368,-0.7524491932490895,-0.007630916398778715,False,False,False,False,True,True,True,False,False,False,0,True,False,False,True,False,False,False
1.3123997700255179,0.6722515261016999,1.4690362209020642,False,True,False,True,True,True,False,False,True,True,0,True,True,True,True,True,True,False
-0.8483548664481741,-0.7117434584104956,-1.3233579274994176,False,False,True,False,False,False,False,False,False,False,0,True,False,False,False,False,False,False
-0.6027901193402188,0.7943687306174818,-1.5025489958460367,False,False,False,True,False,False,False,False,True,False,0,False,True,False,False,False,True,False
-0.9663515154473928,-1.0780950719578415,-1.4876164068171518,False,False,True,False,False,False,True,False,False,False,0,False,True,False,False,False,False,True
-0.8818329854665571,-1.2002122764736234,1.0044667844478665,True,True,False,False,False,True,True,False,False,False,0,True,False,False,True,True,False,False
-0.7824743187929823,-1.0780950719578415,0.6394479415195682,True,True,False,True,False,True,True,False,False,True,1,False,False,False,False,True,False,False
-0.975461954393379,-1.2816237461508113,0.4868036981131887,True,True,False,True,False,False,False,False,False,False,0,False,False,False,False,True,False,False
-0.6612945043789011,-0.7524491932490895,-0.3062826969764773,False,False,False,False,True,False,False,True,True,False,0,False,False,False,False,False,False,True
-0.5926259428775884,0.590840056424512,-1.4892755833759168,False,False,False,True,False,False,True,False,True,False,0,False,True,False,False,False,False,True
-0.9692712464830945,-1.2002122764736234,-0.9450656721009992,False,False,False,True,False,True,True,False,False,False,1,False,False,False,True,False,False,True
-0.9888971077305924,-1.2816237461508113,-0.5286123558509863,False,False,False,True,False,False,False,True,False,False,0,False,False,False,False,False,True,False
-0.1877492549719903,1.5677776925507676,-1.3233579274994176,False,False,True,False,False,False,True,False,False,False,0,True,False,False,False,False,True,False
-0.951050368591122,-1.2409180113122174,0.1582867394777205,True,True,False,False,False,True,False,False,False,False,0,False,False,False,False,False,False,False
-0.8975731896214296,-0.7931549280876836,-1.4925939364934466,False,False,False,True,False,True,False,False,True,False,0,False,False,False,False,False,False,True
0.9759062563771416,0.8757802002946699,0.7058150038701679,True,False,False,False,False,True,True,True,False,True,0,True,True,True,True,True,False,False
-0.8785181028621138,-1.1188008067964355,-0.3029643438589475,False,False,False,False,True,False,False,False,False,False,0,False,False,True,False,False,True,False
-0.5279528027935516,-0.4268033145403377,-0.48381458876433153,True,False,False,False,False,True,False,False,False,True,0,False,False,False,True,True,False,False
-0.4669238382879092,-0.7931549280876836,1.097380671738706,True,True,False,True,False,True,True,False,False,True,1,False,False,True,True,True,False,False
-0.8813939281679554,-1.1595065416350294,0.18981109409425545,True,True,False,True,False,True,False,False,False,False,1,False,False,False,False,False,False,False
1.3232225324360511,0.631545791263106,1.543699166046489,False,True,False,True,True,True,True,False,False,True,0,True,False,True,True,True,False,False
-0.7228942433727258,-0.1418631706701798,-1.469365464670737,False,False,False,True,False,True,True,False,False,False,0,False,True,False,False,False,False,True
-0.9000977690883896,-0.7931549280876836,-1.5307549973450416,False,False,False,False,False,False,True,False,False,False,0,False,True,False,False,False,False,True
-0.984023571716113,-1.2816237461508113,-0.16027515980515805,False,False,False,True,False,False,False,True,False,True,0,True,False,False,False,False,False,True
1.7743978124792028,1.5677776925507676,0.8285940692187774,False,False,True,False,True,False,True,True,False,True,0,True,True,True,True,True,False,False
2.4372426161782554,1.6084834273893616,1.4939238692835393,False,True,True,True,True,True,True,True,False,True,0,True,False,False,True,True,True,False
1.4626012718771746,1.2828375486806096,0.7174292397815226,False,False,True,True,False,False,False,True,False,True,0,True,False,True,True,True,True,False
0.2599574724122079,0.5501343215859179,-0.1387058645412132,False,False,True,True,True,True,False,True,False,False,0,False,False,True,True,True,False,False
0.879138027765317,0.387311382231542,1.1770211465594258,True,True,True,False,False,True,True,True,False,False,0,False,True,True,True,True,False,False
-0.012938591533706046,-0.4675090493789317,1.3080960947018598,True,True,False,True,False,True,False,False,False,True,1,True,False,True,True,True,False,False
-0.09363732301670645,-0.30468611002455576,0.6527213539896879,False,True,False,False,False,True,False,False,False,False,0,True,False,False,True,False,False,True
-0.8173354683019609,-0.3453918448631497,-1.4826388771408567,False,False,False,True,False,False,True,False,True,False,0,False,True,False,False,False,False,True
-0.3902863868169747,0.346605647392948,-0.9799083798350643,False,False,False,False,True,False,True,False,True,False,0,False,True,True,False,False,True,False
0.5989755655275445,0.9571916699718578,-0.009290092957543614,False,False,False,True,True,True,False,True,True,True,0,True,False,False,False,False,False,False
-0.9996979172761952,-1.2816237461508113,-1.3449272227633626,False,False,False,True,False,False,False,False,False,False,0,False,False,False,False,False,False,True
-0.9997637758709854,-1.2816237461508113,-1.3499047524396575,True,False,False,True,False,True,False,False,False,False,0,False,False,False,False,False,False,False
-0.7104250160924362,-0.06045170099299184,-1.459410405318147,False,False,False,False,False,False,False,False,True,False,0,False,False,False,False,False,False,True
1.4323502240035142,1.0386031396490458,0.9762607829488613,False,True,True,True,False,False,True,True,False,False,0,True,True,True,False,True,False,False
-0.8625803229228706,-1.0780950719578415,-0.191799514421693,False,False,False,True,True,True,False,False,False,False,0,False,False,False,False,True,False,False
-0.33450415702962316,-0.6303319887333076,0.8120023036311275,True,True,False,True,True,True,True,False,False,False,0,False,True,True,True,False,False,False
0.9148772918714991,0.5094285867473239,1.065856317122171,True,True,False,False,True,True,False,True,False,True,1,True,False,False,True,False,False,False
1.0050157552744372,1.0793088744876398,0.473530285643069,False,True,True,False,False,True,False,False,False,True,1,True,False,False,False,False,True,False
-0.9493599979915052,-1.2409180113122174,0.17985603474166512,True,True,False,False,False,True,False,False,False,False,1,False,False,False,False,False,False,False
-0.9006026849817816,-1.1595065416350294,0.02223426165899086,True,False,False,True,False,False,True,False,False,False,0,True,False,True,True,False,False,False
-0.419549555768781,-0.5896262538947137,0.30595345320780487,True,True,False,False,False,True,False,False,False,False,0,True,False,False,False,False,False,False
-0.8481353377988733,-0.5896262538947137,-1.4793205240233267,False,False,False,False,False,False,False,False,True,False,1,False,False,False,False,False,False,False
-0.9946487583422751,-1.2816237461508113,-0.9633166142474143,False,False,False,False,False,False,False,True,False,False,0,False,False,True,False,False,False,True
0.752228515604483,0.387311382231542,0.9779199595076267,True,True,False,True,True,True,True,False,False,False,0,True,False,True,False,True,False,False
-0.24886603093735307,-0.5082147842175256,0.6742906492536329,True,True,False,True,False,True,False,False,False,False,0,True,False,False,True,False,False,False
1.5665919930509975,1.4863662228735797,0.6792681789299281,False,True,False,False,False,True,True,False,False,True,0,True,False,True,False,False,False,False
-0.9861310467494012,-1.2816237461508113,-0.3195561094465974,False,False,False,False,False,True,True,False,False,False,0,False,False,False,True,False,False,True
-0.8280265135229133,-0.5082147842175256,-1.5108448786398618,False,False,False,True,False,False,False,False,False,False,0,False,False,False,False,False,False,True
1.6873986087612673,1.0386031396490458,1.4773321036958893,False,True,True,False,True,True,True,False,False,True,0,True,False,True,True,True,False,False
1.997021815735217,1.6084834273893616,0.9729424298313315,False,True,True,False,True,True,True,True,False,True,0,True,False,True,False,False,False,False
-0.5876426425384585,-0.5489205190561197,-0.5087022371458064,False,False,False,False,False,True,True,False,False,False,0,False,True,True,False,False,False,False
-0.5523204828659484,-0.6710377235719016,0.008960849188871207,False,False,False,False,False,True,False,False,False,False,0,True,False,True,False,True,True,False
-0.5511130752947936,-0.8338606629262776,0.9712832532725666,True,True,False,False,False,True,False,False,False,False,0,True,False,False,True,True,False,False
-0.9708518527580606,-1.2816237461508113,0.8352307754538371,True,True,False,True,False,True,True,False,False,False,0,False,True,False,True,True,False,False
-0.9742764996871541,-1.2816237461508113,0.5763992322864984,True,True,False,False,False,True,False,False,False,True,0,False,False,True,False,False,False,False
-0.21600259213701256,1.6084834273893616,-1.3117436915880627,False,False,True,True,False,False,False,False,False,False,1,True,False,False,False,False,False,False
-0.4547180453867806,-0.2639803751859618,-0.5120205902633365,False,False,False,False,False,True,False,False,False,False,0,True,True,False,False,False,False,True
-0.8675197175321402,-1.1595065416350294,0.2926800407376848,True,True,False,False,False,True,True,False,False,False,0,False,True,True,False,False,False,False
-0.13646736249530664,-0.3453918448631497,0.659358060224748,False,False,False,True,True,True,True,True,True,False,0,True,True,True,True,True,False,True
-0.5568647259064764,0.7129572609402939,-1.5125040551986266,False,False,False,False,False,True,False,False,True,False,0,False,False,False,False,False,False,True
0.8631124363663534,0.7536629957788878,0.7107925335464625,False,True,False,True,True,False,False,False,True,False,0,False,False,False,True,False,False,True
2.290290138336252,1.6084834273893616,1.2948226822317401,False,True,True,True,True,False,True,True,False,True,0,True,True,True,False,True,True,False
0.7954976123816848,1.5270719577121736,-0.21668716280316785,False,False,False,False,False,True,True,True,True,True,0,False,True,True,True,True,False,False
2.145752475636558,1.5270719577121736,1.3064369181430948,False,True,True,False,False,True,True,True,False,False,0,True,False,True,True,True,False,False
-0.3955989801300559,-0.7117434584104956,0.881687719099257,True,True,False,False,False,True,False,False,False,False,1,False,False,False,True,True,False,False
1.0159482820096206,0.590840056424512,0.9945117250952766,False,True,False,False,True,False,False,False,True,False,0,True,False,True,True,False,True,False
1.3207638115638811,1.2421318138420157,0.7224067694578178,False,False,True,True,True,True,False,True,False,True,0,False,False,True,True,True,False,False
2.2096572654480418,1.2828375486806096,1.664819054836333,False,True,True,False,True,True,False,True,False,True,0,True,False,True,True,True,False,False
1.4030431493218478,1.0793088744876398,0.8236165395424823,True,True,False,False,True,True,False,False,False,True,1,True,False,True,False,False,False,False
-0.9998735401956359,-1.2816237461508113,-1.3582006352334823,False,False,False,False,False,False,False,False,False,False,0,True,True,False,False,False,False,True
0.4687950764921274,0.30589991255435406,0.6626764133422782,True,True,False,True,False,True,False,False,False,False,0,True,False,False,True,False,False,False
-0.37656584623567024,0.9164859351332638,-1.3017886322354726,False,False,True,True,False,False,True,False,False,False,0,True,False,False,False,False,False,False
-0.576161294180023,0.7129572609402939,-1.4859572302583868,False,False,False,True,False,False,False,False,True,False,0,False,False,False,False,False,True,False
2.083845396533712,1.3235432835192036,1.4109650413452897,True,True,False,False,False,True,True,False,True,True,1,True,True,True,True,True,False,False
-0.28271734865954745,1.4456604880349857,-1.3399496930870676,False,False,True,True,False,False,False,False,False,False,0,True,False,False,False,False,False,True
-0.9459133981974815,-1.2409180113122174,0.19312944721178524,True,False,False,False,True,True,False,False,False,False,0,False,False,False,True,True,False,False
1.3295669104008463,1.2421318138420157,0.6328112352845081,False,False,False,True,True,True,True,True,True,True,1,False,False,True,True,True,False,False
1.9391321109145772,1.4049547531963917,1.3512346852297499,False,True,True,False,False,True,True,True,False,False,0,True,True,True,True,True,False,False
1.817732767851195,1.1200146093262338,1.3628489211411048,True,True,False,False,False,True,False,True,True,False,1,True,False,True,True,True,False,False
0.8556265094251939,1.4049547531963917,-0.01260844607507388,False,False,True,True,True,True,False,True,False,True,1,True,False,False,False,False,False,False
2.01530855222198,1.2014260790034217,1.6266579939847385,False,True,True,False,True,False,True,True,False,True,0,True,False,True,True,True,False,True
0.5901724666905794,1.0793088744876398,-0.11879574583603324,False,False,False,True,False,True,False,False,True,False,0,False,False,True,False,True,False,False
-0.3415510266721811,-0.06045170099299184,-0.4937696481169216,True,False,False,True,False,True,False,False,True,False,0,False,False,True,True,True,False,False
2.0625291646865973,1.4863662228735797,1.342938802435925,False,True,True,False,False,False,True,True,False,True,1,True,False,False,True,True,True,False
-0.9105912385249714,-1.1595065416350294,-0.3129194032115374,False,False,False,False,False,False,False,False,False,False,0,False,False,False,True,False,True,False
-0.9733983850899507,-1.2816237461508113,0.642766294637098,True,True,False,False,False,False,False,False,False,True,0,False,False,False,True,False,False,False
-0.34188031964613247,-0.1825689055087738,-0.29466846106512257,True,False,False,False,True,False,False,False,False,True,0,False,False,False,False,False,False,False
1.4970672698174115,1.4456604880349857,0.6560397071072182,False,True,True,False,True,True,True,False,False,True,0,True,False,False,False,False,False,False
-0.8982976341641226,-0.8338606629262776,-1.4760021709057967,False,False,False,True,False,False,False,False,False,False,0,False,False,False,False,False,False,True
1.9424689463839504,1.3235432835192036,1.3578713914648095,False,True,True,False,False,True,True,True,False,True,1,False,False,True,True,True,True,False
-0.871976149112948,-1.2002122764736234,1.0940623186211762,True,True,False,False,False,True,False,True,False,True,0,False,False,False,True,True,False,False
-0.6290896515264632,-0.8745663977648716,0.48348534499565887,False,True,False,True,False,True,True,False,False,False,0,False,True,False,True,False,False,False
0.10400431994886838,0.590840056424512,-0.3543988171806622,True,False,False,True,False,False,True,False,False,True,0,True,True,False,False,False,False,False
-0.7134545114527884,-0.30468611002455576,-1.3150620447055927,False,False,False,True,False,False,False,False,True,False,0,True,False,False,False,False,False,False
-0.9885458618917108,-1.2816237461508113,-0.5020655309107466,False,False,False,True,False,True,False,False,False,False,0,True,False,False,False,False,True,False
1.8594871169482208,1.2421318138420157,1.32136950717198,False,True,True,True,False,True,False,False,False,True,0,True,False,True,True,True,False,False
-0.7694562698894407,-0.4268033145403377,-1.3051069853530026,False,False,False,False,False,False,True,False,True,False,1,True,False,False,False,False,False,False
0.5624679511488094,1.1200146093262338,-0.15695680668762801,False,False,False,True,False,True,True,True,False,True,0,False,False,True,True,True,False,False
-0.9882165689177596,-1.2816237461508113,-0.4771778825292717,True,False,False,False,False,False,False,False,False,True,0,False,False,False,False,False,False,False
1.7483178089422595,1.2014260790034217,1.1687252637656007,True,True,False,False,False,True,True,False,False,True,0,False,True,True,True,True,False,False
0.6868089781128232,0.590840056424512,0.7008374741938728,False,True,False,True,False,True,False,False,False,False,1,True,False,False,True,False,True,False
2.4724111057962554,1.6084834273893616,1.4872871630484792,False,True,True,True,False,True,True,True,False,True,1,True,False,True,True,True,False,False
-0.097808367353423,-0.2639803751859618,0.5631258198163787,False,False,False,False,False,False,True,True,False,True,0,False,False,True,True,True,False,False
-0.5463493036049646,-0.8745663977648716,1.1471559685016557,True,True,False,False,False,True,True,False,False,False,0,True,False,True,True,True,False,False
2.3767624732958654,1.5270719577121736,1.6167029346321486,True,True,True,False,True,True,True,True,False,True,1,True,False,True,True,True,False,False
0.19131086377582532,0.428017117070136,-0.0325185647802536,True,False,False,False,True,True,False,False,False,True,0,False,True,False,False,True,False,False
-0.23611141641297242,1.4863662228735797,-1.2818785135302928,True,False,False,False,False,True,True,False,True,False,0,True,False,False,False,False,False,False
2.5429456608166254,1.6084834273893616,1.6283171705435033,True,True,True,True,True,True,True,True,False,True,0,True,True,True,True,True,False,False
1.6107392044254027,1.1200146093262338,1.28818597599668,False,True,False,True,False,True,True,True,False,True,0,True,True,False,True,True,False,False
-0.6210988086919115,-0.7931549280876836,0.1732193285066055,False,True,False,False,False,True,False,False,False,False,0,False,False,False,False,False,False,True
0.06646492091841928,1.0793088744876398,-0.7924214286946202,False,False,False,True,False,True,True,False,False,True,0,False,False,False,False,True,False,False
0.9045594453543582,1.4049547531963917,0.020575085100225963,False,False,True,True,True,False,False,False,False,False,0,False,False,True,False,True,False,False
-0.8982317755693322,-0.8338606629262776,-1.4743429943470319,False,False,False,True,False,False,True,False,False,False,0,False,True,False,False,False,False,True
-0.9501503011289885,-1.2002122764736234,-0.4821554122055666,False,False,False,True,False,False,False,False,False,False,0,True,False,False,False,False,False,False
-0.9904996668704887,-1.2816237461508113,-0.6497322446408307,False,False,False,False,False,False,False,False,False,False,0,False,False,False,False,False,False,True
0.6834940955083801,0.5094285867473239,0.6444254711958629,False,False,True,True,True,True,True,True,False,True,0,False,True,True,True,True,False,True
-0.28728354456500566,-0.06045170099299184,-0.35108046406313215,False,False,False,True,False,False,True,True,False,False,0,False,True,True,False,False,False,True
-0.9378127910382794,-1.0373893371192475,-1.5091857020810966,False,False,True,True,False,False,False,False,False,False,0,False,False,False,False,False,False,True
-0.7560211165522274,0.020959768684196134,-1.4876164068171518,False,False,False,False,False,False,True,False,True,False,0,False,True,False,False,False,False,True
0.9517800578189758,0.30589991255435406,1.4989013989598339,False,True,False,True,True,True,True,True,False,True,0,True,True,False,True,True,True,False
0.3228963361667679,0.020959768684196134,1.0243769031530463,True,True,False,True,False,True,True,False,True,False,0,False,False,True,True,True,False,False
-0.9909387241690905,-1.2816237461508113,-0.6829157758161306,False,False,False,False,False,True,True,False,False,False,0,False,True,False,False,False,False,False
-0.40029689322509454,1.5677776925507676,-1.4876164068171518,False,False,True,False,False,False,True,False,False,False,0,False,True,False,False,False,False,False
-0.9275608031159288,-1.2002122764736234,-0.38260481867966706,False,False,False,True,False,False,False,False,False,False,0,False,False,False,True,False,True,False
0.18584460040823347,-0.22327464034736777,0.9828974891839214,False,True,False,False,False,True,False,False,False,False,0,True,False,False,True,True,False,True
2.0602021610040078,1.1607203441648277,1.664819054836333,False,True,False,False,True,True,False,True,True,True,0,True,False,True,True,True,False,True
-0.5693778589166261,0.631545791263106,-1.4925939364934466,False,False,False,True,False,False,False,False,True,False,0,False,False,False,False,False,False,False
-0.6546427863050848,0.346605647392948,-1.4909347599346818,False,False,True,False,False,False,False,False,False,False,0,False,False,False,False,False,False,True
-0.722433233209194,-0.9559778674420595,0.35904710308828447,False,True,False,False,False,True,True,False,False,False,0,False,False,True,False,False,False,False
-0.8248653009729808,-0.8745663977648716,-0.8139907239585651,False,False,False,False,False,True,False,True,True,True,0,False,False,True,False,False,True,False
-0.9355516459504805,-1.2002122764736234,-0.1552976301288631,True,False,False,False,False,True,False,False,False,False,0,True,False,False,True,False,False,False
1.2527538360104713,1.3642490183577978,0.48016699187812906,False,False,True,True,True,False,True,True,False,True,1,True,True,True,True,False,True,False
2.1597364505970233,1.4863662228735797,1.319710330613215,False,True,False,True,False,True,False,True,True,True,0,True,False,False,True,True,False,False
0.9339982372256052,0.22448844287716607,1.518811517665014,True,True,False,True,True,True,True,True,True,False,0,True,False,True,True,True,False,False
-0.979742763054746,-1.2816237461508113,0.16326426915401518,True,True,False,True,False,True,False,False,False,False,0,False,False,False,False,False,False,False
1.379663348171305,0.631545791263106,1.5553134019578436,False,True,True,True,True,False,True,True,False,True,0,True,True,True,True,True,True,False
-0.6417564545911235,-0.5489205190561197,-0.6646648336697157,False,False,False,False,False,False,True,False,False,False,0,False,False,False,False,False,False,True
-0.8892750066778566,-0.6710377235719016,-1.5125040551986266,False,False,False,False,False,False,True,False,False,False,0,False,True,False,False,False,False,True
-0.5027070081239513,-0.5896262538947137,-0.14368339421750811,False,False,False,False,True,True,False,False,False,False,0,True,False,True,False,False,False,True
-0.7884894037838263,-0.30468611002455576,-1.4942531130522119,True,False,False,True,False,False,True,False,True,False,0,False,True,False,False,False,False,False
0.8505114918964833,0.9164859351332638,0.48016699187812906,True,True,False,True,False,False,True,True,False,True,0,False,True,False,False,False,False,False
-0.948284307609931,-1.2002122764736234,-0.6497322446408307,True,False,False,True,False,True,False,False,False,False,0,False,False,False,False,False,False,False
-0.753145291246386,-0.9966836022806536,0.5415565245524336,True,True,False,True,False,True,False,False,False,False,1,True,False,True,False,False,False,False
-0.04046748415603531,0.26519417771576004,-0.18682198474539805,True,False,False,False,False,False,False,True,True,False,0,False,False,False,False,True,False,False
-0.9586241069920022,-1.1188008067964355,-1.4859572302583868,False,False,False,False,False,False,False,False,False,False,0,False,False,False,False,False,False,True
2.2235534289487866,1.1607203441648277,1.7809614139498826,True,True,False,False,True,True,False,True,True,True,0,True,False,True,True,True,False,False
-0.9947146169370654,-1.2816237461508113,-0.9682941439237093,True,False,False,False,False,True,False,False,False,False,0,False,False,False,True,False,False,False
-0.96567097663456,-1.1595065416350294,-1.3167212212643575,False,False,False,True,False,False,False,False,False,False,0,True,False,False,False,False,False,True
1.0909831743406584,1.2421318138420157,0.49012205123071895,False,False,False,False,True,True,True,False,True,True,0,True,False,False,True,True,True,False
-0.8872992488341488,-0.8338606629262776,-1.3266762806169474,False,False,False,True,False,False,False,False,True,False,0,True,False,False,False,False,True,False
-0.9152452458901498,-1.2002122764736234,0.33913698438310474,False,True,False,False,False,True,True,False,False,False,0,True,False,False,False,False,True,False
-0.3258108225173087,-0.7117434584104956,1.3412796258771595,False,True,False,False,False,True,True,False,False,True,0,True,True,True,True,True,False,False
-0.04095044718449718,0.7129572609402939,-0.7260543663440205,False,False,False,True,True,True,False,False,True,True,0,False,True,False,True,False,False,False
0.7279705998567367,0.387311382231542,1.0061259610066313,False,True,False,True,False,True,True,False,False,True,0,True,False,True,True,False,False,False
-0.9279779075496003,-0.9152721326034655,-1.4925939364934466,False,False,False,False,False,True,True,False,False,False,0,False,False,False,False,False,False,False
0.3756929763236276,0.9164859351332638,-0.18184445506910288,False,False,False,True,True,False,True,False,True,False,0,False,True,False,False,True,True,False
-0.22954750979887634,-0.38609757970174374,0.3341594547068096,False,True,False,False,True,True,False,False,False,False,0,False,False,False,False,False,False,False
-0.7232893949414674,-0.9559778674420595,0.1367174442137754,False,False,False,True,False,True,True,False,False,True,0,True,False,True,False,True,True,False
1.3973354044400252,1.0793088744876398,0.9663057235962715,True,True,False,False,True,True,True,True,True,True,1,True,False,True,False,False,False,False
1.6921623804510961,1.6084834273893616,0.6693131195773377,False,False,True,False,True,False,True,True,False,True,0,False,False,True,True,True,False,True
-0.9683272732911007,-1.2816237461508113,1.026036079711811,True,True,False,False,False,True,False,True,False,False,0,False,False,False,True,True,False,False
-0.7949874518031321,-0.3453918448631497,-1.4544328756418519,False,False,True,False,False,True,True,False,False,False,0,False,True,False,False,False,True,False
0.732822183006286,1.0386031396490458,0.06205449906935077,False,False,False,False,False,True,True,False,False,True,0,True,True,False,True,False,False,False
0.018958921209710683,-0.06045170099299184,0.34245533750063456,False,False,False,True,True,True,True,True,True,True,0,True,True,False,False,True,False,False
-0.8723493478167594,-0.6710377235719016,-1.5042081724048018,False,False,False,False,False,False,True,False,False,False,0,False,False,False,False,False,False,True
0.26803612670648,0.18378270803857208,0.4751894622018339,False,False,False,True,True,False,True,False,True,False,0,True,False,True,True,True,False,True
-0.505648692024583,-0.6303319887333076,0.13505826765501053,True,True,False,True,False,True,True,False,False,False,0,False,True,False,False,False,False,False
1.0676911846498363,0.6722515261016999,0.9596690173612115,False,True,False,True,True,True,True,False,False,True,0,True,False,False,True,False,False,False
-0.967163771449806,-1.2409180113122174,-0.6563689508758908,True,False,False,True,False,True,False,False,False,False,0,False,False,False,False,False,False,False
0.7643904027757514,0.590840056424512,0.6825865320474579,False,True,False,True,True,False,False,False,False,False,1,False,False,False,False,True,False,True
-0.9798964331092566,-1.2816237461508113,0.15165003324266044,True,True,False,False,False,True,False,False,False,False,0,False,False,False,False,False,False,False
1.1642179317474293,0.9571916699718578,0.8219573629837174,False,True,False,True,False,False,True,False,False,False,0,False,False,False,True,True,False,True
0.8496992358940704,0.5501343215859179,0.8634367769528422,False,True,False,False,False,False,True,True,True,False,0,False,True,True,False,True,False,False
1.7729050176639571,1.6084834273893616,0.8219573629837174,False,False,True,True,True,False,True,True,False,True,0,True,True,True,True,True,True,False
0.8387008505640966,0.428017117070136,1.1637477340893057,True,True,False,True,False,True,False,True,True,False,0,True,False,False,True,True,False,False
-0.9794573758106548,-1.2816237461508113,0.18483356441796028,True,True,False,False,False,False,False,False,False,False,0,False,False,False,False,False,False,False
2.512079932724923,1.6084834273893616,1.550335872281549,False,True,True,True,False,True,True,True,False,True,1,True,False,True,True,True,False,False
-0.843042273135093,-0.8338606629262776,-1.1806687434456282,False,False,False,True,False,True,False,False,False,True,1,False,False,False,False,False,True,False
0.29172326796604403,1.4456604880349857,-0.7625562506368502,True,False,True,True,True,True,True,False,False,True,1,False,False,True,False,False,False,False
0.828251286857375,0.346605647392948,1.1106540842088262,True,True,False,True,False,True,False,False,False,False,1,True,False,True,True,True,False,False
1.4095192444762235,1.0386031396490458,0.8833468956580218,True,True,False,False,False,True,True,False,False,True,0,False,True,True,True,False,False,False
-0.513705393453925,0.26519417771576004,-1.1557810950641534,False,False,False,False,False,False,False,False,False,False,0,False,True,True,False,False,True,False
0.6063956338739138,0.631545791263106,0.458597696614184,False,False,False,True,True,True,False,False,True,False,0,True,True,True,True,True,True,False
-0.7703124316217141,-0.30468611002455576,-1.3117436915880627,False,False,False,True,False,True,True,False,False,False,0,True,True,False,False,False,False,False
-0.8828428172533411,-0.6710377235719016,-1.4743429943470319,False,False,True,True,False,False,True,False,False,False,0,False,True,False,False,False,False,True
-0.05012674472527367,-0.3453918448631497,0.8169798333074222,True,True,False,True,False,True,False,False,False,True,0,False,False,True,False,True,False,False
0.6941412349994724,0.428017117070136,0.8534817176002523,False,True,False,True,True,True,False,True,True,True,0,False,False,True,False,False,True,False
-0.9950219570460865,-1.2816237461508113,-0.9915226157464192,False,False,False,False,False,False,False,False,False,False,0,False,False,False,False,True,False,True
-0.9360126561140123,-1.2002122764736234,-0.3394662281517771,False,False,False,True,False,True,False,False,False,False,0,False,True,False,True,False,True,False
-0.9095594538732573,-1.2002122764736234,0.17653768162413533,True,True,False,False,False,True,False,False,False,False,0,False,False,False,False,False,False,False
0.382103212883213,0.9978974048104517,-0.3062826969764773,True,False,False,True,True,False,True,True,False,False,0,False,False,False,False,False,False,False
1.3775997788678769,0.9978974048104517,0.9646465470375066,False,True,False,False,False,False,True,False,False,True,1,True,False,True,False,True,True,False
-0.9864822925882827,-1.2816237461508113,-0.3461029343868372,True,False,False,False,True,False,False,True,False,False,0,False,True,False,False,False,False,False
-0.8275655033593815,-0.9559778674420595,-0.6563689508758908,True,False,False,False,False,False,False,False,False,False,0,False,False,False,False,False,False,False
-0.7585017902893272,-1.0780950719578415,1.0227177265942813,True,True,False,True,False,True,True,False,False,False,1,False,False,True,True,True,False,False
1.8861598478382768,1.2421318138420157,1.3230286837307448,False,True,True,True,False,True,True,False,False,True,0,True,True,True,True,True,False,False
-0.5458443877115726,-0.7524491932490895,0.5116913464946635,False,True,False,False,False,True,False,False,False,False,1,True,False,True,False,False,False,False
-0.4465735324977183,-0.38609757970174374,-0.3195561094465974,False,False,False,True,False,True,False,True,False,True,0,False,True,False,False,False,False,False
-0.2720921620333854,1.5677776925507676,-1.3432680462045974,False,False,True,False,False,True,True,False,False,False,0,True,False,False,False,False,True,False
0.7629415136903657,0.428017117070136,0.9165304268333218,False,True,False,False,False,True,True,False,False,False,0,True,True,True,False,True,False,False
-0.35318604508512735,-0.6303319887333076,0.8037064208373025,True,True,False,False,False,True,False,False,False,True,1,False,False,True,True,False,False,False
-0.7296557257711926,-0.7117434584104956,-0.618207890024296,True,False,False,False,False,False,True,False,False,False,0,False,True,False,False,False,False,False
-0.16562076712246246,0.1023712383613841,-0.3212152860053623,False,False,True,True,True,False,False,False,False,False,0,True,False,False,False,False,False,True
0.41364947978774824,-0.06045170099299184,1.303118565025565,True,True,False,False,False,True,True,True,False,False,0,True,True,True,True,True,False,False
1.7667362626186025,1.5677776925507676,0.8435266582476619,True,False,True,True,True,False,True,True,False,True,0,True,True,True,True,True,False,False
0.09796728209309441,0.06166550352279012,0.29931674697274485,False,True,False,False,False,True,False,False,False,True,0,False,False,False,False,False,True,False
-0.5737464790377135,-0.7117434584104956,-0.009290092957543614,False,False,False,False,True,True,False,False,False,False,0,True,False,False,False,True,False,False
-0.2990502801675324,1.4456604880349857,-1.3117436915880627,False,False,True,True,False,False,True,False,False,False,0,True,True,False,False,False,False,False
-0.09581065664478519,-0.2639803751859618,0.5664441729339085,False,False,False,True,False,True,True,True,True,False,0,True,True,True,True,True,True,False
-0.979479328675585,-1.2816237461508113,0.18317438785919538,False,False,False,True,True,True,False,True,False,True,0,False,True,False,False,True,False,False
0.7471354509407029,0.9978974048104517,0.16326426915401518,False,False,True,False,True,False,False,True,False,False,1,False,False,True,True,False,False,False
0.610961829779372,0.26519417771576004,1.0160810203592212,True,True,False,False,True,True,False,True,True,False,0,False,False,True,True,False,False,False
-0.4946064009647491,0.5501343215859179,-1.3283354571757127,True,False,False,True,False,False,True,False,True,False,0,True,True,False,False,False,False,False
1.928045914124883,1.2828375486806096,1.309755271260625,False,True,True,True,False,True,False,False,False,True,0,True,False,True,True,True,False,False
-0.8904604613840813,-1.2002122764736234,0.9945117250952766,True,True,False,False,False,False,True,False,False,False,0,True,False,False,True,True,False,False
-0.9803574432727885,-1.1595065416350294,-1.4859572302583868,False,False,False,False,False,True,False,False,False,False,0,False,False,False,False,False,True,False
1.8828010595039737,1.5677776925507676,0.873391836305432,False,False,True,True,True,True,True,True,False,True,0,True,True,True,True,True,False,True
0.0570910475932721,-0.3453918448631497,1.1405192622665956,False,True,False,False,False,True,True,False,False,True,0,False,False,True,True,True,True,False
-0.6682755154266689,0.428017117070136,-1.5025489958460367,False,False,True,False,False,True,False,False,False,False,0,False,False,False,False,False,False,False
-0.5239354285113456,-0.6303319887333076,0.13505826765501053,False,False,False,False,False,True,False,True,False,False,0,True,False,True,True,False,False,True
0.25163733660370474,0.06166550352279012,0.6726314726948681,False,True,False,True,False,True,True,False,False,False,1,False,False,True,True,False,True,False
-0.8192453675508784,-0.9152721326034655,-0.6663240102284806,False,False,False,True,False,True,False,False,False,False,0,False,False,False,False,False,True,False
0.6025099767812884,0.30589991255435406,0.8833468956580218,True,True,False,False,False,True,False,False,False,False,1,False,False,False,True,True,False,False
0.35209364652378383,0.7943687306174818,-0.168571042598983,False,False,True,False,True,False,False,False,False,False,1,True,False,True,False,False,False,False
0.9826238330457483,0.7536629957788878,0.9580098408024466,True,True,False,False,True,True,True,False,False,True,0,True,True,False,False,True,False,False
-0.43381891797333766,-0.7931549280876836,1.1886353824707805,True,True,False,True,False,False,False,True,False,False,0,True,False,False,True,True,False,False
-0.4981627650834232,-0.5896262538947137,-0.004312563281248919,True,False,False,False,True,False,False,False,False,False,0,True,True,False,False,True,False,False
-0.13881631904282593,-0.10115743583158582,-0.014267622633838777,True,False,False,False,False,True,True,True,True,False,0,False,True,True,True,False,False,False
-0.8690783709421763,-1.1595065416350294,0.3275227484717495,False,True,False,True,False,True,False,False,False,False,0,False,False,True,False,False,False,False
-0.9110961544183633,-1.1595065416350294,-0.03915527101531366,False,False,False,True,False,True,False,True,False,True,0,False,False,False,True,False,False,False
-1.0015419579303226,-1.2816237461508113,-1.4842980536996218,False,False,False,True,False,True,False,False,False,False,0,False,False,False,False,False,False,True
-0.675366290799087,0.22448844287716607,-1.5042081724048018,False,False,False,False,False,False,True,False,True,False,0,False,True,False,False,False,True,False
1.705224335084498,1.6084834273893616,0.6560397071072182,False,True,True,False,True,True,False,True,False,False,0,True,False,False,False,False,False,False
1.508724241095288,1.6084834273893616,0.5150096996121938,False,True,True,False,True,False,True,False,False,False,0,True,False,False,False,False,False,False
-0.9864164339934924,-1.2816237461508113,-0.34112540471054226,True,False,False,False,False,True,False,False,False,False,0,False,False,False,True,False,False,False
1.5685018922999152,0.9571916699718578,1.2699350338502653,True,True,True,True,False,True,True,True,False,False,0,True,True,True,True,True,False,False
-0.5069658639203881,-0.7117434584104956,0.35572874997075465,True,True,False,True,False,False,False,False,False,False,1,True,False,False,False,False,False,False
-0.26465014082208577,1.3235432835192036,-1.2752418072952327,False,False,True,False,False,False,False,False,False,False,0,True,False,False,False,False,False,False
-0.8712736574351851,-1.1188008067964355,-0.017585975751368575,False,False,False,True,True,False,True,True,False,True,0,True,True,False,False,False,True,False
-0.22059074090740072,1.6084834273893616,-1.3183803978231226,False,False,True,True,False,True,True,False,False,False,0,True,True,False,False,False,False,False
1.9933117815620325,1.6084834273893616,1.0924031420624107,True,True,True,False,False,True,True,False,False,False,0,True,False,True,True,True,False,False
-0.24899774812693357,0.06166550352279012,-0.5020655309107466,True,False,False,True,False,True,False,False,False,True,0,False,False,False,False,False,False,False
1.6596721403545671,1.2828375486806096,0.9729424298313315,True,True,False,True,False,True,True,False,False,True,1,True,False,True,False,True,False,False
-0.38938631935484114,1.3235432835192036,-1.477661347464562,False,False,True,True,False,True,True,False,False,False,0,False,False,False,False,False,True,False
1.241711544950637,0.8757802002946699,1.0708338467984662,False,True,True,False,False,True,False,False,False,True,0,True,False,False,True,True,False,False
-1.0014760993355323,-1.2816237461508113,-1.4793205240233267,False,False,False,True,False,False,False,False,False,False,0,False,False,False,False,False,False,True
-0.6201987412297779,-0.8745663977648716,0.659358060224748,True,True,False,True,False,False,False,False,False,False,0,False,False,True,False,True,False,False
-0.8686393136435746,-1.0780950719578415,-0.32453363912289235,False,False,False,False,True,False,False,False,False,True,0,False,False,False,False,False,False,True
-0.28956664251773473,1.4863662228735797,-1.3499047524396575,False,False,True,False,False,False,True,False,False,False,0,True,False,False,False,False,False,False
-0.9766254562346737,-1.2002122764736234,-1.4743429943470319,True,False,False,True,False,True,False,False,False,False,0,False,False,False,False,False,False,False
0.9560608664803428,1.6084834273893616,0.010620025747636104,False,False,True,True,True,True,True,True,False,True,0,False,True,True,True,True,True,False
0.5187597970730058,0.7943687306174818,0.12676238486118555,True,False,False,True,False,True,True,True,True,True,0,False,True,True,True,False,False,False
0.5502621582476809,0.1023712383613841,1.1322233794727707,True,True,False,False,True,True,False,False,False,False,1,True,False,False,True,True,False,False
1.911120255263786,1.2828375486806096,1.2450473854687905,False,True,False,True,False,True,True,True,True,True,0,False,False,True,True,True,True,False
-0.413512517913007,1.3642490183577978,-1.4793205240233267,True,False,False,True,False,True,True,False,True,False,0,False,True,False,False,False,False,False
0.3269795690437642,-0.1825689055087738,1.3230286837307448,True,True,False,False,False,True,True,True,False,False,0,True,False,True,True,True,False,False
1.198859552607107,0.5094285867473239,1.5685868144279638,False,True,False,True,True,False,False,True,True,True,0,False,False,True,True,True,True,False
-0.6128225786132686,0.46872285190873,-1.477661347464562,False,False,True,True,False,False,False,False,False,False,0,False,False,False,False,False,True,False
-0.9281096247391809,-1.2409180113122174,0.6842457086062228,True,True,False,False,False,True,False,False,False,False,1,True,False,False,True,False,False,False
0.8397326352158104,0.9164859351332638,0.3341594547068096,False,False,False,False,True,True,True,True,True,True,0,True,True,False,True,False,True,False
-0.9748472741753365,-1.2409180113122174,-0.6331404790531808,False,False,False,True,False,False,False,False,False,False,0,False,False,False,False,False,False,True
2.30750118444144,1.6084834273893616,1.2948226822317401,False,True,True,False,True,True,True,True,False,True,0,True,False,True,True,False,False,False
-0.9754839072583089,-1.2816237461508113,0.4851445215544238,True,True,False,False,False,False,False,False,False,False,0,False,False,False,True,False,False,False
-0.3743047011478713,0.18378270803857208,-0.8206274301936248,False,False,False,True,True,False,True,False,False,True,0,False,True,True,False,False,False,False
0.8500943874628117,1.2014260790034217,0.14833168012513065,False,False,True,True,True,False,False,True,False,True,0,True,False,True,False,False,False,False
-0.9215896238549449,-0.8745663977648716,-1.461069581876912,False,False,True,False,False,False,True,False,False,False,0,False,True,False,False,False,True,False
-0.465628619257034,1.3642490183577978,-1.5125040551986266,False,False,True,True,False,False,False,False,False,False,0,False,False,False,False,False,False,False
-0.3090607865756521,-0.2639803751859618,-0.14036504109997808,False,False,False,False,False,False,True,False,True,False,1,False,False,True,False,True,False,True
-0.9539481467618935,-1.0373893371192475,-1.5075265255223318,False,False,False,True,False,False,False,False,True,False,0,False,False,False,False,False,False,True
-0.5753490381776097,-0.9152721326034655,1.1587702044130104,True,True,False,True,False,True,True,True,False,True,0,False,False,False,True,True,False,False
2.316194518953755,1.6084834273893616,1.4109650413452897,False,True,True,False,True,False,True,True,False,False,0,True,True,True,True,True,False,True
-0.979764715919676,-1.2816237461508113,0.1616050925952503,True,True,False,True,False,True,False,False,False,False,0,False,False,False,False,False,False,False
-0.9150915758356392,-1.1595065416350294,-0.48547376532309666,True,False,False,False,True,False,True,False,False,False,0,False,True,False,False,False,False,False
-0.8958608661568828,-0.8338606629262776,-1.5008898192872717,False,False,False,False,False,False,False,False,True,False,0,False,False,False,False,False,False,True
-0.9893581178941242,-1.2816237461508113,-0.563455063585051,True,False,False,True,True,False,False,False,False,False,0,False,False,False,False,False,False,False
1.1209049292403674,0.5501343215859179,1.4590811615494745,False,True,True,False,False,True,True,True,False,True,0,True,False,True,True,True,True,False
-0.4529837690573038,-0.3453918448631497,-0.45892694038285664,False,False,False,True,False,True,False,True,False,False,0,False,False,False,False,False,True,False
-0.6364219084131124,-0.8745663977648716,0.4337100482327091,False,True,False,True,False,True,False,False,False,False,0,True,True,True,False,False,False,True
-0.8347879959213802,-0.5082147842175256,-1.4892755833759168,False,False,True,True,False,False,True,False,False,False,0,False,True,False,False,False,False,True
0.42756759615342366,0.020959768684196134,1.0077851375653963,False,True,False,True,True,True,False,False,False,False,0,True,True,True,False,True,False,False
-0.5456248590622718,-0.7931549280876836,0.6477438243133932,True,True,False,False,False,True,False,False,False,True,0,True,False,True,False,False,False,False
-0.5830544937680704,0.6722515261016999,-1.4859572302583868,False,False,True,False,False,True,True,False,False,False,0,False,False,False,False,False,False,False
-0.8785181028621138,-0.7524491932490895,-1.5042081724048018,False,False,False,True,False,False,False,False,False,False,0,False,False,False,False,False,True,False
-0.23229161791513722,-0.3453918448631497,0.4619160497317138,True,True,False,True,True,True,True,False,False,False,1,True,False,False,False,False,False,False
-0.8409787038316647,-1.1595065416350294,1.2019087949409006,True,True,False,True,False,False,True,False,False,False,0,True,True,True,True,True,False,False
1.2154559184942528,0.6722515261016999,1.1836578527944854,False,True,False,True,False,True,False,True,True,False,0,True,True,False,True,True,False,False
-0.9781621567797798,-1.1595065416350294,-1.5241182911099815,False,False,False,True,False,False,False,False,False,False,0,False,False,False,False,False,False,True
-0.2556055604708898,1.5677776925507676,-1.3399496930870676,True,False,True,False,False,False,False,False,False,False,0,True,False,False,False,False,False,False
-0.5162080200559549,0.9978974048104517,-1.469365464670737,False,False,True,True,False,False,False,False,False,False,0,False,False,False,False,False,False,False
-0.285110210936927,-0.5489205190561197,0.6576988836659831,True,True,False,True,True,True,False,False,False,False,0,True,False,True,False,False,False,False
-0.38497379350389366,-0.5489205190561197,0.29599839385521454,False,True,False,True,False,True,False,False,False,True,0,False,False,False,False,False,True,False
-0.47482686966274057,-0.7117434584104956,0.6759498258123978,True,True,False,True,False,False,False,False,False,False,0,False,False,True,True,False,False,False
1.3745044249127345,0.7129572609402939,1.4541036318731793,False,True,False,False,True,False,True,False,False,True,1,True,False,True,True,True,False,False
-0.3398167503427043,-0.5896262538947137,0.8319124223363072,False,True,False,False,False,True,False,False,False,True,0,True,False,False,True,False,True,False
-0.02931542877155097,0.14307697319997809,-0.14036504109997808,False,False,False,True,True,False,True,True,True,False,0,False,True,True,True,True,True,False
0.16163059039034727,0.22448844287716607,0.13505826765501053,False,False,False,True,False,False,True,True,True,False,0,True,False,True,False,True,True,False
2.3516264429509155,1.6084834273893616,1.3661672742586346,False,True,True,False,True,False,True,True,False,True,0,True,True,True,True,False,True,False
-0.9895556936784949,-1.2409180113122174,-1.3432680462045974,False,False,False,True,False,True,False,False,False,False,1,False,False,False,False,False,False,True
0.6459986022077912,0.631545791263106,0.33913698438310474,True,True,False,False,False,False,False,False,True,True,0,False,False,False,False,False,False,False
-0.9884141447021304,-1.2816237461508113,-0.49211047155815646,False,False,False,False,False,True,False,False,False,False,0,True,False,False,False,False,False,True
2.1779134227591355,1.4863662228735797,1.3744631570524595,False,True,True,True,True,True,True,True,False,True,0,False,True,False,True,True,True,False
-0.7801912208402534,-0.8338606629262776,-0.6613464805521857,False,False,False,False,False,True,False,False,False,False,0,False,False,False,False,False,False,False
-0.9740130653079931,-1.1595065416350294,-1.4925939364934466,True,False,False,False,False,True,True,False,False,False,0,False,True,False,False,False,False,False
-0.979479328675585,-1.2816237461508113,0.18317438785919538,False,True,False,True,False,True,False,False,False,False,0,False,True,False,False,False,False,True
-0.5423099764578285,0.5501343215859179,-1.3432680462045974,False,False,False,False,False,True,True,False,True,False,0,True,False,False,False,False,False,False
-0.41456625542965125,1.3642490183577978,-1.472683817788267,False,False,True,True,False,False,False,False,False,False,0,False,True,False,False,False,False,True
-0.8336464469450158,-0.8745663977648716,-0.9583390845711194,False,False,False,False,True,True,False,True,True,False,0,False,True,False,False,False,False,True
-0.645642111683749,-0.3453918448631497,-0.9682941439237093,False,False,True,True,True,False,False,True,False,False,0,False,True,False,False,False,False,True
2.432808137462378,1.5270719577121736,1.6532048189249784,False,True,True,True,True,False,True,True,False,True,0,True,True,True,True,True,True,False
-0.46826296304864445,1.2421318138420157,-1.4925939364934466,False,False,True,True,False,True,True,False,False,False,0,False,False,False,False,False,False,False
-0.9624658583547674,-1.0780950719578415,-1.4909347599346818,False,False,False,False,False,False,False,False,False,False,0,False,False,False,False,False,False,True
-0.8858284068838329,-0.7524491932490895,-1.4942531130522119,False,False,False,True,False,False,False,False,False,False,0,False,False,False,False,False,False,True
-0.22162252555911488,1.4863662228735797,-1.2918335728828827,False,False,True,True,False,True,True,False,False,False,0,True,True,False,False,False,False,False
-0.8328780966724627,-1.0373893371192475,-0.37430893588584213,True,False,False,False,True,True,False,False,False,False,0,True,False,False,False,False,False,False
-0.8998782404390887,-1.2002122764736234,0.48846287467195404,False,True,False,True,False,True,True,True,False,False,0,True,False,False,False,False,False,False
0.5169596621487387,1.0386031396490458,-0.12875080518862334,False,False,False,False,True,True,True,True,True,False,0,True,False,False,False,False,False,False
-0.8694515696459879,-0.8745663977648716,-1.3183803978231226,True,False,False,False,False,False,False,False,False,False,0,False,True,False,False,False,False,False
2.574096776152419,1.6084834273893616,1.6084070518383238,False,True,True,True,True,False,False,True,False,True,0,True,False,True,True,True,False,False
-0.3237472532138804,1.2014260790034217,-1.2984702791179428,False,False,True,False,False,True,False,False,False,False,0,True,False,False,False,False,True,False
-0.9877555587542278,-1.2409180113122174,-1.4959122896109767,False,False,False,True,False,False,False,False,False,False,0,False,False,False,False,False,False,True
0.39703116103567226,-0.06045170099299184,1.3080960947018598,True,True,False,False,True,False,False,False,False,True,0,True,False,False,True,True,False,False
-1.0001150217098669,-1.2816237461508113,-1.3764515773798973,True,False,False,True,False,True,True,False,False,False,0,False,False,False,False,False,False,False
-0.9586899655867922,-1.1595065416350294,-1.5008898192872717,False,False,False,True,False,False,False,False,True,False,0,False,False,False,False,False,False,True
0.9930075381576794,0.590840056424512,1.0044667844478665,False,True,False,True,False,True,True,False,True,False,0,True,False,False,True,True,True,False
0.42262820154415404,0.346605647392948,0.5183280527297236,True,False,False,False,False,True,False,False,True,True,0,True,False,True,True,True,False,False
-0.18706871615915763,0.590840056424512,-0.7642154271956153,False,False,True,False,True,False,False,True,False,False,0,False,False,True,False,False,False,True
-0.994846334126646,-1.2816237461508113,-0.9782492032762992,True,False,False,True,False,True,False,False,False,False,0,False,False,False,False,True,False,False
-0.9353760230310397,-0.9966836022806536,-1.4925939364934466,False,False,False,False,False,False,False,False,False,False,0,False,True,False,False,False,False,True
0.23627033115264373,0.06166550352279012,0.6576988836659831,False,False,True,False,True,False,True,True,False,True,0,False,True,True,True,True,False,True
-0.5371291003343279,0.428017117070136,-1.3499047524396575,False,False,True,True,False,False,True,False,False,False,0,True,True,False,False,False,False,True
-0.9069470629465768,-1.1595065416350294,-0.4771778825292717,False,False,False,False,True,True,False,False,False,False,0,False,False,False,False,False,False,False
1.2038428529462366,0.8350744654560759,1.089084788944881,False,True,False,True,False,False,True,True,True,True,0,True,False,False,False,True,False,False
1.7653532321280072,1.4863662228735797,0.8534817176002523,False,False,True,True,True,False,False,True,False,True,0,True,False,True,True,True,False,True
-0.9149379057811287,-1.2002122764736234,0.31756768911915967,True,True,False,True,False,False,False,False,False,False,0,True,False,False,False,False,False,False
0.7756741753498162,1.2828375486806096,0.028870967894050924,False,False,False,False,True,False,True,True,True,False,0,False,True,False,True,False,False,True
-0.9121059862051473,-0.9152721326034655,-1.3316538102932427,False,False,False,True,False,False,False,False,False,False,0,True,True,False,False,False,True,False
-0.7726613881692335,-0.30468611002455576,-1.4710246412295018,False,False,False,True,False,False,False,False,False,False,0,False,False,False,False,False,False,True
-0.9881946160528295,-1.2816237461508113,-0.47551870597050655,False,False,False,True,True,False,False,False,False,False,0,False,True,False,False,False,False,True
0.20419719548978646,-0.019745966154397852,0.7539311240743528,False,True,False,True,True,False,False,True,False,False,0,True,False,False,False,False,False,False
0.24307571928097074,0.14307697319997809,0.473530285643069,False,False,False,True,True,True,False,True,False,False,0,False,False,True,True,True,True,False
-0.33838981412224867,-0.10115743583158582,-0.3195561094465974,False,False,False,False,True,True,False,False,False,True,0,False,False,False,False,False,False,False
-0.19209592222814761,-0.30468611002455576,0.3109309828840996,False,False,False,False,True,False,False,True,True,True,0,False,False,True,True,False,False,True
0.2913061635323725,-0.1418631706701798,1.2948226822317401,True,True,False,True,False,True,True,False,False,False,1,True,True,True,True,True,False,False
-0.9770425606683453,-1.2816237461508113,0.3673429858821094,True,True,False,False,False,False,False,False,False,False,0,True,False,False,False,False,False,False
1.7348826556050458,0.9978974048104517,1.4756729271371243,False,True,False,False,False,True,True,True,True,True,0,True,False,True,True,True,False,False
-0.786140447236307,-0.30468611002455576,-1.4942531130522119,False,False,False,True,False,False,False,False,True,False,0,False,False,False,False,False,True,False
0.5354000686900119,-0.019745966154397852,1.3744631570524595,False,True,False,True,False,False,True,False,False,True,1,True,False,True,True,True,False,False
1.7397561916195254,1.5677776925507676,0.7273842991341125,False,False,True,True,True,False,True,True,False,True,0,True,True,True,True,True,False,False
-0.950808887076891,-1.1595065416350294,-0.9931817923051841,False,False,False,False,True,False,False,False,False,False,0,False,False,True,False,False,False,True
1.1484118689977665,0.9164859351332638,0.8368899520126024,True,False,False,False,True,True,True,True,True,True,0,True,False,True,True,True,False,False
-0.31913715157856215,-0.6303319887333076,0.8933019550106117,True,True,False,False,True,False,True,True,False,False,0,False,True,False,True,False,False,False
-0.3191151987136321,1.2421318138420157,-1.3366313399695375,False,False,True,True,False,False,True,False,False,False,0,True,True,False,False,False,True,False
-0.8937094853937343,-1.0373893371192475,-0.6812565992573657,True,False,False,True,False,True,False,True,False,True,1,False,False,False,False,True,False,False
2.802713911534347,1.6084834273893616,1.7544145890096428,False,True,False,True,True,True,True,True,True,True,0,True,False,True,True,True,False,False
-0.3094120324145336,0.5094285867473239,-1.0197286172454239,True,False,False,False,False,False,False,False,True,False,1,False,False,False,False,True,False,False
-0.971181145732012,-1.2816237461508113,0.8103431270723621,True,True,False,False,False,True,False,False,False,False,0,False,True,False,True,True,False,False
2.527885995474586,1.6084834273893616,1.510515634871189,False,True,True,False,True,True,True,True,False,False,0,True,True,True,True,True,False,False
-0.6099906590372873,-0.8338606629262776,0.5481932307874936,True,True,False,True,False,True,False,False,False,False,0,False,False,False,True,False,False,False
0.2706046119033002,-0.10115743583158582,1.2135230308522553,True,True,False,True,False,True,True,True,False,False,1,True,False,False,True,True,False,False
2.52904949731588,1.6084834273893616,1.5918152862506738,False,True,False,True,True,True,True,True,False,True,1,True,False,True,True,True,True,False
-0.21435612726725603,-0.30468611002455576,0.14501332700760036,True,True,False,False,False,True,True,False,False,False,1,False,False,False,False,False,False,False
-0.06573523169056575,-0.22327464034736777,0.6726314726948681,False,True,False,True,False,True,True,True,False,True,0,True,True,False,False,False,True,False
0.8469112220479491,1.0386031396490458,0.22133544871078992,False,False,True,True,True,False,True,True,False,True,0,True,True,True,False,False,True,False
-0.9680638389119396,-1.2409180113122174,-0.6613464805521857,False,False,False,True,False,True,False,False,False,False,0,False,False,False,False,False,False,True
0.5531379835535224,1.1200146093262338,-0.17023021915774814,False,False,False,True,True,True,True,False,True,False,0,False,False,False,True,False,False,True
-0.8367198480352279,-0.5082147842175256,-1.5008898192872717,False,False,False,False,False,False,True,False,True,False,0,False,True,False,False,False,False,False
1.2915884540717955,1.2421318138420157,0.5996277041092083,False,False,False,False,True,False,False,True,True,True,1,True,False,True,True,False,False,False
-0.8745885400396284,-0.7524491932490895,-1.4992306427285067,False,False,False,True,False,False,True,False,True,False,0,False,True,False,False,False,False,True
-0.7393588920702913,-0.1418631706701798,-1.4793205240233267,False,False,False,False,False,False,False,False,True,False,0,False,False,False,False,False,False,True
-0.9801379146234876,-1.2816237461508113,0.13339909109624562,True,True,False,False,False,True,True,False,False,False,0,False,False,False,False,False,False,False
0.14152176611438752,-0.1418631706701798,0.8202981864249524,False,True,False,True,False,False,False,True,False,True,0,False,False,False,True,False,False,True
-0.9221164926132671,-1.1595065416350294,-0.4373576451189118,False,False,False,True,False,False,False,False,False,False,0,True,False,False,False,False,True,False
2.5580711847534556,1.5270719577121736,1.679751643865218,False,True,False,False,True,False,False,True,True,True,0,True,False,True,True,True,True,False
-0.8500013313179307,-1.0780950719578415,-0.29964599074141746,False,False,False,False,True,False,True,False,False,True,0,False,True,False,False,False,True,False
-0.8249531124327011,-1.1595065416350294,0.9895341954189815,True,True,False,True,False,True,False,False,False,False,1,False,False,True,True,True,False,False
-0.6343583391096842,0.5501343215859179,-1.4992306427285067,False,False,True,True,False,False,True,False,False,False,0,False,True,False,False,False,True,False
-0.8575531168538806,-0.9559778674420595,-0.6812565992573657,False,False,False,True,False,True,False,False,False,False,0,False,False,False,False,False,False,True
-0.9790841771068434,-1.2816237461508113,0.21303956591696496,False,True,False,True,False,True,False,False,False,False,0,False,False,False,False,False,False,True
0.36983156138729434,-0.06045170099299184,1.2102046777347255,True,True,False,True,False,True,False,False,False,True,0,False,False,True,True,True,False,False
-0.9773279479124364,-1.2816237461508113,0.3457736906181643,True,True,False,True,False,True,False,False,False,False,1,True,False,False,False,False,False,False
0.46965123822440075,0.5094285867473239,0.29599839385521454,False,False,True,True,True,False,True,True,False,True,0,True,True,False,True,False,True,False
-0.6881648110533278,-0.8745663977648716,-0.029200211662723803,False,False,False,False,True,False,False,False,False,False,0,False,False,True,False,True,False,False
2.064285393881004,1.2421318138420157,1.490605516166009,False,True,False,False,False,True,False,True,False,True,0,True,False,True,True,True,True,False
-0.9724983176278172,-1.2002122764736234,-1.3382905165283026,False,False,False,False,False,False,False,False,False,False,0,True,False,False,False,False,False,True
-0.5608162415938921,-0.6710377235719016,-0.02256350542766374,False,False,True,True,True,False,True,False,False,False,0,False,True,True,True,False,False,True
-0.8426032158364912,-0.5489205190561197,-1.4842980536996218,False,False,False,False,False,False,True,False,False,False,0,False,True,False,False,False,False,True
1.4328770927618366,1.5677776925507676,0.4702119325255387,False,False,True,True,False,True,True,True,False,True,0,False,False,True,True,True,True,False
-0.3912303600089685,-0.6303319887333076,0.7240659460165827,True,True,False,True,False,False,False,True,True,False,0,True,False,True,False,False,False,False
-0.030939940776377545,0.7129572609402939,-0.6679831867872458,False,False,False,True,False,True,True,False,True,False,0,False,True,False,False,False,False,False
-0.9411496265076527,-1.2409180113122174,0.21138038935820005,False,True,False,True,False,True,False,False,False,False,0,False,False,False,False,False,True,False
-0.7137838044267396,0.06166550352279012,-1.5008898192872717,False,False,False,True,False,False,False,False,False,False,0,False,False,False,False,False,False,True
0.037552997805494495,0.387311382231542,-0.29300928450635744,False,False,False,True,True,False,True,False,True,False,0,True,False,False,False,False,True,False
1.5574596012400814,1.4863662228735797,0.6477438243133932,False,True,False,False,True,False,True,False,True,False,0,True,True,True,False,False,False,False
-0.8333171539710644,-0.9559778674420595,-0.6878933054924254,False,False,False,False,False,True,False,False,False,False,0,False,False,False,False,False,False,False
-0.9584265312076312,-1.1595065416350294,-1.1425076825940335,True,False,False,True,False,False,False,True,False,False,0,False,False,False,False,False,False,False
1.6456662125291717,0.8757802002946699,1.6498864658074486,False,True,False,False,True,True,True,True,True,True,0,True,False,True,True,True,False,True
-0.1530198226525924,0.020959768684196134,-0.18350363162786804,True,False,False,False,True,False,False,True,True,False,0,True,False,False,False,False,False,False
-0.5860400833985623,-0.8338606629262776,0.634470411843273,True,True,False,False,False,True,False,False,False,False,0,True,True,False,True,False,False,False
1.75602326453272,1.5677776925507676,0.680927355488693,True,False,False,True,True,False,True,True,True,False,0,True,True,True,True,True,False,False
-0.9678882159924989,-1.2002122764736234,-1.1673953309755083,True,False,False,True,False,True,False,True,False,False,0,False,False,False,False,False,False,False
-0.7799058335961623,-1.0373893371192475,0.33913698438310474,True,True,False,False,False,True,False,False,False,False,0,False,False,True,False,False,False,False
-0.6848499284488847,0.22448844287716607,-1.4892755833759168,False,False,True,False,False,False,False,False,False,False,0,False,False,False,False,False,False,True
-0.853360119652234,-0.5489205190561197,-1.4942531130522119,False,False,False,True,False,False,True,False,True,False,0,False,True,False,False,False,False,True
1.5877326019786715,1.5270719577121736,0.659358060224748,False,False,True,False,False,True,True,True,False,True,0,True,False,True,True,True,False,False
-0.2985453642741404,0.8757802002946699,-1.1458260357115635,True,False,False,True,False,False,True,False,False,True,0,False,False,False,False,False,False,False
0.5316241759220369,0.9571916699718578,0.008960849188871207,False,False,False,False,True,False,True,False,True,False,0,True,True,False,True,False,False,False
0.631575569948724,1.3235432835192036,-0.17686692539280796,False,False,True,False,True,True,False,True,False,True,0,False,False,False,False,False,False,True
0.3201961337803671,0.1023712383613841,0.6709722961361032,True,True,False,True,False,True,False,False,True,False,0,False,True,True,True,False,False,False
1.1976301921710222,1.2421318138420157,0.5515115839050234,False,True,False,False,False,True,True,False,False,True,0,True,False,False,False,False,False,False
-0.6908650134397286,0.18378270803857208,-1.5042081724048018,False,False,False,False,False,False,True,False,True,False,1,False,False,False,False,False,False,True
-0.8487939237467759,-1.1595065416350294,0.8335715988950722,True,True,False,True,False,True,False,False,False,True,0,True,False,False,False,True,False,False
-0.5830983994979305,-0.9152721326034655,1.1206091435614158,True,True,False,False,True,True,False,False,False,False,0,True,False,False,True,True,False,False
-0.9796110458651653,-1.2816237461508113,0.1732193285066055,True,True,False,False,False,True,False,False,False,False,1,False,False,False,False,False,False,False
-0.40506066491492343,1.5270719577121736,-1.497571466169742,False,False,True,False,False,False,True,False,False,False,0,False,True,False,False,False,False,False
-0.1350184734099209,-0.4268033145403377,0.8319124223363072,True,True,False,False,False,True,False,True,False,False,0,True,False,False,True,False,False,False
-0.759687244995552,-1.0373893371192475,0.450301813820359,True,False,False,False,True,True,False,True,False,True,0,False,False,False,True,True,False,False
-0.18375383355471447,-0.06045170099299184,-0.19511786753922303,False,False,False,True,False,True,True,False,False,False,0,True,False,False,True,False,True,False
0.6459327436130009,1.4863662228735797,-0.3311703453579522,False,False,True,False,False,True,True,False,False,True,0,False,True,True,True,True,True,False
0.3599308193038249,-0.10115743583158582,1.2998002119080347,True,True,False,False,False,True,False,False,False,True,1,True,False,True,True,True,False,False
0.2429000963615302,0.8350744654560759,-0.3477621109456021,True,False,False,True,False,True,False,False,False,True,1,False,False,True,True,True,False,False
-0.9789963656471229,-1.2816237461508113,0.219676272152025,False,True,False,True,False,True,False,False,False,False,0,False,False,False,False,False,False,True
1.7604357903836674,1.5677776925507676,0.8352307754538371,True,False,True,False,True,False,True,True,False,True,0,True,False,True,True,True,False,False
-0.4330505677007846,0.18378270803857208,-0.9384289658659395,True,False,False,True,False,False,False,False,False,True,1,False,False,True,False,False,False,False
2.3308590327270533,1.4863662228735797,1.5138339879887188,False,True,False,True,True,True,True,True,True,False,1,True,False,True,True,True,False,True
-0.4302845067195936,-0.6710377235719016,0.5249647589647837,False,True,False,True,True,False,True,False,False,True,0,False,False,False,False,False,False,False
-1.001651722254973,-1.2816237461508113,-1.4925939364934466,True,False,False,True,False,False,False,False,False,False,0,False,False,False,False,False,False,False
0.772095858366212,1.4863662228735797,-0.11713656927726834,False,False,True,False,True,False,True,True,False,False,0,True,True,False,False,False,True,False
0.006928751228022863,-0.4675090493789317,1.535403283252664,True,True,False,True,False,True,True,True,False,True,0,True,False,True,True,True,False,False
1.7557159244236986,1.1607203441648277,1.3777815101699897,True,True,False,True,True,True,False,False,False,False,0,True,False,True,True,True,False,False
0.7574093917279837,0.22448844287716607,1.3296653899658049,True,True,False,False,False,True,True,True,False,False,0,True,False,True,True,True,False,False
-1.0020249209587846,-1.2816237461508113,-1.5207999379924515,False,False,False,True,False,False,False,False,False,False,0,False,False,False,False,False,False,True
-0.2891495380840631,-0.38609757970174374,0.28936168762015496,False,False,False,False,False,True,True,True,False,False,0,True,False,False,True,True,True,False
-0.9197016774709575,-1.1595065416350294,-0.4821554122055666,False,False,False,True,False,False,False,False,False,False,0,True,False,False,False,False,False,True
-0.8545016686285986,-1.0780950719578415,-0.33448869847548224,True,False,False,False,False,False,True,False,False,False,0,False,True,False,True,False,False,False
-0.40644369540551895,-0.5489205190561197,0.36402463276457964,False,False,False,False,True,True,False,True,False,True,0,True,True,False,True,False,False,True
0.9424061844938284,1.2828375486806096,0.14335415044883548,False,False,True,True,True,False,True,True,False,False,0,False,True,True,True,False,False,True
-0.3751828157450748,1.2014260790034217,-1.3664965180273074,False,False,False,True,False,True,True,False,True,False,0,True,False,False,False,False,True,False
-0.9745399340663153,-1.2816237461508113,0.5564891135813186,True,True,False,True,True,True,False,False,False,False,0,True,False,False,False,False,False,False
-0.9970196677547246,-1.2816237461508113,-1.1425076825940335,False,False,False,False,True,False,True,False,False,False,0,False,True,False,False,False,False,False
-0.9153769630797304,-0.9966836022806536,-1.1806687434456282,False,False,False,True,True,False,False,False,False,False,0,False,False,False,False,False,False,True
2.5565783899382093,1.6084834273893616,1.6167029346321486,False,True,True,False,True,True,True,True,False,True,0,True,False,True,True,True,True,False
-0.7081199652747772,-0.8745663977648716,-0.13372833486491825,True,False,False,True,False,True,False,True,False,True,0,False,False,True,False,False,False,False
-0.7970071153767002,-0.30468611002455576,-1.4876164068171518,False,False,True,False,False,False,True,False,False,False,0,False,True,False,False,False,False,True
0.17954412817329848,-0.2639803751859618,1.3545530383472797,True,True,False,True,False,False,True,False,False,True,1,True,True,True,True,True,False,False
-0.4766050517220776,-0.6303319887333076,0.3192268656779245,False,False,False,False,True,False,True,False,False,True,0,False,True,False,True,True,False,True
-0.8030661060974043,-0.8745663977648716,-0.6729607164635407,False,False,False,False,False,True,False,False,False,False,0,False,False,False,False,False,False,True
-0.3847981705844529,1.4456604880349857,-1.4743429943470319,False,False,True,False,False,False,False,False,False,False,0,False,False,False,False,False,True,False
1.8521329071966417,1.0793088744876398,1.5403808129289587,True,True,False,True,False,True,False,True,False,True,0,True,False,True,True,True,False,False
-0.8068639517303093,-0.9559778674420595,-0.4688819997354467,False,False,False,True,True,False,False,True,True,False,0,False,False,True,False,True,False,True
-0.9426643741878286,-1.2409180113122174,0.25451897988608974,False,True,False,True,False,True,False,False,False,False,1,True,False,False,False,False,False,True
0.7658612447260673,0.590840056424512,0.6759498258123978,True,True,False,False,False,True,True,False,False,False,0,False,False,True,False,True,False,False
-0.21848326587411238,0.020959768684196134,-0.34278458126930716,True,False,False,True,False,True,False,True,False,False,1,False,False,True,True,True,False,False
-0.6317679010479338,0.5501343215859179,-1.4925939364934466,False,False,True,True,False,False,True,False,False,False,0,False,True,False,False,False,True,False
2.1709543645762976,1.3235432835192036,1.522129870782544,False,True,True,False,False,True,True,True,False,True,0,True,True,True,True,True,True,False
-0.3856104265868662,0.631545791263106,-1.1756912137693334,False,False,False,False,False,True,True,True,False,False,0,False,True,False,False,False,True,False
-0.9733105736302304,-1.2409180113122174,-0.6281629493768859,False,False,False,True,False,True,False,False,False,False,0,False,False,False,False,False,True,False
-0.9776572408863877,-1.2816237461508113,0.32088604223668943,False,True,False,False,False,True,False,False,False,False,0,False,False,True,False,False,False,True
-0.9885239090267809,-1.2816237461508113,-0.5004063543519814,True,False,False,True,False,True,False,False,False,False,0,False,True,True,False,False,False,False
-0.04755825952845351,-0.2639803751859618,0.5233055824060188,True,True,False,False,False,True,False,False,False,False,0,True,False,True,False,False,False,False
-0.8692978995914773,-0.6710377235719016,-1.477661347464562,True,False,False,False,False,False,True,False,False,False,0,False,True,False,False,False,False,False
1.2614252176578558,0.6722515261016999,1.3844182164050498,False,True,True,False,True,False,True,True,False,True,0,True,False,True,False,True,True,False
-0.6997778766013439,-0.019745966154397852,-1.4793205240233267,False,False,False,True,False,False,False,False,True,False,0,False,False,False,False,False,True,False
-0.7591823291021599,-0.1418631706701798,-1.497571466169742,False,False,False,True,False,True,False,False,True,False,0,False,False,False,False,False,False,True
-0.9935291622308408,-1.2409180113122174,-1.3482455758808924,False,False,False,True,False,False,False,False,False,False,0,False,False,False,False,False,False,True
1.8303337123210652,1.5270719577121736,0.8601184238353119,True,True,False,False,True,True,True,False,False,False,1,True,False,False,False,True,False,False
1.1142532111665508,0.7536629957788878,0.9530323111261518,False,True,False,True,True,True,True,False,True,False,1,True,False,True,False,True,False,False
0.445546992531165,0.9164859351332638,-0.16359351292268806,False,False,False,True,True,False,True,False,True,True,1,True,False,False,False,False,True,False
-0.7897407170848414,-1.1188008067964355,0.8252757161012472,True,True,False,True,False,True,False,False,False,True,1,True,False,False,False,True,False,False
-0.25595680630977125,1.4863662228735797,-1.3266762806169474,False,False,True,False,False,True,True,False,False,False,0,True,False,False,False,False,True,False
-0.7167474411923014,-0.7524491932490895,-0.4887921184406264,False,False,False,True,False,False,True,False,False,False,0,False,False,True,False,False,True,False
2.2048715408932824,1.6084834273893616,1.2085455011759603,True,True,False,False,False,True,True,False,True,True,0,True,False,True,True,True,False,False
0.882079711665949,1.5677776925507676,-0.11713656927726834,False,False,True,False,False,True,True,True,False,True,0,False,False,True,True,True,True,False
-0.6698780745665652,0.346605647392948,-1.4760021709057967,True,False,False,False,False,False,False,False,False,False,0,False,False,False,False,False,False,False
-0.5068121938658776,-0.2639803751859618,-0.634799655611946,False,False,False,False,True,False,False,True,False,False,0,False,True,False,False,True,False,True
0.036367543099269865,-0.1418631706701798,0.46357522629047915,True,True,False,False,False,True,False,False,False,False,0,False,False,False,True,False,False,False
0.8136745845437972,0.9164859351332638,0.3756388686759344,True,False,False,False,True,False,True,True,True,False,1,True,True,True,True,False,False,False
-0.10331853645087498,0.26519417771576004,-0.46058611694162177,False,False,False,False,True,False,True,False,False,False,0,False,True,False,False,False,True,False
-0.1969035996478367,-0.4675090493789317,0.5780584088452633,True,True,False,True,False,True,False,False,False,True,0,True,False,False,False,False,False,False
-0.3059434797555798,0.631545791263106,-1.003136851657774,False,False,False,False,False,False,True,False,True,True,0,False,False,True,False,False,False,True
0.7996686567184014,1.5677776925507676,-0.17354857227527792,False,False,True,False,True,False,True,True,False,True,0,False,True,False,True,True,False,False
-0.5003360987115019,-0.7931549280876836,0.7970697146022425,False,False,True,False,True,False,False,True,False,True,0,True,True,True,True,True,True,False
-0.9733105736302304,-1.1595065416350294,-1.4859572302583868,False,False,False,False,False,False,False,False,False,False,0,False,False,False,False,False,False,True
2.412457831672187,1.5270719577121736,1.560290931634139,False,True,True,False,True,True,False,True,False,True,0,True,False,True,True,True,True,False
0.37725162973366383,0.387311382231542,0.29765757041397994,False,False,False,False,True,False,False,True,True,True,0,False,False,True,False,True,True,False
-0.9929144820127983,-1.2409180113122174,-1.4677062881119718,False,False,False,False,False,True,False,False,False,False,0,False,False,False,False,False,False,False
-0.8956852432374421,-0.7931549280876836,-1.477661347464562,False,False,True,False,False,True,False,False,False,False,0,False,False,False,False,False,False,True
-0.8851917738008603,-1.0780950719578415,-0.6447547149645358,False,False,False,False,False,False,True,False,False,False,0,False,True,False,False,False,False,True
-0.9791939414314939,-1.2816237461508113,0.20474368312314,False,True,False,False,False,False,False,False,False,False,0,False,False,False,False,False,False,True
-0.7588091303983485,-0.1418631706701798,-1.4959122896109767,False,False,False,False,False,False,True,False,False,False,0,False,False,False,False,False,False,True
0.309307512775044,1.0793088744876398,-0.4390168216776767,True,False,False,True,False,True,False,True,False,False,0,False,False,False,True,True,False,False
0.2777612458705085,1.3235432835192036,-0.6530505977583607,False,False,True,False,False,False,False,True,False,True,0,False,True,False,True,False,False,True
1.9172451045792804,1.5677776925507676,0.8451858348064274,True,False,True,True,True,False,True,True,False,True,0,True,True,True,True,True,False,False
0.8114353923209282,0.7536629957788878,0.6129011165793284,False,True,False,True,False,False,False,False,False,False,0,True,False,False,False,True,False,False
-0.8477401862301317,-0.5896262538947137,-1.4876164068171518,False,False,True,False,False,False,True,False,False,False,0,False,False,False,False,False,False,True
-0.7187012461710791,-0.6710377235719016,-0.8637660207215148,True,False,False,False,True,True,False,False,False,False,0,False,False,False,True,False,False,False
0.722504336489145,0.06166550352279012,1.6996617625703982,False,True,True,False,True,True,False,True,False,True,0,True,True,True,True,True,True,False
-0.41959346149864113,-0.6303319887333076,0.5017362871420736,False,True,False,False,False,False,False,False,False,False,0,True,False,True,False,False,False,False
-0.19868178170717377,-0.06045170099299184,-0.16525268948145297,True,False,False,True,True,False,True,True,True,False,0,False,True,True,True,True,False,False
0.11715408604199073,-0.1825689055087738,0.904916190921967,False,True,False,True,False,False,True,False,True,False,0,True,True,False,True,True,False,False
1.0880414904400268,0.8350744654560759,0.9165304268333218,True,True,False,True,False,True,True,True,False,True,0,False,True,False,True,False,False,False
0.7631610423396665,1.1200146093262338,-0.005971739840013817,True,False,False,False,True,False,False,True,True,False,0,True,False,True,False,False,False,False
-0.5418709191592268,-0.38609757970174374,-0.5501816511149312,False,False,False,True,False,True,True,False,True,False,0,True,True,False,False,False,True,False
2.202215244236742,1.4863662228735797,1.4026691585514646,False,True,False,True,True,True,True,True,True,True,0,True,False,True,False,True,True,False
-0.7911457004403668,-0.30468611002455576,-1.466047111553207,False,False,True,True,False,True,False,False,False,False,0,False,False,False,False,False,False,True
1.149992475272733,0.6722515261016999,1.1206091435614158,True,True,False,True,False,False,False,False,False,True,0,True,False,False,True,True,False,False
1.4561032238578686,0.9164859351332638,1.1239274966789456,True,True,False,True,True,True,False,False,False,False,1,True,False,False,True,True,False,False
-0.4066412711898897,-0.6710377235719016,0.6776090023711627,False,True,False,False,False,True,True,False,False,False,1,True,False,False,False,True,True,False
1.5173297641478818,1.2014260790034217,0.9646465470375066,False,True,False,False,False,True,False,False,True,False,0,True,False,False,True,True,False,False
1.3761289369175613,1.0386031396490458,0.9447364283323268,False,True,False,False,True,True,True,False,False,True,0,True,True,False,False,True,False,False
-0.41935197998441015,1.4863662228735797,-1.5108448786398618,False,False,True,False,False,False,True,False,False,False,0,False,True,False,False,False,False,True
-0.9769547492086249,-1.2816237461508113,0.37397969211716947,True,True,False,True,False,False,True,False,False,False,0,False,False,True,False,False,False,False
-0.3784537926196578,-0.22327464034736777,-0.29135010794759253,False,False,False,False,False,True,False,True,False,True,0,False,False,False,False,False,False,True
0.7725568685297438,0.6722515261016999,0.5448748776699633,False,False,True,True,True,False,False,True,False,True,1,True,False,True,False,True,True,False
-0.9728934691965588,-1.2816237461508113,0.680927355488693,True,True,False,False,False,True,False,False,False,False,0,False,False,True,True,False,False,False
-0.3075021331656159,1.3235432835192036,-1.3316538102932427,False,False,False,True,False,False,False,False,True,False,0,True,False,False,False,False,True,False
0.7433815110376578,0.26519417771576004,1.2782309166440902,True,True,False,False,False,True,False,False,False,True,0,True,False,True,True,True,False,False
0.5489669392168058,0.428017117070136,0.7024966507526377,False,True,False,True,True,True,True,False,False,True,0,False,False,True,False,False,True,False
-0.7984340515971559,-0.5082147842175256,-1.3432680462045974,True,False,False,False,False,True,True,False,False,False,0,False,False,False,False,False,False,False
-0.5714414282200543,-0.8338606629262776,0.667653943018573,False,True,False,True,False,True,True,False,False,True,0,False,False,False,False,True,True,False
-0.9661100339331617,-1.0780950719578415,-1.5025489958460367,False,False,False,True,False,False,False,False,False,False,0,False,True,False,False,False,False,True
-0.21053632876942086,1.4456604880349857,-1.3084253384705327,False,False,True,False,False,False,False,False,False,False,0,True,False,False,False,False,False,False
0.3161787594981611,0.590840056424512,0.03716685068787588,False,False,False,False,True,True,True,False,True,False,0,False,False,True,True,False,True,False
2.1328222381927366,1.2014260790034217,1.679751643865218,False,True,True,True,True,False,True,True,False,True,0,True,True,True,True,True,False,False
1.478824439060509,0.9571916699718578,1.1206091435614158,True,True,False,False,False,True,True,True,False,False,0,False,False,True,True,True,False,False
-0.8756203246913424,-0.6303319887333076,-1.5125040551986266,False,False,False,False,False,False,True,False,True,False,0,False,False,False,False,False,False,True
0.23471167774260765,0.1023712383613841,0.5017362871420736,False,True,False,False,False,False,False,True,False,False,0,True,False,False,False,False,True,False
-0.9345198612987664,-1.2409180113122174,0.473530285643069,True,True,False,False,False,False,True,False,False,False,1,True,False,True,False,False,False,False
-0.9950439099110168,-1.2816237461508113,-0.9931817923051841,True,False,False,False,False,False,True,False,False,False,0,False,False,False,False,True,False,False
1.2013621792091371,0.631545791263106,1.27159421040903,False,True,False,False,True,True,True,False,True,True,0,True,True,False,True,True,True,False
0.8301831389712225,0.5094285867473239,0.8086839505135972,False,True,False,False,False,True,False,False,False,False,0,True,False,True,False,True,True,False
1.7280114088819287,1.5270719577121736,0.8368899520126024,False,False,True,True,True,True,True,True,False,True,0,True,True,True,True,True,True,False
0.0587594653279588,-0.06045170099299184,0.44864263726159415,True,True,False,True,False,True,False,True,False,True,0,False,False,False,False,False,False,False
-0.3472148658241437,1.0793088744876398,-1.3250171040581826,False,False,True,True,False,False,False,False,False,False,0,True,False,False,False,False,False,True
0.7537432632846591,0.590840056424512,0.6643355899010431,False,True,False,True,False,True,True,False,True,True,1,False,True,False,True,False,False,False
-0.7408516868855372,-0.019745966154397852,-1.5257774676687466,False,False,True,True,False,False,True,False,False,False,0,False,True,False,False,False,False,True
0.17864406071116484,0.22448844287716607,0.18815191753549007,False,False,False,True,True,False,False,True,True,True,0,False,False,False,True,False,False,True
1.1625275611478127,1.0793088744876398,0.6079235869030333,True,True,False,False,False,True,False,False,False,True,0,True,False,True,False,False,False,False
0.16338681958475423,-0.22327464034736777,1.1803394996769556,False,True,False,True,False,True,False,False,True,False,0,True,False,True,True,True,False,False
1.4527663883884954,1.0386031396490458,0.9746016063900964,True,True,False,False,False,True,True,False,True,True,0,True,False,True,False,True,False,False
2.495856765541588,1.5677776925507676,1.5387216363701939,False,True,True,False,True,False,False,True,False,True,0,True,False,True,True,True,False,True
0.04378761144563938,-0.22327464034736777,0.7141108866639929,False,True,False,False,False,True,False,False,False,True,1,True,False,True,False,False,False,False
1.971863832525337,1.3235432835192036,1.2682758572915003,False,True,False,True,False,True,True,False,True,True,1,True,False,True,True,True,False,False
0.5830158327233709,0.631545791263106,0.1997661534468453,False,False,False,True,True,True,False,True,True,False,0,True,False,False,False,True,False,False
-0.024749232866092995,-0.1825689055087738,0.5199872292884885,True,True,False,False,False,True,False,False,False,False,0,False,False,False,False,True,False,False
-0.8058760728084554,-0.5489205190561197,-1.3349721634107725,False,False,False,False,False,False,False,False,False,False,0,True,False,False,False,False,False,False
0.9283563509385726,1.0386031396490458,0.3607062796470494,False,False,True,False,True,False,True,True,False,False,0,True,True,True,True,False,False,True
1.2730382832058718,0.8350744654560759,1.1737027934418955,False,True,False,False,False,True,False,False,True,True,0,False,False,True,True,True,False,True
0.5879552273326405,0.30589991255435406,0.9828974891839214,False,True,False,False,False,True,True,False,False,False,1,True,True,False,True,True,True,False
-1.0019590623639942,-1.2816237461508113,-1.5158224083161567,False,False,False,True,False,False,False,False,False,False,0,False,True,False,False,False,False,True
0.7619975404983719,0.30589991255435406,1.313073624378155,False,True,False,True,False,True,False,False,False,True,0,True,False,True,True,True,True,False
-0.33487735573343475,1.1607203441648277,-1.3100845150292975,False,False,True,True,False,False,True,False,False,False,0,True,False,False,False,False,False,False
2.2788966014375367,1.3642490183577978,1.5237890473413087,True,True,False,True,False,True,True,True,True,True,1,True,False,True,True,True,False,False
-0.3237033474840203,0.30589991255435406,-0.8189682536348599,False,False,False,True,True,False,False,True,True,True,0,False,True,False,False,False,False,True
-0.3225178927777956,-0.7117434584104956,1.1537926747367158,True,True,False,True,True,True,False,False,False,False,0,True,False,False,True,True,False,False
-0.27009445132474735,1.4456604880349857,-1.3001294556767078,False,False,True,True,False,False,True,False,False,False,0,True,True,False,False,False,False,True
-0.5932186702307007,-0.8338606629262776,0.5150096996121938,True,True,False,True,False,True,True,False,False,False,1,False,False,False,False,True,False,False
-1.0018932037692039,-1.2816237461508113,-1.5108448786398618,False,False,False,False,False,False,False,False,False,False,0,False,False,False,False,False,True,False
-0.9392177743938049,-0.9966836022806536,-1.5075265255223318,False,False,True,False,False,False,True,False,False,False,0,False,True,False,False,False,False,True
0.29433565889272434,0.30589991255435406,0.3275227484717495,False,True,False,False,False,False,False,False,False,True,0,False,False,False,False,False,True,False
2.304603406270669,1.6084834273893616,1.2516840917038503,False,True,True,True,True,True,True,False,False,True,1,True,False,True,False,True,True,False
-0.7244089910529018,-0.9559778674420595,0.26447403923868007,False,False,False,False,False,True,False,True,False,False,0,False,True,True,True,True,False,True
-0.591045336602622,-0.7117434584104956,-0.19843622065675282,True,False,False,False,True,False,False,True,False,False,0,False,False,True,False,False,False,False
-1.001871250904274,-1.2816237461508113,-1.5091857020810966,True,False,False,True,False,False,False,False,False,False,0,False,False,False,False,False,False,False
0.20044325558674148,0.020959768684196134,0.6112419400205631,True,True,False,False,False,True,False,False,False,False,0,True,False,False,False,True,False,False
-0.6783079746997187,0.22448844287716607,-1.4925939364934466,False,False,True,False,False,True,True,False,False,False,0,False,True,False,False,False,False,True
0.5777032394102899,0.9164859351332638,-0.005971739840013817,False,False,True,False,False,True,False,False,False,True,0,False,False,True,False,True,False,True
1.2164437974161066,1.3235432835192036,0.48016699187812906,False,False,True,False,False,True,True,True,False,True,0,True,True,False,True,True,False,False
-0.9072104973257378,-1.1595065416350294,-0.3394662281517771,False,False,False,False,True,False,True,False,False,True,0,False,False,False,False,False,False,True
0.9795284790906059,0.428017117070136,1.3628489211411048,False,True,False,False,True,True,False,True,True,True,0,False,True,False,True,True,True,False
-0.7437714179212387,-0.5896262538947137,-0.986545086070124,True,False,False,False,False,True,False,True,False,False,0,False,False,True,False,False,False,False
-0.9693371050778845,-1.2816237461508113,0.9497139580086216,True,True,False,True,False,True,False,False,False,False,1,True,False,False,True,True,False,False
-1.0021127324185048,-1.2816237461508113,-1.5274366442275116,False,False,False,True,False,False,False,False,False,False,0,False,False,False,False,False,False,True
-0.9187137985491036,-1.2002122764736234,0.1781968581829002,True,True,False,True,False,True,True,False,False,False,0,False,False,False,False,False,False,False
-0.625994297571321,0.346605647392948,-1.469365464670737,False,False,True,False,False,False,True,False,False,False,0,False,False,False,False,False,True,False
-0.3860275310205379,-0.6710377235719016,0.7804779490145926,True,True,False,False,False,True,False,False,False,False,0,True,False,True,False,True,False,False
-0.8417031483743577,-1.1188008067964355,0.5067138168183688,True,True,False,False,False,False,False,False,False,False,0,False,False,False,True,False,False,False
1.5336846485207967,0.9571916699718578,1.3412796258771595,False,True,False,True,True,True,False,True,False,False,0,True,False,False,True,True,False,True
-0.6878794238092367,-0.1825689055087738,-1.3017886322354726,False,False,False,False,False,False,True,False,False,False,1,True,False,False,False,False,False,True
-0.5263941493835153,0.8757802002946699,-1.4892755833759168,False,False,True,False,False,False,True,False,False,False,0,False,False,False,False,False,True,False
-1.0018492980393439,-1.2816237461508113,-1.5075265255223318,False,False,False,True,False,True,False,False,False,False,0,False,False,False,False,False,False,True
1.0031717146203096,0.387311382231542,1.4391710428442943,True,True,False,True,False,True,True,True,True,False,0,True,False,True,True,True,False,False
1.994716764917558,1.3642490183577978,1.3512346852297499,False,True,True,True,True,True,False,True,False,False,0,False,False,True,True,True,False,False
-0.741093168399768,-0.9966836022806536,0.6328112352845081,True,True,False,False,False,True,True,False,False,False,1,True,False,False,False,True,False,False
-0.8468840244978583,-0.7524491932490895,-1.3067661619117676,False,False,False,False,False,False,True,False,False,False,0,True,True,False,False,False,False,True
-0.09884015200513727,0.428017117070136,-0.5269531792922214,False,False,False,False,False,True,False,False,False,False,0,False,False,True,True,True,False,False
0.4692999923855193,1.5270719577121736,-0.5004063543519814,False,False,True,False,True,True,True,True,False,False,0,False,False,True,False,True,False,False
0.22904783859064512,-0.06045170099299184,0.8086839505135972,True,True,False,True,True,False,True,True,False,False,0,True,True,True,False,False,False,False
2.533242494517527,1.6084834273893616,1.5586317550753739,False,True,True,True,True,True,True,True,False,False,0,True,False,True,True,True,True,False
0.016675823256981696,0.06166550352279012,0.09026050056835591,False,False,True,False,True,False,False,True,False,False,0,False,True,True,True,False,True,False
-0.859155675993777,-0.5489205190561197,-1.497571466169742,False,False,False,True,False,False,True,False,True,False,0,False,True,False,False,False,False,True
1.5228399332453337,0.8350744654560759,1.3661672742586346,False,True,False,False,True,True,True,False,True,True,0,False,False,True,True,True,False,False
-0.9697981152414165,-1.2002122764736234,-0.817309077076095,False,False,False,False,False,False,True,False,False,True,0,False,True,False,False,True,False,True
-0.5830105880382102,-0.7931549280876836,0.4934404043482487,True,True,False,True,False,True,False,False,False,True,0,False,False,True,False,False,False,False
-0.2583496685871507,-0.3453918448631497,0.31424933600162985,False,False,False,True,True,False,True,True,True,False,0,False,False,False,True,True,False,False
-0.8468840244978583,-1.1595065416350294,0.7937513614847123,True,True,False,False,False,True,False,False,False,False,1,True,False,True,False,True,False,False
0.1596767854115696,-0.019745966154397852,0.48348534499565887,True,True,False,False,False,True,False,False,False,False,1,False,False,False,False,True,False,False
-0.29457189572179454,0.26519417771576004,-0.817309077076095,False,False,False,False,True,True,False,True,True,True,0,False,False,False,False,False,False,False
2.3961907587589923,1.6084834273893616,1.4872871630484792,False,True,True,True,False,True,True,True,False,True,0,True,False,True,True,True,True,False
1.7979971422790466,1.1200146093262338,1.359530568023575,True,True,False,False,False,True,False,False,False,True,0,True,False,True,True,True,False,False
-0.973442290819811,-1.1595065416350294,-1.3100845150292975,False,False,False,False,False,True,False,False,False,False,0,True,True,False,False,False,False,True
-0.22994266136761793,1.6084834273893616,-1.3333129868520075,False,False,True,True,False,False,False,False,False,False,0,True,False,False,False,False,False,False
-0.8162597779203866,-0.9559778674420595,-0.5369082386448113,True,False,False,False,False,True,True,False,False,False,0,False,False,True,True,True,False,False
-0.5350216253010396,-0.1418631706701798,-0.8438559020163349,False,False,False,False,True,False,False,True,True,True,0,False,False,False,False,False,True,False
-0.8240310921056375,-0.5896262538947137,-1.3664965180273074,False,False,False,True,False,False,False,False,True,False,0,True,False,False,False,False,False,True
1.821003744725778,1.6084834273893616,0.8169798333074222,False,False,True,False,True,True,True,True,False,True,1,True,True,True,True,True,True,False
-0.9916631687117834,-1.2409180113122174,-1.4892755833759168,False,False,False,True,False,False,False,False,False,False,0,False,False,False,False,False,False,True
2.4380109664508085,1.5677776925507676,1.482309633372184,True,True,False,True,True,True,True,False,True,True,0,True,False,True,True,True,False,False
-0.9396568316924067,-0.9966836022806536,-1.5058673489635668,False,False,False,True,False,True,True,False,False,False,0,False,False,False,False,False,False,False
1.8108176153982174,1.6084834273893616,0.7672045365444724,False,False,True,False,True,True,True,True,False,True,1,True,True,True,True,True,True,False
1.173196653503835,1.5677776925507676,0.19644780032931503,False,False,True,True,True,True,True,True,False,False,0,False,True,True,False,True,True,False
0.9700887471706684,0.46872285190873,1.3645080976998696,True,True,False,True,True,True,False,False,True,True,0,False,False,True,True,True,False,False
-0.5009068731996841,0.590840056424512,-1.3399496930870676,False,False,True,True,False,False,True,False,False,False,0,True,True,False,False,False,False,True
0.2442392211222654,-0.22327464034736777,1.512174811429954,False,True,False,False,True,True,False,False,True,True,1,True,False,True,True,True,False,False
-0.988567814756641,-1.2816237461508113,-0.5037247074695115,True,False,False,True,True,False,False,False,False,False,0,False,False,False,False,False,False,False
-0.4985140109223046,0.5501343215859179,-1.3266762806169474,False,False,False,False,False,False,True,False,True,False,0,True,True,False,False,False,False,True
-0.8420104884833789,-0.8745663977648716,-1.003136851657774,False,False,False,True,False,False,False,False,False,True,0,False,False,True,False,False,False,True
0.8596658365723299,0.346605647392948,1.1571110278542456,True,True,False,True,False,True,True,False,False,False,1,True,False,True,True,True,False,False
0.8034225966214463,1.4863662228735797,-0.1154773927185032,False,False,True,False,False,True,True,False,False,True,0,False,False,False,False,True,True,False
-0.8989781729769551,-0.7931549280876836,-1.4925939364934466,True,False,False,True,False,True,False,False,True,False,0,False,False,False,False,False,False,False
-0.621230525881492,0.5094285867473239,-1.4909347599346818,False,False,True,False,False,True,True,False,False,False,0,False,True,False,False,False,False,False
-0.7502036073457542,-0.3453918448631497,-1.3382905165283026,True,False,False,True,False,False,False,False,True,False,0,True,False,False,False,False,False,False
-0.2838808505008421,1.3235432835192036,-1.3001294556767078,False,False,True,True,False,False,False,False,False,False,0,True,False,False,False,False,False,True
-0.9886556262163613,-1.2816237461508113,-0.5103614137045716,True,False,False,False,True,True,True,False,False,False,1,False,False,False,False,False,False,False
0.731022048082019,0.7536629957788878,0.38061639835222955,False,False,False,True,True,True,True,True,True,False,0,False,True,False,True,True,False,False
-0.9173527209234382,-0.8745663977648716,-1.4909347599346818,False,False,False,False,False,False,False,False,True,False,0,False,False,False,False,False,False,True
-0.7854160026936141,-1.1188008067964355,1.0393094921819312,True,True,False,False,False,True,False,False,False,True,0,False,False,False,True,True,False,False
-0.9362541376282432,-0.9966836022806536,-1.5008898192872717,False,False,False,True,False,True,False,False,False,False,0,False,False,False,False,False,False,False
1.5041360923248994,1.5677776925507676,0.5133505230534289,False,False,True,True,True,False,True,True,False,True,0,True,False,True,False,True,True,False
-0.34943210518208245,-0.7117434584104956,0.9646465470375066,False,True,False,False,False,True,False,False,False,False,0,False,False,True,True,True,True,False
-0.7631997033843659,-0.1825689055087738,-1.4743429943470319,False,False,False,False,False,False,True,False,False,False,0,False,False,False,False,False,False,True
-0.5145615551861984,-0.6710377235719016,0.3258635719129846,False,True,False,False,False,True,False,False,False,False,0,True,False,False,False,False,True,False
0.522579595570841,0.8350744654560759,-0.025881858545193533,False,False,False,True,True,False,True,True,True,True,0,True,True,False,False,False,False,False
-0.6675730237489061,-0.7524491932490895,-0.18184445506910288,False,False,False,False,True,False,True,True,False,True,0,False,True,False,False,False,False,False
1.148763114836648,0.6722515261016999,1.1853170293532507,False,True,True,False,False,False,False,True,False,False,0,False,False,True,True,True,True,False
0.42249648435457343,1.5677776925507676,-0.5933202416428212,True,False,True,False,False,True,True,True,False,False,0,False,False,True,False,True,False,False
-0.6187059464145319,0.5094285867473239,-1.462728758435677,False,False,True,False,False,False,True,False,False,False,0,False,True,False,False,False,False,True
1.2505146437876022,0.8350744654560759,1.1106540842088262,False,True,False,False,False,True,True,False,False,True,0,True,False,False,True,True,True,False
-0.4906548852773334,-0.2639803751859618,-0.6795974226986006,False,False,False,False,False,True,False,True,False,False,0,False,False,True,True,False,True,False
1.5729363710157929,1.4049547531963917,0.704155827311403,False,False,True,False,False,False,True,True,False,True,0,True,False,True,True,True,False,False
-0.9515552844845139,-1.2409180113122174,0.634470411843273,True,True,False,False,False,True,True,False,False,False,0,True,False,False,True,False,False,False
-0.36497473355258425,-0.6303319887333076,0.5880134681978536,False,True,False,False,False,True,False,False,False,False,1,True,False,True,False,False,True,False
-0.5155055283781921,-0.7931549280876836,0.5664441729339085,True,True,False,False,False,True,False,False,False,False,1,True,False,False,False,True,False,False
2.2308198272406456,1.5677776925507676,1.3860773929638146,False,True,True,True,True,False,False,False,False,False,0,True,True,True,True,True,False,False
0.7351491866888752,1.4456604880349857,-0.2216646924794628,False,False,False,False,True,False,True,True,True,False,0,True,False,False,False,False,False,False
-1.0017614865796234,-1.2816237461508113,-1.5008898192872717,False,False,False,True,False,False,True,False,False,False,0,False,True,False,False,False,False,True
-0.914037838318995,-0.9152721326034655,-1.4925939364934466,False,False,False,True,False,True,False,False,True,False,0,False,True,False,False,False,False,False
0.3622797758513442,0.346605647392948,0.44864263726159415,True,False,True,False,True,False,True,True,False,True,0,False,True,False,True,True,False,False
-0.31665647784146234,-0.06045170099299184,-0.4821554122055666,False,False,False,False,True,True,True,False,True,True,1,False,False,True,False,True,True,False
-0.6976923544329857,-0.8745663977648716,0.14667250356636527,True,False,False,True,False,True,False,False,False,False,0,False,False,True,True,True,False,False
-0.9994344828970342,-1.2816237461508113,-1.3250171040581826,False,False,False,True,False,True,False,False,False,False,0,True,False,False,False,False,False,True
-0.8205186337168235,-0.4268033145403377,-1.4859572302583868,False,False,False,True,False,False,False,False,False,False,0,False,True,False,False,False,True,False
1.2857709448653223,0.9978974048104517,0.8468450113651922,False,True,True,True,False,True,False,True,False,False,0,True,False,False,True,False,True,False
-0.7416639428879503,-0.8338606629262776,-0.4539494107065617,True,False,False,False,False,True,True,False,False,True,0,False,False,False,False,False,False,False
-0.2243446808104457,1.4049547531963917,-1.3051069853530026,False,False,True,False,False,True,False,False,False,False,0,True,False,False,False,False,False,False
-0.5672923367482677,-0.1418631706701798,-1.034661206274309,False,False,False,True,False,False,True,False,False,False,0,False,False,False,True,False,False,True
-0.9763400689905825,-1.1595065416350294,-1.4743429943470319,False,False,False,True,False,True,True,False,False,False,0,False,True,False,False,False,False,True
-0.44235858243114157,-0.30468611002455576,-0.5535000042324613,True,False,False,False,False,True,False,False,False,False,0,False,False,True,True,True,False,False
0.6931533560776185,1.6084834273893616,-0.30794187353524244,False,False,True,False,True,False,True,True,False,True,0,False,True,True,False,True,True,False
1.789259902036872,1.6084834273893616,0.8120023036311275,False,False,True,True,True,True,True,True,False,True,0,True,True,True,True,True,False,True
-0.852613722244611,-0.9559778674420595,-0.8023764880472101,True,False,False,False,False,False,False,False,False,True,0,False,False,False,False,True,False,False
0.6079762401488802,0.8350744654560759,0.1582867394777205,False,False,True,True,True,False,True,False,False,True,0,True,True,False,False,True,False,False
2.3060522953560545,1.4456604880349857,1.522129870782544,False,True,True,False,True,True,True,False,False,True,0,True,False,True,True,True,False,False
0.3224792317330963,0.9978974048104517,-0.3792864655621371,True,False,False,True,False,True,False,True,True,False,1,False,False,True,False,False,False,False
-0.8370491410091793,-0.7117434584104956,-1.3167212212643575,True,False,False,False,False,True,True,False,False,False,0,True,True,False,False,False,False,False
-0.8121545921784603,-0.38609757970174374,-1.5025489958460367,False,False,True,False,False,True,True,False,False,False,0,False,True,False,False,False,False,True
-0.8920191147941174,-0.8338606629262776,-1.3582006352334823,False,False,True,True,False,True,True,False,False,False,0,True,True,False,False,False,False,False
-0.16263517749197054,0.1023712383613841,-0.39090070147349204,False,False,False,True,True,False,True,False,True,False,0,False,False,True,True,True,True,False
-0.23720905965947678,-0.5489205190561197,0.8202981864249524,False,True,False,False,False,False,True,False,False,False,0,True,False,True,False,True,False,True
-0.7194695964436322,-0.9966836022806536,0.6494030008721581,False,True,False,True,False,False,False,False,False,False,0,True,False,False,False,True,False,False
-0.5810128773295723,0.8350744654560759,-1.5025489958460367,False,False,True,True,False,False,False,False,False,False,0,False,False,False,False,False,False,False
-0.8999221461689488,-0.7931549280876836,-1.477661347464562,True,False,False,True,False,True,False,False,False,False,0,False,False,False,False,False,False,False
-0.9773499007773664,-1.2816237461508113,0.3441145140593994,False,True,False,False,False,True,False,False,False,False,1,False,False,True,False,False,False,False
-0.19007625865457953,-0.38609757970174374,0.6859048851649877,True,True,False,False,False,False,True,False,False,False,0,True,True,False,False,True,False,False
-0.7150570705926846,-0.7524491932490895,-0.6165487134655309,True,False,False,False,False,True,False,False,False,False,1,False,False,False,True,True,False,False
-0.28427600206958376,-0.10115743583158582,-0.30794187353524244,False,False,True,True,True,True,False,False,False,False,0,False,False,True,False,False,False,True
-0.9460451153870622,-0.9966836022806536,-1.4959122896109767,False,False,True,False,False,True,True,False,False,False,0,False,True,False,False,False,False,True
-0.47822956372690406,-0.6710377235719016,0.21469874247573031,False,False,False,True,False,True,False,False,False,True,0,True,False,True,False,True,False,False
1.5276476106650227,1.0386031396490458,1.127245849796476,True,True,False,True,False,True,True,False,False,True,1,True,False,False,True,True,False,False
-0.7148155890784537,-1.0373893371192475,1.1571110278542456,True,True,False,True,False,True,False,False,False,True,0,True,False,False,True,True,False,False
-0.7642753937659402,-1.0780950719578415,1.1056765545325309,True,True,False,False,False,True,False,False,False,True,1,True,False,False,True,True,False,False
1.5907401444740934,1.5677776925507676,0.5614666432576133,False,False,True,False,True,False,True,True,False,False,0,False,False,True,True,True,False,False
-0.9906972426548594,-1.2816237461508113,-0.6646648336697157,False,False,False,True,False,True,False,False,False,False,0,False,False,False,False,False,False,True
1.5913328718272057,0.9978974048104517,1.26495750417397,True,True,False,True,True,True,True,True,False,True,0,True,False,True,True,False,False,False
-1.0019371094990641,-1.2816237461508113,-1.5141632317573919,True,False,False,False,False,False,False,False,False,False,0,False,False,False,False,False,False,False
-0.8037905506400972,-0.38609757970174374,-1.480979700582092,False,False,False,False,False,True,False,False,False,False,0,False,False,False,False,False,False,False
-0.03372795462249858,0.26519417771576004,-0.2100504565681078,False,False,False,False,False,True,False,False,True,True,0,False,False,False,True,False,True,False
1.0396354232691845,0.590840056424512,1.1886353824707805,False,True,False,True,True,False,False,True,False,True,0,True,False,False,True,False,False,True
-0.9161233604873532,-0.8745663977648716,-1.4925939364934466,False,False,False,True,False,False,True,False,False,False,1,False,False,False,False,False,False,True
0.5899748909062087,0.346605647392948,0.7821371255733575,False,True,False,False,False,True,False,False,False,True,0,True,True,False,True,False,False,False
-0.9167380407053958,-1.2002122764736234,0.20474368312314,False,False,True,False,True,False,False,True,False,True,0,False,False,False,False,True,False,True
-0.025210243029624706,-0.1418631706701798,0.3457736906181643,False,False,False,True,False,True,False,True,True,False,0,False,False,True,True,True,False,False
2.1660808285618187,1.4863662228735797,1.3329837430833347,False,True,False,False,True,True,True,True,True,True,0,True,True,True,True,False,True,False
-0.022246606264062937,0.22448844287716607,-0.25816657677229266,False,False,False,False,True,True,False,False,False,True,1,False,False,False,False,False,True,False
-0.4465735324977183,-0.6710377235719016,0.29599839385521454,False,True,False,True,False,True,True,False,False,False,0,True,False,False,False,False,False,False
0.5088590549895365,0.428017117070136,0.4602568731729489,True,False,True,False,True,True,True,True,False,False,0,False,False,True,True,True,False,False
-0.8981878698394721,-1.0780950719578415,-0.5203164730571613,False,False,False,False,False,True,False,True,True,False,0,False,False,False,True,True,False,True
-0.6883404339727686,-0.30468611002455576,-1.2652867479426428,False,False,False,False,False,True,True,False,True,False,0,True,False,False,False,False,False,True
-0.9796110458651653,-1.2816237461508113,0.1732193285066055,False,True,False,False,False,True,False,False,False,False,0,False,False,False,False,False,False,True
0.6805963173376085,0.346605647392948,0.9828974891839214,True,True,False,True,False,True,True,False,False,True,1,False,False,False,True,True,False,False
1.074167279804212,0.5094285867473239,1.2848676228791502,False,True,False,True,False,True,False,True,False,False,0,True,False,True,True,True,False,False
-0.8258092741649745,-1.1188008067964355,0.6759498258123978,False,True,False,False,False,True,False,False,False,True,0,False,False,False,True,False,False,True
1.1990351755265476,0.5094285867473239,1.6050886987207935,False,True,False,False,True,False,True,True,True,True,0,True,False,True,True,True,False,True
0.9634370290968518,0.46872285190873,1.3014593884668002,True,True,False,False,False,False,True,True,False,False,1,True,False,True,True,True,False,False
1.016299527848502,1.1607203441648277,0.2943392172964497,False,False,True,False,False,True,True,True,False,False,0,False,True,True,True,True,False,False
1.0231707745716192,0.7943687306174818,0.9397588986560317,False,True,False,True,False,True,True,True,False,True,0,True,True,False,False,True,False,False
-0.8196405191196201,-1.0780950719578415,0.4685527559667738,True,True,False,False,True,True,False,False,False,False,0,True,False,False,False,False,False,False
-0.3304648298824871,1.2828375486806096,-1.3449272227633626,False,False,True,True,False,True,True,False,False,False,1,True,True,False,False,False,False,False
-0.8401884006941817,-0.5489205190561197,-1.4859572302583868,False,False,True,False,False,False,True,False,False,False,0,False,True,False,False,False,False,True
2.231083261619807,1.5677776925507676,1.3545530383472797,False,True,False,True,False,False,False,True,True,True,1,True,False,False,True,True,False,False
0.6474035855633167,0.5094285867473239,0.5465340542287288,False,True,False,True,False,False,True,False,False,True,0,True,False,False,False,False,False,False
1.3014452904254044,0.7129572609402939,1.2267964433223755,False,True,False,True,True,True,True,False,True,True,1,True,False,True,True,False,False,False
2.4976788533307857,1.4456604880349857,1.7809614139498826,False,True,True,False,True,False,True,True,False,True,0,True,False,True,True,True,False,True
-0.9798305745144662,-1.2816237461508113,0.1566275629189556,True,True,False,True,False,True,False,False,False,False,1,False,False,False,False,False,False,False
-0.5298627020424691,-0.8338606629262776,0.875051012864197,True,True,False,False,False,True,False,False,False,True,1,True,False,False,True,False,False,False
0.3021947845376956,0.020959768684196134,0.8534817176002523,True,True,False,False,True,True,False,False,False,False,0,True,False,False,False,True,False,False
0.2613405029028035,-0.019745966154397852,0.8767101894229619,False,True,False,False,False,True,True,False,False,False,1,True,True,True,True,False,False,True
-0.4012408664170882,1.5677776925507676,-1.5042081724048018,False,False,True,True,False,True,True,False,False,False,0,False,True,False,False,False,False,False
-0.30146509530984195,-0.6303319887333076,0.9165304268333218,True,True,False,False,False,True,True,False,False,False,1,True,False,False,True,True,False,False
-0.5908477608182514,-0.5489205190561197,-0.5302715324097512,False,False,False,True,True,True,True,False,True,False,0,False,True,False,False,False,False,False
0.7103204964529467,0.8757802002946699,0.3009759235315097,False,True,False,True,False,False,True,False,False,False,1,True,False,False,False,False,False,False
0.4988265957164865,0.9978974048104517,-0.20507292689181286,False,False,False,False,True,True,True,False,False,True,0,False,False,True,True,True,False,False
1.5257816171459655,1.4456604880349857,0.5946501744329131,False,False,True,True,True,False,True,True,False,True,0,False,True,False,True,True,False,False
0.0851248561089934,0.8350744654560759,-0.5385674152035762,False,False,False,False,True,True,True,False,False,True,0,False,True,True,False,True,False,False
1.238133227967033,0.631545791263106,1.4093058647865246,False,True,False,False,False,True,False,False,False,True,0,True,False,True,True,True,False,False
-0.15892514331878588,0.14307697319997809,-0.37430893588584213,False,False,False,True,True,False,True,False,True,True,0,False,True,False,False,False,False,True
-0.12298830342823308,0.1023712383613841,-0.12377327551232817,False,False,False,True,True,False,False,False,True,True,0,False,False,True,False,False,False,True
0.8875679278984707,1.4049547531963917,0.02389343821775623,False,False,True,False,True,False,True,False,False,True,0,True,False,True,False,False,False,True
0.10780216558177351,0.8350744654560759,-0.618207890024296,False,False,False,True,True,True,False,False,False,True,0,False,False,False,False,True,False,False
-0.3012894723904013,-0.4268033145403377,0.3607062796470494,False,True,False,False,False,True,True,False,False,False,0,True,True,False,False,False,False,False
-0.0834292408242159,-0.10115743583158582,0.3258635719129846,True,False,False,True,True,True,False,False,False,True,1,False,False,False,True,True,False,False
1.2017573307778784,0.7129572609402939,1.1703844403243657,False,True,True,False,False,True,False,True,False,True,0,False,False,False,True,True,False,True
-0.6024388735013374,0.5094285867473239,-1.4793205240233267,False,False,True,True,False,False,True,False,False,False,0,False,True,False,False,False,False,True
-0.6974289200538247,-0.1418631706701798,-1.3216987509406526,False,False,False,False,False,True,False,False,False,False,0,False,False,False,False,False,True,False
-0.7825840831176328,-0.8338606629262776,-0.6480730680820658,False,False,False,True,False,True,False,False,False,False,0,False,False,False,False,False,False,False
-0.9626853870040682,-1.2002122764736234,-0.9317922596308794,False,False,False,True,False,True,False,True,False,True,0,False,False,False,False,False,False,True
-0.9949341455863663,-1.2816237461508113,-0.9848859095113592,False,False,False,True,False,True,False,False,False,False,0,False,False,False,False,True,False,False
-0.9289438336065241,-1.2409180113122174,0.8169798333074222,False,True,False,True,False,True,True,False,False,False,0,False,True,False,True,True,False,False
-0.09128836646918716,-0.22327464034736777,0.3706613389996392,True,True,False,False,False,True,True,False,False,True,0,False,False,False,False,False,False,False
1.1298616981318428,0.9164859351332638,0.680927355488693,True,True,False,False,False,True,True,False,False,True,1,True,False,True,False,False,False,False
-1.001673675119903,-1.2816237461508113,-1.4942531130522119,True,False,False,False,False,True,True,False,False,False,0,False,True,False,False,False,False,False
-0.864446316441928,-1.1595065416350294,0.5266239355235486,False,True,False,True,False,False,False,True,False,False,0,True,True,False,False,False,True,False
-0.4009993849028573,0.9164859351332638,-1.3034478087942378,False,False,True,False,False,True,True,False,False,False,0,True,True,False,False,False,True,False
-0.8018147927963893,-0.9966836022806536,-0.34942128750436724,True,False,False,True,False,True,True,False,False,False,0,False,True,False,True,False,False,False
2.3752696784806195,1.5270719577121736,1.6598415251600385,False,True,True,True,True,True,False,True,False,True,0,True,False,True,True,True,False,False
0.37152193198691097,1.2828375486806096,-0.5667734167025811,True,False,True,False,True,False,True,True,False,False,0,False,False,True,False,True,False,False
-0.6300116718535268,-0.8745663977648716,0.36402463276457964,False,True,False,True,False,True,False,False,False,True,0,False,False,False,False,False,False,True
-0.989094683514963,-1.2816237461508113,-0.5435449448798714,False,False,False,True,True,True,False,False,False,False,0,False,False,False,False,False,False,True
-0.9797866687846061,-1.2816237461508113,0.1599459160364854,False,True,False,True,False,False,False,False,False,False,0,False,True,False,False,False,False,False
-0.9753082843388684,-1.2816237461508113,0.4984179340245439,True,True,False,True,False,True,False,False,False,False,0,False,False,False,True,False,False,False
-0.25762522404445787,1.3642490183577978,-1.3017886322354726,False,False,False,True,False,True,True,False,True,False,0,True,True,False,False,False,True,False
-0.7422566702410627,-0.7931549280876836,-0.4771778825292717,False,False,False,True,False,True,False,True,False,False,0,False,False,False,False,False,False,True
-0.20691410605595645,1.6084834273893616,-1.3366313399695375,False,False,True,False,False,False,True,False,False,False,0,True,False,False,False,False,False,False
0.9945442387027855,1.6084834273893616,0.02223426165899086,False,False,True,True,True,True,False,True,False,True,0,False,False,True,True,True,False,False
0.9360618065290333,0.7943687306174818,0.6925415914000478,False,True,False,False,False,False,True,True,False,True,0,False,True,True,False,False,False,False
-0.04604351184827757,-0.2639803751859618,0.695859944517578,False,True,False,False,False,False,True,True,False,False,0,False,False,False,False,True,True,False
-0.5213230375846651,0.020959768684196134,-1.0247061469217191,False,False,False,True,True,False,False,True,True,False,0,False,True,False,False,False,True,False
-0.520774215961413,-0.7931549280876836,0.6527213539896879,True,True,False,False,False,True,False,False,False,False,0,True,False,False,False,True,False,False
-0.8579482684226222,-0.7931549280876836,-1.1242567404476187,True,False,False,False,False,True,False,False,False,True,0,False,False,False,False,False,False,False
-0.7491498698291101,-0.22327464034736777,-1.480979700582092,False,False,False,True,False,False,False,False,True,False,0,False,False,False,False,False,False,True
1.6572573252122575,1.3642490183577978,0.888324425334317,False,False,True,True,True,False,True,True,False,True,0,True,False,True,True,True,False,False
2.5792776522759198,1.5677776925507676,1.6283171705435033,False,True,True,True,True,True,True,True,False,True,0,True,True,True,True,True,False,False
-0.9905216197354186,-1.2816237461508113,-0.6513914211995958,False,False,False,False,False,False,False,False,False,False,0,False,False,False,False,False,False,True
0.20749012522929952,1.1200146093262338,-0.6795974226986006,True,False,False,False,True,True,False,False,True,False,0,False,False,True,False,True,False,False
-0.7426298689448741,-0.9966836022806536,0.31756768911915967,True,True,False,True,True,True,True,False,False,False,0,False,False,False,False,False,False,False
1.216970666174429,0.9164859351332638,0.9795791360663916,False,True,False,False,False,True,True,False,False,True,0,True,False,True,True,False,True,False
2.3663348624540737,1.5677776925507676,1.4491261021968842,False,True,True,True,False,True,True,True,False,True,0,True,False,True,True,True,True,False
0.017641749313905452,0.26519417771576004,-0.168571042598983,False,False,False,False,False,True,True,False,False,False,0,False,True,True,True,False,False,True
-0.10287947915227323,-0.2639803751859618,0.689223238282518,False,True,False,False,False,True,True,False,False,False,1,False,False,True,True,False,True,False
0.3876572877105251,0.8350744654560759,-0.14866092389380306,True,False,False,True,False,True,True,True,True,True,0,False,False,True,True,True,False,False
-0.8062273186473368,-1.1188008067964355,1.135541732590301,False,True,False,False,False,True,True,True,False,True,0,False,True,False,True,True,False,True
2.3019690624790585,1.6084834273893616,1.32800621340704,True,True,False,True,False,True,False,False,True,True,0,True,False,True,True,True,False,False
-0.14443625246492833,-0.22327464034736777,0.31424933600162985,False,True,False,False,True,False,True,False,False,False,0,False,True,False,False,False,False,True
-0.7104250160924362,-0.8745663977648716,-0.17520774883404305,False,False,False,True,False,True,True,False,False,False,0,False,True,True,True,False,False,False
2.3604075889229503,1.6084834273893616,1.3910549226401094,False,True,False,False,True,True,True,False,True,True,1,True,False,False,True,True,False,False
0.8169675142833103,0.346605647392948,1.31141444781939,False,True,False,False,True,True,True,False,True,True,0,False,False,True,True,True,False,False
0.09247906586057261,0.14307697319997809,0.19147027065302033,False,False,False,False,False,True,False,True,True,True,0,True,False,False,False,True,False,True
-0.6240185397276131,-0.8745663977648716,0.5963093509916785,True,True,False,False,False,True,True,True,False,False,1,False,False,False,True,False,False,False
-0.46154538638003784,1.2014260790034217,-1.4909347599346818,False,False,True,True,False,False,False,False,False,False,0,False,True,False,False,False,False,False
-0.7882698751345254,-0.5082147842175256,-1.3283354571757127,False,False,False,False,False,False,False,False,False,False,0,False,False,False,False,False,True,False
0.0708115881745766,0.9164859351332638,-0.6596873039934208,False,False,False,False,False,False,False,False,True,False,0,False,False,False,False,False,False,False
-0.016165662678428824,0.5094285867473239,-0.4622452935003867,False,False,False,False,False,False,True,True,True,True,0,False,True,True,False,True,False,False
2.3535582950647633,1.5677776925507676,1.4623995146670041,False,True,True,False,True,True,True,False,False,True,0,True,True,True,True,True,False,False
-0.9944072768280443,-1.2816237461508113,-0.9450656721009992,True,False,False,False,False,True,False,False,False,False,1,False,False,False,True,False,False,False
-0.7063417832154401,-0.1418631706701798,-1.2885152197653527,False,False,True,False,False,False,True,False,False,False,0,True,True,False,False,False,False,True
-0.7943508187201597,-0.9152721326034655,-0.6281629493768859,False,False,False,True,False,False,False,False,False,False,0,False,False,False,False,False,False,True
-0.919086997252915,-0.8745663977648716,-1.4826388771408567,False,False,False,True,False,False,False,False,False,False,0,False,False,False,False,False,False,True
-0.2906642857642391,-0.5896262538947137,0.7771595958970623,True,True,False,False,False,True,False,True,False,False,0,True,False,False,True,False,False,False
2.402842476832809,1.6084834273893616,1.4325343366092342,False,True,True,False,False,True,False,True,False,True,1,True,False,True,True,True,False,False
-0.9911802056833213,-1.2816237461508113,-0.7011667179625456,True,False,False,False,False,False,False,False,False,False,0,False,False,False,False,False,False,False
1.4949817476490532,0.9571916699718578,1.1604293809717758,False,True,True,False,False,True,False,True,False,True,1,True,False,True,True,False,False,False
-0.04760216525831364,-0.38609757970174374,1.0077851375653963,False,True,False,True,False,False,False,False,False,True,0,False,False,False,True,True,False,True
-0.2693041481872642,-0.5896262538947137,0.9878750188602166,True,True,False,True,False,True,True,False,False,False,0,True,False,False,True,True,False,False
0.20057497277632205,-0.10115743583158582,0.888324425334317,False,True,False,False,True,False,False,False,False,True,1,True,False,True,False,False,True,False
-0.46071117751269447,1.1607203441648277,-1.472683817788267,False,False,False,True,False,True,True,False,True,False,0,False,False,False,False,False,True,False
-0.5933723402852114,0.387311382231542,-1.3233579274994176,True,False,False,True,False,False,False,False,True,False,0,True,False,False,False,False,False,False
0.79681478427749,0.7129572609402939,0.6460846477546283,False,True,False,False,False,True,True,False,False,False,0,True,True,False,True,False,False,False
-0.012521487100034269,-0.22327464034736777,0.5432157011111984,True,True,False,True,False,True,False,False,False,False,0,True,False,True,False,False,False,False
-0.9793037057561442,-1.2816237461508113,0.19644780032931503,True,True,False,False,False,True,False,False,False,False,0,False,False,False,False,False,False,False
0.3341801087408326,0.5094285867473239,0.16990097538907525,True,False,False,False,True,True,False,True,False,False,1,True,False,False,False,True,False,False
2.2877436060043617,1.5270719577121736,1.3412796258771595,False,True,True,True,True,False,True,False,False,True,1,False,False,True,True,True,True,False
-0.7469765362010314,-0.5896262538947137,-1.042957089068134,False,False,False,True,False,True,False,False,False,True,0,False,False,True,False,False,True,False
-0.9058713725650026,-1.2002122764736234,0.3258635719129846,False,True,False,False,False,True,False,False,False,False,0,False,False,True,False,False,False,True
0.35387182858312094,0.26519417771576004,0.5498524073462585,False,True,False,False,False,True,True,True,False,False,0,False,True,True,False,False,False,False
-0.5574355003946586,0.7943687306174818,-1.5125040551986266,False,False,True,False,False,False,True,False,False,False,0,False,True,False,False,False,False,True
-0.8404079293434825,-1.1595065416350294,0.9779199595076267,False,True,False,False,True,True,False,True,False,False,0,False,False,True,False,True,False,False
2.3316273829996064,1.4456604880349857,1.495583045842304,False,True,True,True,False,True,True,True,False,True,0,True,False,True,True,True,False,False
-0.8086201809247163,-0.2639803751859618,-1.5174815848749215,False,False,False,False,False,False,True,False,True,False,0,False,False,False,False,False,False,True
-0.9881726631878994,-1.2816237461508113,-0.47385952941174164,False,False,False,True,False,False,False,False,False,True,0,False,False,False,False,False,False,True
-0.5612772517574238,0.7943687306174818,-1.469365464670737,False,False,False,False,False,False,False,False,True,False,0,False,False,False,False,False,False,True
-0.7993999776540797,-0.8338606629262776,-0.6762790695810708,True,False,False,False,False,True,False,False,False,False,0,False,True,False,False,False,False,False
-0.09712782854059043,-0.1418631706701798,0.2014253300056102,False,False,False,False,False,True,False,False,True,False,0,True,False,False,True,True,True,False
-0.9754180486635189,-1.2816237461508113,0.49012205123071895,True,True,False,False,False,True,False,False,False,False,0,False,False,False,False,True,False,False
-0.47897596113452695,-0.3453918448631497,-0.5103614137045716,False,False,False,True,True,True,False,False,False,False,0,False,False,False,False,False,False,False
1.6054485639772518,1.3235432835192036,0.8468450113651922,False,False,True,False,True,True,True,True,False,True,0,True,True,True,True,True,False,True
-0.8760813348548742,-1.1188008067964355,-0.4622452935003867,False,False,False,True,False,True,False,False,False,True,0,False,False,False,True,True,False,True
-0.689723464463364,0.1023712383613841,-1.5008898192872717,False,False,True,False,False,False,True,False,False,False,0,False,True,False,False,False,True,False
0.4642288805866692,0.18378270803857208,0.8518225410414869,False,False,False,True,True,True,False,True,True,True,0,True,False,True,True,True,False,False
-0.17565322639551229,0.14307697319997809,-0.39255987803225695,False,False,True,False,True,True,False,True,False,True,0,False,False,True,False,True,False,True
-0.8607582351336734,-1.1595065416350294,0.5332606417586087,True,True,False,True,False,True,False,False,False,False,0,False,False,False,True,False,False,False
-0.2702042156493978,1.5270719577121736,-1.3349721634107725,False,False,True,False,False,False,True,False,False,False,0,True,True,False,False,False,False,False
-0.987075019941395,-1.2409180113122174,-1.5324141739038066,False,False,False,False,False,False,False,False,False,False,0,False,False,False,False,False,False,False
-0.8903726499243609,-1.1595065416350294,0.3457736906181643,True,True,False,True,True,False,False,False,False,False,1,False,False,False,False,False,False,False
1.9178597847973227,1.5677776925507676,0.9397588986560317,False,True,False,True,False,True,True,False,False,True,0,True,False,True,False,True,False,False
1.9301094834283115,1.6084834273893616,0.8269348926600121,False,False,True,False,True,True,True,True,False,True,1,True,False,True,True,True,False,False
0.4174034196907932,0.590840056424512,0.08362379433329585,False,False,False,False,True,True,True,False,False,True,1,True,False,True,False,False,True,False
0.3368803111272334,0.9164859351332638,-0.2100504565681078,True,False,True,True,True,False,True,False,False,True,0,False,False,True,False,False,False,False
1.102662098483465,0.7536629957788878,0.9862158423014517,True,True,False,True,False,True,True,False,False,False,0,True,False,False,True,True,False,False
2.742277674381817,1.6084834273893616,1.767688001479763,True,True,True,True,True,True,False,True,False,True,0,True,False,True,True,True,False,False
2.546194684826278,1.6084834273893616,1.6432497595723885,False,True,True,True,True,False,True,True,False,True,0,True,True,True,True,True,False,False
0.2199593525095891,0.22448844287716607,0.3026351000902746,True,False,False,True,True,False,True,True,True,True,0,False,True,True,True,False,False,False
-0.7268677119250716,-0.9966836022806536,0.37232051555840456,False,False,True,True,True,True,True,True,False,True,0,True,True,False,False,True,True,False
0.07307273326237561,-0.22327464034736777,0.7755004193382974,False,True,False,False,False,False,False,False,False,False,1,True,False,True,False,True,True,False
-0.8285972880110957,-1.0780950719578415,-0.13372833486491825,False,False,False,True,False,False,False,False,False,False,0,False,False,True,True,False,False,True
-0.8596166861573088,-0.6303319887333076,-1.5191407614336867,False,False,True,True,False,False,False,False,False,False,0,False,False,False,False,False,False,True
-0.3973771621893929,1.5677776925507676,-1.497571466169742,False,False,True,True,False,False,True,False,False,False,0,False,True,False,False,False,False,True
0.8050910143561331,0.387311382231542,1.1305642029140057,False,True,True,False,False,True,True,True,False,False,0,False,False,True,True,True,True,False
-1.0014760993355323,-1.2816237461508113,-1.4793205240233267,False,False,False,False,False,False,False,False,False,False,0,False,False,False,False,False,False,True
2.3591562756219355,1.5270719577121736,1.478991280254654,True,True,False,False,False,True,True,True,True,True,0,True,False,True,True,True,False,False
-0.7199525594720941,-0.9559778674420595,0.3540695734119893,True,True,False,True,True,False,False,False,False,False,0,False,False,False,False,False,False,False
-1.0016956279848332,-1.2816237461508113,-1.4959122896109767,False,False,False,True,False,False,False,False,False,False,0,False,True,False,False,False,False,True
-0.8131424711003142,-0.9152721326034655,-0.804035664605975,False,False,False,False,True,False,False,False,False,True,0,False,False,True,False,False,False,False
1.0490532023241919,0.6722515261016999,0.9911933719777464,True,True,True,True,False,True,True,False,False,True,0,False,False,False,True,True,False,False
-0.1288497183645664,0.5501343215859179,-0.6961891882862504,True,False,False,False,False,True,True,False,False,False,0,False,False,False,True,True,False,False
1.0069037016584244,0.5501343215859179,1.2682758572915003,True,True,False,False,False,True,True,True,True,True,0,True,False,False,True,True,False,False
-0.8577726455031814,-1.1595065416350294,1.1504743216191855,True,True,False,False,True,True,True,False,False,False,1,True,False,False,True,True,False,False
2.380735941848211,1.5677776925507676,1.3628489211411048,False,True,True,True,False,True,True,False,False,True,0,True,True,True,True,True,False,False
-0.6523377354874256,-0.7524491932490895,-0.11713656927726834,False,False,True,True,True,True,True,False,False,True,0,False,True,False,False,True,False,False
0.6747788081311353,1.4049547531963917,-0.3560579937394271,False,False,True,True,True,True,True,False,False,True,0,False,True,False,False,False,False,False
-0.7630021275999951,-0.9152721326034655,-0.15695680668762801,False,False,False,True,False,False,True,False,False,False,0,False,True,True,True,False,False,True
-0.4828177124972922,1.2014260790034217,-1.4892755833759168,False,False,True,True,False,True,False,False,False,False,0,False,False,False,False,False,True,False
1.5227740746505436,1.3235432835192036,0.8236165395424823,True,True,False,True,True,False,True,False,True,True,0,True,False,True,False,False,False,False
0.40759048906704426,0.8350744654560759,-0.16193433636392318,True,False,False,True,True,True,True,True,True,False,1,True,False,False,False,False,False,False
-0.9694029636726749,-1.1595065416350294,-1.5108448786398618,False,False,False,True,False,False,False,False,False,False,0,False,False,False,False,False,False,True
0.5285288219668945,1.0386031396490458,-0.1669118660402181,False,False,True,False,False,True,True,True,False,True,0,True,False,False,False,False,True,False
-0.9757034359076098,-1.2816237461508113,0.4685527559667738,True,True,False,True,False,True,False,False,False,False,0,False,False,False,True,False,False,False
2.4378133906664377,1.6084834273893616,1.4126242179040545,False,True,True,False,False,True,False,True,False,False,0,True,False,True,True,True,True,False
2.1735887083679084,1.4863662228735797,1.376122333611225,False,True,False,False,True,True,True,True,True,True,0,False,False,False,True,True,True,False
-0.93796646109279,-1.2409180113122174,0.49012205123071895,False,True,False,False,False,False,True,False,False,True,0,False,False,True,False,False,False,False
0.9485968924041132,0.7943687306174818,0.6709722961361032,False,False,True,True,True,True,False,True,False,True,0,True,True,False,True,True,False,True
-0.7121592924219132,-0.9966836022806536,0.5033954637008385,False,True,False,False,False,True,False,False,False,False,0,False,False,False,True,False,False,False
2.4772187832159442,1.6084834273893616,1.550335872281549,True,True,True,False,False,False,False,True,False,True,1,True,False,True,True,True,False,False
-0.8727884051153612,-1.0373893371192475,-0.6862341289336606,False,False,False,False,False,True,True,False,False,False,0,False,False,False,False,False,False,True
1.3217955962155954,0.8350744654560759,1.1172907904438856,False,True,False,False,True,False,False,False,True,True,0,True,False,True,True,False,False,True
-0.6463006976316517,-0.8745663977648716,0.18483356441796028,False,False,False,False,False,False,False,True,False,False,0,False,False,False,True,True,False,True
-0.7687757310766081,-0.5896262538947137,-1.0396387359506039,False,False,False,True,True,False,False,False,False,False,0,False,False,True,False,False,False,True
-1.001629769390043,-1.2816237461508113,-1.4909347599346818,False,False,False,True,False,False,False,False,False,False,0,False,False,False,False,False,False,True
-0.3197518317966046,1.2421318138420157,-1.3167212212643575,False,False,True,True,False,False,True,False,False,False,0,True,True,False,False,False,False,True
0.11177563413411937,-0.10115743583158582,0.6709722961361032,True,True,False,False,False,False,False,True,False,False,0,False,False,False,True,False,False,False
-1.0016078165251128,-1.2816237461508113,-1.4892755833759168,False,False,False,True,False,False,False,False,False,False,0,False,False,False,False,False,False,True
0.06982370925272267,0.30589991255435406,-0.027541035103958902,False,False,False,False,True,True,False,True,False,False,0,False,True,False,True,False,True,False
-0.5064389951620661,1.0793088744876398,-1.5075265255223318,False,False,True,True,False,False,True,False,False,False,0,False,True,False,False,False,False,True
-0.40372154015418815,-0.4268033145403377,-0.045791977250373726,False,False,False,False,True,True,True,True,False,True,1,True,False,False,False,False,False,True
0.8244973469543301,1.6084834273893616,-0.31457857977030224,False,False,True,True,True,True,True,True,False,True,0,False,True,True,False,True,True,False
-0.5176130034114804,-0.7524491932490895,0.4370284013502389,True,True,False,False,False,True,True,False,False,False,0,False,False,False,False,True,False,False
2.4943639707263423,1.6084834273893616,1.510515634871189,False,True,True,False,False,True,True,True,False,True,0,True,False,True,True,True,False,False
2.6798656793855793,1.6084834273893616,1.6631598782775683,False,True,True,False,True,False,False,True,False,True,0,True,False,True,True,True,True,False
0.6230359054909199,0.6722515261016999,0.32088604223668943,False,True,False,True,False,True,False,False,False,False,0,True,False,False,False,False,False,False
-0.654467163385644,-0.5896262538947137,-0.5501816511149312,True,False,False,False,False,True,True,False,False,False,1,False,False,True,True,True,False,False
-0.92284093715596,-0.9152721326034655,-1.4942531130522119,False,False,False,False,False,True,False,False,False,False,0,False,False,False,False,False,False,True
-0.7349463662193436,-0.9966836022806536,0.6726314726948681,False,True,False,False,False,True,True,False,False,False,0,True,False,False,False,True,True,False
-0.8816354096821863,-1.0373893371192475,-0.8239457833111549,False,False,False,False,False,True,False,False,False,True,0,False,False,False,False,True,True,False
-0.9824210125762166,-1.2409180113122174,-1.1508035653878583,False,False,False,False,False,True,True,False,False,True,0,False,True,False,False,False,False,True
0.26722387070406667,0.06166550352279012,0.634470411843273,False,True,False,True,False,True,True,False,False,False,0,False,True,True,True,False,False,True
1.1372378607483522,1.5270719577121736,0.03550767412911099,True,False,True,False,True,False,False,True,False,True,0,True,True,False,False,False,False,False
-0.24175330270000478,1.6084834273893616,-1.3399496930870676,True,False,True,False,False,False,True,False,False,False,0,True,False,False,False,False,False,False
-0.9129841008023507,-0.9966836022806536,-1.1790095668868632,True,False,False,True,False,True,False,False,False,False,1,False,False,True,False,False,False,False
-0.31946644455251344,-0.6710377235719016,0.9380997220972668,False,True,False,False,False,True,False,False,False,True,0,False,False,True,False,True,True,False
1.9933776401568226,1.4863662228735797,1.1471559685016557,False,True,False,True,False,False,True,False,True,False,0,True,False,True,True,True,False,False
0.2256451445264816,0.1023712383613841,0.5531707604637883,False,True,False,True,False,True,True,False,True,False,1,True,False,True,False,False,False,False
-0.5330458674573317,0.9164859351332638,-1.4909347599346818,False,False,False,False,False,False,True,False,False,False,0,False,True,False,False,False,True,False
-0.4533130620312551,1.4863662228735797,-1.5207999379924515,False,False,True,True,False,True,False,False,False,False,0,False,False,False,False,False,False,True
-0.942005788239926,-1.2409180113122174,0.5199872292884885,False,True,False,False,False,False,False,False,False,False,0,True,False,True,False,False,False,True
-0.19093242038685293,1.6084834273893616,-1.3100845150292975,False,False,True,False,False,False,False,False,False,False,0,True,False,False,False,False,True,False
-0.9622902354353267,-1.1188008067964355,-1.4925939364934466,False,False,False,False,False,False,False,False,False,False,0,False,False,False,False,False,False,True
-0.6874842722404951,-0.9152721326034655,0.1732193285066055,False,True,False,True,False,False,False,False,False,False,0,False,False,False,False,False,False,True
-0.5299285606372595,0.9978974048104517,-1.5307549973450416,False,False,True,True,False,False,False,False,False,False,0,False,False,False,False,False,True,False
-0.35066146561816736,-0.30468611002455576,-0.2100504565681078,False,False,False,False,True,True,True,False,False,True,0,False,True,True,True,True,True,False
2.0066591234395252,1.2421318138420157,1.4541036318731793,True,True,False,False,False,True,True,True,False,True,0,True,False,True,True,True,False,False
1.5742535429115982,1.6084834273893616,0.5150096996121938,False,False,True,False,True,True,True,True,False,False,0,False,True,True,True,True,False,False
0.9536899570678932,0.631545791263106,1.0608787874458763,False,True,True,True,True,True,True,False,False,True,0,True,False,True,True,False,False,False
0.9629979717982501,0.6722515261016999,0.8451858348064274,False,True,False,True,False,True,True,False,False,True,0,False,True,True,True,False,True,False
-0.8118692049343692,-0.4675090493789317,-1.466047111553207,False,False,False,False,False,False,False,False,False,False,0,False,True,False,False,False,False,True
0.11926156107527898,0.9978974048104517,-0.6663240102284806,True,False,False,True,False,True,True,False,False,False,1,False,False,False,True,True,False,False
-0.3850176992337538,-0.4675090493789317,0.0139383788651659,False,False,False,True,True,False,False,False,False,False,0,False,False,True,True,False,False,False
-0.7891040840018688,-0.9966836022806536,-0.027541035103958902,False,False,False,False,False,False,False,True,False,False,0,False,False,True,False,True,False,True
-0.6628092520590771,-0.9559778674420595,0.6825865320474579,True,True,False,True,False,True,False,False,False,False,0,True,False,False,True,False,False,False
-0.9322148104811072,-1.2409180113122174,0.9961709016540415,True,True,False,True,False,False,False,False,False,False,0,False,False,True,True,True,False,False
-0.6193864852273647,-0.9559778674420595,0.9928525485365113,False,True,False,True,False,True,True,True,False,True,0,False,False,True,True,False,False,True
-0.1622619787881591,-0.5489205190561197,1.1620885575305409,True,True,False,True,False,True,False,False,False,True,0,True,False,False,True,True,False,False
-0.7169450169766721,-0.9966836022806536,0.6643355899010431,True,True,False,False,True,False,False,False,False,False,0,False,False,False,True,False,False,False
1.5874691675995103,0.9571916699718578,1.3445979789946898,False,True,False,False,False,True,False,True,False,True,0,True,False,False,True,True,False,False
-0.5023996680149301,-0.4675090493789317,-0.2979868141826523,True,False,False,False,True,True,True,False,True,False,0,False,True,True,True,True,False,False
1.1614738236311684,1.1200146093262338,0.5199872292884885,False,False,True,False,False,True,True,True,False,True,0,False,True,True,True,True,False,False
0.2562254853740931,0.9571916699718578,-0.4290617623250868,False,False,False,True,True,True,True,True,True,True,0,False,True,False,True,False,False,True
-0.5366461373058661,0.9164859351332638,-1.480979700582092,False,False,True,False,False,False,True,False,False,False,0,False,True,False,False,False,False,True
-0.5706950308124313,0.9164859351332638,-1.5207999379924515,False,False,False,True,False,False,False,False,True,False,0,False,True,False,False,False,False,False
-0.529094351769916,-0.7524491932490895,0.3109309828840996,True,True,False,False,False,True,False,False,False,False,1,True,False,False,False,False,False,False
1.3259227348224516,1.1607203441648277,0.7871146552496526,False,False,True,False,False,False,False,True,False,True,0,True,False,True,True,True,True,False
-0.40705837562356134,1.3642490183577978,-1.4909347599346818,False,False,True,True,False,False,True,False,False,False,0,False,True,False,False,False,True,False
0.3659019985648086,0.9978974048104517,-0.34112540471054226,False,False,False,True,False,True,False,True,True,True,0,False,False,False,False,False,False,True
0.6296656706998062,1.0793088744876398,-0.009290092957543614,True,False,False,True,False,True,False,True,False,False,0,False,False,True,True,False,False,False
1.2586811095415948,0.6722515261016999,1.3844182164050498,False,True,False,True,False,True,False,True,True,True,0,True,False,False,True,True,False,False
1.7964165360040805,1.4456604880349857,0.904916190921967,False,False,True,True,True,True,True,True,False,True,0,True,True,True,True,True,True,False
0.15724001740432983,0.14307697319997809,0.33084110158927976,False,True,False,False,False,True,False,False,False,False,1,True,False,False,False,False,False,False
-0.9798744802443264,-1.2816237461508113,0.15330920980142534,True,True,False,False,False,True,True,False,False,False,1,False,False,False,False,False,False,False
0.3493056326776628,-0.10115743583158582,1.1786803231181906,True,True,False,False,False,False,False,False,False,False,0,True,False,True,True,True,False,False
-0.25286145235462887,1.5677776925507676,-1.3449272227633626,False,False,True,False,False,True,True,False,False,False,0,True,False,False,False,False,True,False
-0.6403295183706679,-0.9966836022806536,1.2019087949409006,True,True,False,False,False,False,True,False,False,True,0,False,False,True,True,True,False,False
-0.6803934968680769,-0.9559778674420595,0.5282831120823135,True,True,False,False,False,True,False,False,False,False,1,False,False,False,True,False,False,False
2.2161333606024174,1.4863662228735797,1.3794406867287545,False,True,True,True,False,True,False,True,False,False,0,True,False,True,True,True,False,False
2.1704274958179757,1.4049547531963917,1.3827590398462843,False,True,False,False,False,True,False,True,True,True,0,True,True,False,True,True,False,False
-0.41834214819762616,-0.3453918448631497,-0.3311703453579522,True,False,False,True,True,False,False,True,False,False,0,False,False,False,False,False,False,False
-0.4976798020549613,-0.6710377235719016,0.22797215494585,False,True,False,True,False,True,True,False,False,False,1,False,False,False,False,False,False,False
-0.5509374523753529,-0.7524491932490895,0.17487850506537042,True,True,False,False,False,False,True,False,False,False,0,False,True,False,False,False,False,False
0.581259603528964,0.06166550352279012,1.4590811615494745,True,True,False,True,False,True,True,True,False,True,1,True,True,True,True,True,False,False
-0.5678850641013801,0.8350744654560759,-1.5058673489635668,False,False,False,False,False,False,True,False,True,False,0,False,True,False,False,False,False,False
-0.027076236548682117,-0.5082147842175256,1.3578713914648095,False,True,False,False,False,True,True,False,False,True,0,True,True,True,True,True,False,False
-0.21079976314858184,-0.3453918448631497,0.3275227484717495,False,False,False,True,True,False,True,False,True,False,0,True,True,False,True,True,False,True
1.241645686355847,1.2828375486806096,0.5432157011111984,False,False,True,False,True,True,True,True,False,True,0,True,False,True,False,True,False,True
-0.2393384875576952,1.5677776925507676,-1.3598598117922474,False,False,True,True,False,False,True,False,False,False,1,True,False,False,False,False,False,False
-0.9393055858535254,-0.9966836022806536,-1.5174815848749215,False,False,False,False,False,True,False,False,True,False,0,False,False,False,False,False,False,True
0.9474114376978882,1.3235432835192036,0.15330920980142534,False,False,True,True,True,True,True,False,False,True,0,True,True,False,False,True,False,True
-0.4292307692029494,-0.1418631706701798,-0.5302715324097512,False,False,False,True,False,False,False,False,False,False,0,False,False,True,False,False,False,False
1.381836681799384,0.9164859351332638,1.1936129121470758,False,True,False,False,True,False,True,False,True,False,0,True,True,False,True,True,False,True
0.43103614881237745,0.8757802002946699,-0.13040998174738822,True,False,False,True,False,True,False,True,True,True,0,False,True,True,False,False,False,False
0.8307319605944747,1.3642490183577978,-0.11879574583603324,False,False,True,False,True,True,False,True,False,False,0,False,False,True,True,True,False,False
-0.20891181676459436,-0.06045170099299184,-0.17354857227527792,False,False,False,True,False,False,True,False,False,False,0,True,True,False,False,True,False,False
-0.8442716335711778,-1.1188008067964355,0.46523440284924406,True,True,False,False,False,False,False,False,False,False,1,False,False,False,False,True,False,False
-0.39854066403068755,-0.4675090493789317,-0.10884068648344337,False,False,False,True,False,False,False,False,False,False,0,False,False,True,False,True,False,True
-0.9269461228978862,-0.9559778674420595,-1.3382905165283026,False,False,False,True,False,True,False,False,False,False,0,False,False,False,False,False,False,True
0.23877295775467378,-0.06045170099299184,0.8551408941590172,True,True,False,True,False,True,False,False,False,True,1,True,False,False,True,False,False,False
1.1501022395973834,0.6722515261016999,1.1388600857078308,False,True,False,True,False,True,True,True,True,False,0,False,False,True,True,True,True,False
-0.5367119959006563,-0.8745663977648716,0.9646465470375066,True,True,False,False,False,True,True,False,False,False,0,True,False,False,True,True,False,False
-0.7749005803921023,-1.0780950719578415,0.9497139580086216,False,True,False,False,False,True,False,False,False,False,0,True,False,False,True,True,False,False
-0.3968393169986058,-1.3223294809894055,-1.4909347599346818,False,False,True,False,False,False,True,False,False,False,0,False,True,False,False,False,False,True
-0.5205985930419723,0.9978974048104517,-1.4942531130522119,False,False,True,False,False,False,True,False,False,False,0,False,False,False,False,False,False,False
-0.9602925247266887,-1.2409180113122174,-0.1967770440979879,True,False,False,False,False,True,False,False,False,True,0,False,False,False,True,False,False,False
-0.6790763249722718,-0.9559778674420595,0.6776090023711627,False,True,False,False,False,True,True,False,False,False,0,True,True,False,True,False,False,False
-0.684169389636052,0.22448844287716607,-1.480979700582092,False,False,True,False,False,False,False,False,False,False,0,False,False,False,False,False,False,True
-0.048129034016635854,0.26519417771576004,-0.33448869847548224,False,False,False,True,False,False,False,True,True,False,0,False,True,True,True,True,False,False
-0.3451952022505757,-0.6303319887333076,0.9165304268333218,True,True,False,True,False,True,True,False,False,False,0,True,True,False,True,True,False,False
-0.1770362568861078,1.5677776925507676,-1.3067661619117676,False,False,True,True,False,False,False,False,False,False,0,True,False,False,False,False,False,False
0.9402108980008197,0.5094285867473239,1.0559012577695812,False,True,False,False,True,False,False,False,True,True,0,True,False,False,False,True,False,False
-0.7160888552443988,0.020959768684196134,-1.4876164068171518,False,False,True,False,False,False,True,False,False,False,0,False,True,False,False,False,False,True
-0.35959628164471286,1.6084834273893616,-1.4677062881119718,False,False,True,False,False,True,True,False,False,False,0,False,True,False,False,False,False,True
-0.2990502801675324,-0.1418631706701798,-0.3212152860053623,True,False,False,False,False,True,False,False,True,True,0,True,False,False,False,False,False,False
1.9968681456807063,1.5677776925507676,1.0227177265942813,False,True,True,False,False,True,True,False,False,True,0,True,True,True,False,True,True,False
-0.2173197640328178,-0.5896262538947137,1.283208446320385,False,True,False,False,False,True,False,True,False,True,1,True,False,False,True,True,True,False
-0.6441712697334331,-0.6710377235719016,-0.36601305309201715,False,False,False,False,False,True,False,True,False,True,0,False,False,False,False,False,False,True
0.1989504607714955,-0.22327464034736777,1.2052271480584305,True,True,False,False,True,True,True,False,False,False,1,False,False,True,True,True,False,False
-0.9693810108077449,-1.1595065416350294,-1.5042081724048018,False,False,False,False,False,False,True,False,False,False,0,False,False,False,False,False,False,True
-0.16983571718903917,1.6084834273893616,-1.2769009838539978,False,False,True,False,False,False,True,False,False,False,0,True,False,False,False,False,True,False
0.9673446390544076,0.590840056424512,0.9994892547715714,True,True,False,False,False,True,False,True,False,True,1,True,False,False,True,False,False,False
0.40060947801927654,0.26519417771576004,0.5465340542287288,False,True,False,True,False,False,False,False,True,True,0,True,False,False,False,False,True,False
2.3219461695654378,1.6084834273893616,1.3296653899658049,False,True,True,False,True,True,True,False,False,False,0,True,False,True,True,True,True,False
-0.971203098596942,-1.2816237461508113,0.8086839505135972,True,True,False,False,False,True,False,False,False,False,1,False,False,False,True,True,False,False
2.316787246306867,1.6084834273893616,1.3296653899658049,False,True,False,False,False,False,True,False,True,True,1,True,False,True,True,True,True,False
-0.4043362203722305,-0.5896262538947137,0.34743286717692967,True,True,False,False,True,True,False,False,False,False,0,False,False,False,False,False,False,False
1.1901881709597226,1.5677776925507676,0.2014253300056102,False,False,False,True,True,True,True,True,True,True,1,False,False,False,True,False,False,False
0.1872495837637592,0.387311382231542,0.04878108659923111,False,False,False,False,True,True,True,True,False,True,0,True,False,False,False,False,True,False
1.7861425952167995,1.6084834273893616,0.8402083051301322,False,False,True,True,True,True,True,True,False,True,0,True,False,True,True,True,True,False
-0.3891448378406102,-0.7117434584104956,1.1687252637656007,True,True,False,False,False,True,False,False,False,True,0,True,False,False,True,True,False,False
2.308664686282735,1.6084834273893616,1.326347036848275,False,True,True,True,True,True,True,True,False,False,0,False,True,True,True,True,True,False
-0.3221666469389142,-0.22327464034736777,-0.2896909313888274,False,False,False,True,True,False,False,False,True,True,0,False,True,False,False,False,False,True
0.05059299957396641,0.1023712383613841,0.1781968581829002,True,True,False,False,False,True,True,False,False,False,0,False,False,False,False,False,False,False
-0.6122518041250864,-0.9559778674420595,1.2135230308522553,True,True,False,True,False,True,True,True,False,True,0,False,True,False,True,True,False,False
-1.0018273451744135,-1.2816237461508113,-1.5058673489635668,False,False,False,False,False,False,False,False,False,False,0,False,False,False,False,False,True,False
-0.603338940963471,-0.5082147842175256,-0.6829157758161306,True,False,False,False,False,True,False,False,False,False,0,False,False,False,False,False,False,False
-0.43087723407270595,1.3235432835192036,-1.5125040551986266,False,False,True,False,False,False,True,False,False,False,0,False,False,False,False,False,False,False
-1.0012346178213012,-1.2816237461508113,-1.461069581876912,False,False,False,False,False,False,False,False,False,False,0,False,False,False,False,False,False,True
-0.9380323196875803,-1.0373893371192475,-1.4892755833759168,False,False,False,False,False,False,False,False,False,False,0,False,False,False,False,False,False,True
-0.10841160111465517,-0.1418631706701798,0.3524103968532244,False,False,True,True,False,False,True,True,False,False,0,False,True,True,True,True,False,True
-0.4044679375618111,0.5501343215859179,-1.1491443888290935,False,False,False,True,False,False,False,False,False,True,0,False,False,False,False,False,False,False
-0.9886775790812914,-1.2816237461508113,-0.5120205902633365,True,False,False,False,False,False,False,False,False,True,0,False,False,False,False,False,False,False
-0.9054542681313308,-1.2002122764736234,0.32088604223668943,False,True,False,False,False,True,True,False,False,True,1,False,False,False,False,False,False,False
-0.5117735413400772,-0.7931549280876836,0.8684143066291369,True,True,False,True,False,True,False,False,False,False,0,False,False,False,True,True,False,False
-0.9679101688574289,-1.0373893371192475,-1.4892755833759168,False,False,False,False,False,False,False,False,True,False,0,False,True,False,False,False,False,True
-1.0016956279848332,-1.2816237461508113,-1.4959122896109767,True,False,False,True,False,True,False,False,False,False,0,False,False,False,False,False,False,False
-0.8605387064843726,-0.6710377235719016,-1.4859572302583868,True,False,False,True,False,False,True,False,False,False,0,False,True,False,False,False,False,False
-0.7626289288961836,-0.9966836022806536,0.018915908541461066,False,False,True,False,True,False,True,True,False,False,0,False,False,False,False,True,False,True
-0.5355923997892219,-0.9152721326034655,1.309755271260625,True,True,False,True,True,True,False,False,False,True,0,False,False,True,True,True,False,False
0.23231881546522803,-0.1418631706701798,1.1819986762357204,False,True,False,True,False,False,False,True,True,True,0,True,True,True,False,True,True,False
-0.36686267993657173,-0.5489205190561197,0.6211969993731534,True,True,False,True,False,True,True,False,False,False,0,True,True,False,False,True,False,False
2.6111532121544063,1.6084834273893616,1.5984519924857334,False,True,True,False,True,True,True,True,False,True,0,True,True,True,True,True,False,False
-0.8842258477439365,-1.2002122764736234,1.1305642029140057,False,True,False,False,True,True,False,False,False,False,0,False,False,True,True,True,True,False
-0.5653824374993502,0.46872285190873,-1.3299946337344775,True,False,False,True,False,False,True,False,True,False,0,True,True,False,False,False,False,False
0.9217704914595465,0.387311382231542,1.336302096200865,True,True,False,False,True,True,False,False,False,False,0,True,False,True,True,True,False,False
0.1180541535041242,-0.10115743583158582,0.6178786462556232,False,True,False,True,False,True,True,True,False,True,0,True,True,False,False,False,False,False
0.7834674423999971,0.7536629957788878,0.5332606417586087,False,True,False,True,False,False,False,False,False,True,0,True,False,False,False,False,False,False
-1.0017834394445535,-1.2816237461508113,-1.5025489958460367,False,False,False,False,False,False,False,False,False,False,0,False,False,False,False,False,False,True
-0.8148987002947212,-0.38609757970174374,-1.4909347599346818,False,False,False,True,False,True,True,False,True,False,0,False,True,False,False,False,True,False
1.5517079506283984,0.8350744654560759,1.512174811429954,True,True,False,False,True,False,True,True,True,True,0,False,False,True,True,True,False,False
0.046531719561900275,-0.3453918448631497,1.1222683201201809,True,True,False,False,False,True,False,False,False,False,0,True,False,True,True,True,False,False
-1.0015639107952525,-1.2816237461508113,-1.4859572302583868,False,False,False,False,False,False,False,False,False,False,0,False,False,False,False,False,False,True
1.6531521394703315,1.1607203441648277,1.107335731091296,False,True,False,True,False,True,True,True,True,True,1,True,False,True,True,False,False,True
-0.06323260508853569,-0.4268033145403377,0.9380997220972668,False,True,False,True,False,True,False,False,False,True,0,False,False,False,True,True,False,True
-0.8129448953159435,-1.1188008067964355,0.8783693659817272,True,True,False,True,False,True,False,False,False,False,1,False,False,False,True,True,False,False
-0.14496312122325034,0.26519417771576004,-0.5020655309107466,False,False,True,True,False,True,False,True,False,False,0,False,False,False,False,False,False,False
-0.12292244483344288,0.7129572609402939,-0.8455150785750998,False,False,False,True,True,True,True,False,False,False,0,False,True,False,True,False,True,False
-0.5443076871664665,0.9978974048104517,-1.5108448786398618,False,False,False,True,False,False,True,False,True,False,0,False,True,False,False,False,False,True
-0.5895964475172364,0.26519417771576004,-1.3100845150292975,False,False,False,True,False,False,False,False,True,False,0,True,True,False,False,False,False,False
-0.4738609436058167,-0.8745663977648716,1.0376503156231662,False,True,False,False,True,True,True,True,False,False,0,True,False,False,True,False,True,False
-0.9905216197354186,-1.2816237461508113,-0.6513914211995958,True,False,False,True,False,False,False,False,False,False,0,False,False,False,False,False,False,False
1.6032971832141034,0.9571916699718578,1.482309633372184,False,True,False,False,True,True,True,True,False,False,0,True,True,True,True,True,False,True
-0.18081214965408277,0.06166550352279012,-0.2648032830073525,False,False,False,True,True,False,False,False,True,False,0,False,False,True,False,False,False,True
-0.5960066840768219,-0.8338606629262776,0.473530285643069,True,False,False,False,True,True,True,True,True,False,1,False,False,True,True,True,False,False
-0.9705664655139695,-1.2816237461508113,0.8568000707177821,True,True,False,True,False,True,True,False,False,False,0,False,False,False,True,True,False,False
-0.8407152694525037,-0.5489205190561197,-1.5008898192872717,False,False,False,True,False,True,False,False,True,False,0,False,False,False,False,False,True,False
-0.2675698718577873,-0.5896262538947137,0.9895341954189815,True,True,False,True,False,True,True,False,False,False,0,True,False,False,True,True,False,False
-0.13543557784359259,0.14307697319997809,-0.3593763468569571,False,False,False,True,False,False,True,True,True,False,1,False,False,True,False,False,True,False
-0.7193378792540517,-0.8745663977648716,-0.1552976301288631,False,False,False,True,True,False,False,False,False,True,1,True,False,False,False,False,False,False
0.7865847492200695,0.9571916699718578,0.29599839385521454,True,True,False,False,False,True,False,False,False,True,0,False,False,False,False,False,False,False
0.6612338904692716,0.7536629957788878,0.4171182826450592,True,True,False,False,True,True,True,False,False,False,1,True,False,False,False,False,False,False
0.053600542069388316,-0.22327464034736777,0.8368899520126024,False,True,False,False,False,False,True,False,False,False,0,True,False,True,False,True,False,False
-0.9792817528912141,-1.2816237461508113,0.1981069768880804,False,True,False,False,False,False,False,False,False,False,0,False,False,False,False,False,False,True
-0.9306781099360011,-1.1595065416350294,-0.6281629493768859,True,False,False,False,False,False,True,False,False,False,1,False,True,False,False,False,False,False
1.0272979131784759,1.6084834273893616,-0.015926799192603674,False,False,True,True,True,True,True,True,False,True,1,False,False,True,True,True,True,False
0.11634183003957754,0.7943687306174818,-0.4788370590880366,True,False,False,False,False,True,False,True,False,True,1,False,False,True,True,False,False,False
-0.8349636188408209,-0.7117434584104956,-1.3117436915880627,False,False,False,False,False,True,False,False,False,False,0,True,False,False,False,False,True,False
-0.9861749524792616,-1.2816237461508113,-0.3228744625641272,False,False,False,False,False,False,True,False,False,False,0,False,False,False,True,False,False,True
1.1240441889253698,1.2421318138420157,0.4950995809070136,False,False,True,False,True,True,False,True,False,True,0,True,False,True,True,False,True,False
-0.45763777642248227,-0.7524491932490895,0.8617776003940772,False,True,False,False,False,True,True,False,False,True,0,True,True,False,False,True,False,False
-0.07497738782613234,-0.38609757970174374,0.7804779490145926,False,True,False,False,False,True,True,False,False,True,1,False,True,True,False,True,False,False
1.0738818925601206,0.590840056424512,1.1537926747367158,True,True,False,False,False,False,True,False,False,False,1,True,False,True,True,True,False,False
2.3753574899403396,1.6084834273893616,1.4690362209020642,False,True,True,False,False,True,True,True,False,True,0,True,True,True,True,True,False,False
0.696578003006712,0.631545791263106,0.6145602931380933,False,False,False,False,True,True,False,False,True,True,0,True,False,True,True,True,True,False
-0.8509672573748545,-0.8745663977648716,-0.9666349673649444,False,False,False,False,False,True,False,False,False,False,0,False,False,False,True,False,False,True
-0.5994971896007056,0.631545791263106,-1.4909347599346818,False,False,True,False,False,False,True,False,False,False,0,False,True,False,False,False,False,True
-0.35105661718690895,1.1607203441648277,-1.3250171040581826,False,False,True,True,False,False,True,False,False,False,1,True,False,False,False,False,False,False
-0.011511655313250378,0.06166550352279012,0.14003579733130567,False,True,False,True,False,False,False,False,False,False,1,False,False,False,False,False,True,False
-0.7965680580780984,-0.3453918448631497,-1.466047111553207,False,False,True,True,False,False,False,False,False,False,0,False,False,False,False,False,False,True
-0.5329580559976114,-0.5896262538947137,-0.1138182161597383,False,False,False,False,True,True,True,True,True,True,0,False,True,False,False,False,False,True
1.3285570786140621,1.2828375486806096,0.7257251225753476,False,True,False,False,True,True,True,True,False,False,0,True,True,False,False,False,False,False
1.3379529048041392,1.0793088744876398,0.7904330083671824,False,True,False,False,False,True,True,False,False,False,1,True,True,True,False,True,True,False
-0.6467836606601135,-0.3453918448631497,-1.018069440686659,False,False,False,True,False,False,True,True,False,False,1,False,False,True,False,False,False,True
-0.3968393169986058,-1.3223294809894055,-1.3134028681468275,False,False,True,True,False,False,True,False,False,False,0,True,True,False,False,False,False,True
-0.3496077281015232,1.1200146093262338,-1.3250171040581826,False,False,True,False,False,False,False,False,False,False,0,True,False,False,False,False,False,True
0.3465615245614019,0.346605647392948,0.32254521879545484,False,False,False,False,True,True,False,True,False,False,0,True,False,True,False,True,False,False
-0.9078032246788503,-1.2002122764736234,0.5448748776699633,True,True,False,True,False,True,False,False,False,True,1,True,False,False,False,False,False,False
2.3788919011940837,1.6084834273893616,1.4424893959618246,True,True,True,True,False,True,True,True,False,True,0,True,False,True,True,True,False,False
1.3059675806010025,0.590840056424512,1.5237890473413087,False,True,False,True,True,True,True,True,True,False,0,True,False,True,True,True,True,False
-0.32078361644831865,-0.4675090493789317,0.3441145140593994,False,True,False,True,False,False,False,False,False,False,0,True,False,False,False,False,False,True
0.7416911404380412,0.346605647392948,1.0990398482974708,False,True,False,False,False,False,False,False,False,False,0,True,False,True,True,True,False,False
-0.8083347936806251,-1.0780950719578415,0.5946501744329131,True,True,False,True,False,True,True,False,False,False,0,True,False,False,True,False,False,False
-0.8411323738861755,-0.6303319887333076,-1.4544328756418519,False,False,False,True,False,False,False,False,False,False,0,False,False,False,False,False,True,False
-0.3690140606997203,1.6084834273893616,-1.4876164068171518,False,False,True,False,False,False,True,False,False,False,0,False,True,False,False,False,False,False
-0.7159571380548182,-0.7931549280876836,-0.42574340920755677,False,False,False,True,True,True,False,False,False,False,0,False,True,False,False,False,True,False
1.099149640094651,1.6084834273893616,-0.005971739840013817,False,False,True,False,True,False,True,True,False,True,0,True,False,False,False,False,False,False
-0.3343504869751126,-0.7117434584104956,1.2782309166440902,True,True,False,True,False,True,True,True,False,False,0,True,False,True,True,True,False,False
-0.9603803361864092,-1.2002122764736234,-0.9998184985402442,False,False,False,False,False,True,False,False,False,False,0,False,False,False,True,False,True,False
0.54749609726649,0.5501343215859179,0.3275227484717495,False,True,False,False,False,True,False,False,False,False,0,False,False,True,False,False,True,False
-0.25349808543760144,1.6084834273893616,-1.3731332242623675,False,False,True,True,False,True,True,False,False,False,0,True,False,False,False,False,False,False
-0.6012534187951126,-0.7117434584104956,-0.29135010794759253,False,False,False,False,False,False,False,False,True,False,0,False,False,False,True,False,False,True
2.0425301047352877,1.2828375486806096,1.533744106693899,True,True,False,False,False,True,True,True,False,True,0,True,False,True,True,True,False,False
1.4475635594000649,1.4049547531963917,0.659358060224748,False,True,False,False,True,False,True,False,True,True,0,False,True,True,False,False,False,False
-1.0014321936056723,-1.2816237461508113,-1.4760021709057967,False,False,False,True,False,False,False,False,False,False,0,False,False,False,False,False,False,True
0.7024613708079754,0.7536629957788878,0.34079616094186965,False,False,True,True,False,True,True,True,False,False,0,True,False,False,True,True,False,False
0.34056839243548803,0.7536629957788878,-0.15861598324639314,False,False,False,False,True,False,False,True,True,False,0,False,True,True,True,True,False,False
-0.9142573669682958,-1.1188008067964355,-0.7194176601089605,False,False,False,True,True,True,False,True,False,True,0,False,False,True,False,False,False,True
-0.9590631642906039,-1.1595065416350294,-1.3150620447055927,False,False,True,False,False,True,False,False,False,False,0,True,False,False,False,False,True,False
0.08290761675105472,0.1023712383613841,0.14003579733130567,False,False,True,True,True,True,True,True,False,True,0,True,True,True,False,False,True,False
-0.24954656975018574,1.5677776925507676,-1.3499047524396575,False,False,True,False,False,True,True,False,False,False,0,True,False,False,False,False,True,False
-0.5586648608307435,-0.7931549280876836,0.5631258198163787,False,True,False,False,False,True,False,False,False,False,0,False,False,False,True,False,False,True
-0.9814550865192928,-1.2002122764736234,-1.4842980536996218,True,False,False,False,False,False,False,False,False,False,0,False,False,False,False,False,False,False
-0.730489934638536,-0.10115743583158582,-1.5224591145512167,False,False,True,True,False,False,True,False,False,False,0,False,False,False,False,False,False,True
-0.36785055885842566,-0.5082147842175256,0.28936168762015496,True,True,False,True,False,True,True,False,False,True,1,False,False,False,False,False,False,False
1.3789608564935425,1.2828375486806096,0.712451710105228,False,False,True,False,True,True,False,True,False,True,0,True,False,True,True,True,True,False
-0.5459541520362231,1.0793088744876398,-1.5440284098151615,False,False,True,False,False,False,True,False,False,False,0,False,False,False,False,False,False,False
-0.9859115181001004,-1.2816237461508113,-0.3029643438589475,True,False,False,False,True,True,False,False,False,False,1,False,False,True,False,False,False,False
1.4595278707869623,0.9978974048104517,0.9563506642436816,True,True,True,True,True,False,False,True,False,False,1,True,False,False,False,True,False,False
0.4668193186484196,1.3642490183577978,-0.4771778825292717,False,False,True,True,False,False,True,True,False,False,0,False,True,False,True,True,False,False
-0.5842838542041553,-0.30468611002455576,-0.8056948411647401,False,False,False,True,True,True,False,False,True,False,0,False,True,False,True,False,True,False
-0.8983415398939827,-0.9152721326034655,-1.1756912137693334,False,False,False,True,False,False,False,False,False,False,0,False,False,True,False,False,False,True
-0.9763839747204426,-1.1595065416350294,-1.4793205240233267,False,False,False,False,False,False,False,False,False,False,0,False,False,False,False,False,False,True
1.8322216587050524,1.6084834273893616,0.8982794846869069,False,False,True,False,True,False,True,True,False,True,0,True,False,True,True,True,False,False
2.509335824608662,1.5677776925507676,1.6631598782775683,False,True,True,True,True,True,True,True,False,True,1,True,False,True,True,True,False,False
-0.6561136282554005,0.346605647392948,-1.4992306427285067,False,False,False,False,False,True,False,False,True,False,0,False,False,False,False,False,False,True
-0.9237410046180935,-0.9559778674420595,-1.5042081724048018,False,False,True,True,False,False,True,False,False,False,0,False,True,False,False,False,False,True
-0.9880628988632489,-1.2816237461508113,-0.4655636466179167,False,False,False,True,False,False,False,False,False,False,0,False,False,True,False,False,False,True
-0.9780962981849894,-1.2816237461508113,0.2877025110613896,False,True,False,False,True,True,False,False,False,False,0,False,True,False,False,False,False,True
2.211193965993148,1.3235432835192036,1.472354574019594,True,True,True,False,True,False,True,True,False,False,0,True,True,True,True,True,False,False
-0.8619656427048282,-1.1595065416350294,0.3457736906181643,True,True,False,False,False,False,False,False,False,False,0,True,False,False,False,False,False,False
-0.9777670052110381,-1.2816237461508113,0.3125901594428645,True,True,False,False,False,False,False,False,False,True,0,False,False,False,False,False,False,False
-0.9915753572520629,-1.2816237461508113,-0.7310318960203155,True,False,False,True,False,True,False,False,False,False,0,False,False,False,False,False,False,False
-0.9419618825100659,-1.0373893371192475,-1.469365464670737,False,False,False,False,False,False,False,False,False,False,0,False,False,False,False,False,False,True
-0.969688350916766,-1.1188008067964355,-1.4793205240233267,False,False,False,True,False,False,False,False,False,False,0,False,False,False,False,False,False,True
-0.7046733654807534,-0.8338606629262776,-0.37430893588584213,False,False,False,True,False,False,True,False,True,False,0,False,True,False,False,True,True,False
1.4084874598245096,0.9164859351332638,1.1637477340893057,True,True,False,False,False,True,False,False,True,False,1,True,False,True,True,True,False,False
0.06991152071244314,0.8757802002946699,-0.6547097743171256,False,False,True,True,True,False,False,True,False,False,0,False,False,False,True,False,True,False
-0.9428839028371294,-1.2409180113122174,0.14501332700760036,True,True,False,False,False,True,True,False,False,False,1,False,False,False,False,False,False,False
-0.8230871189136437,-0.38609757970174374,-1.5042081724048018,False,False,True,True,False,False,True,False,False,False,0,False,True,False,False,False,True,False
-0.3732948693610873,-0.7117434584104956,1.0210585500355165,True,True,False,True,False,False,False,True,False,True,0,True,False,False,False,True,False,False
-0.9600510432124578,-1.2409180113122174,-0.5087022371458064,False,False,False,False,False,True,False,False,False,True,0,False,False,False,False,False,False,True
1.4399898209991848,0.9571916699718578,1.1172907904438856,True,True,False,True,False,False,False,False,False,True,0,True,False,False,True,True,False,False
2.0256483516040507,1.3235432835192036,1.3313245665245697,True,True,False,False,True,True,True,False,False,False,0,True,False,True,True,True,False,False
0.20505335722205978,-0.1825689055087738,0.928144662744677,False,True,False,True,False,False,True,True,True,True,0,False,True,True,True,False,False,False
-0.9993466714373139,-1.2816237461508113,-1.3183803978231226,False,False,False,False,False,False,False,False,False,False,0,False,False,False,False,False,False,True
-0.8651707609846209,-0.9966836022806536,-0.8770394331916347,True,False,False,False,True,True,False,False,False,False,0,False,True,False,False,True,False,False
-0.2686455622393616,-0.38609757970174374,0.12676238486118555,False,False,False,False,True,True,True,True,True,False,0,False,False,True,False,True,False,False
-0.5225304451558199,-0.6303319887333076,0.027211791335286027,False,False,False,True,True,False,False,False,False,False,0,True,False,False,False,True,False,False
-0.11264850404616203,-0.10115743583158582,0.1815152113004305,True,False,False,True,True,False,False,True,True,True,0,False,False,False,True,False,False,False
2.1122304508883145,1.4049547531963917,1.3495755086709846,True,True,False,False,True,True,True,False,True,True,1,True,False,False,True,True,False,False
-0.9748253213104063,-1.2816237461508113,0.5349198183173736,True,True,False,True,False,True,True,False,False,False,0,False,True,False,False,True,False,False
-0.6546866920349449,-0.6710377235719016,-0.4970880012344514,True,False,False,False,False,True,True,True,False,False,0,False,False,False,True,True,False,False
-1.0016956279848332,-1.2816237461508113,-1.4959122896109767,False,False,False,False,False,False,False,False,False,False,0,False,False,False,False,False,False,True
1.690801302825431,1.0793088744876398,1.3960324523164045,False,True,False,False,True,True,True,True,True,True,0,True,False,True,False,True,True,False
-0.15381012579007552,-0.5082147842175256,0.858459247276547,True,True,False,False,False,False,True,False,False,False,1,True,False,True,True,False,False,False
-0.6047878300488567,-0.7931549280876836,0.23294968462214516,True,False,False,False,True,True,False,False,False,False,0,False,False,False,True,True,False,False
0.14235597498173086,-0.1825689055087738,0.8302532457775423,True,True,False,False,False,True,False,False,False,True,0,True,False,False,False,True,False,False
1.1245051990889017,0.8350744654560759,0.8700734831879022,True,True,False,False,False,True,True,True,True,False,0,True,False,False,False,True,False,False
-0.9499966310744778,-1.0373893371192475,-1.4909347599346818,False,False,False,False,False,False,False,False,False,False,0,False,False,False,False,False,False,False
-0.5605089014848709,0.30589991255435406,-1.3316538102932427,False,False,True,False,False,True,True,False,False,False,0,True,True,False,False,False,False,True
-0.35232988335285403,1.4456604880349857,-1.3532231055571875,False,False,True,True,False,True,False,False,False,False,0,True,False,False,False,False,False,False
-0.9793915172158645,-1.2816237461508113,0.18981109409425545,False,True,False,True,False,True,True,False,False,False,0,False,True,False,False,False,False,True
1.9328096858147121,1.2014260790034217,1.3645080976998696,False,True,False,False,False,True,True,True,True,True,0,True,True,False,True,True,True,False
0.08005374431014338,-0.1825689055087738,0.873391836305432,False,True,False,True,False,True,False,True,True,True,0,False,False,False,True,False,False,False
1.4563447053720997,1.2014260790034217,0.8020472442785371,True,True,False,True,True,True,True,False,False,True,1,True,False,True,False,False,False,False
-0.57791752337443,-0.4675090493789317,-0.6397771852882409,False,False,False,True,False,False,False,False,False,False,0,False,True,False,False,False,False,True
0.7529310072822458,0.346605647392948,1.2002496183821352,False,True,False,False,False,True,False,True,True,False,1,False,False,True,True,True,False,False
-0.8445131150854089,-1.0780950719578415,0.1616050925952503,True,True,False,True,False,True,True,False,False,False,0,False,True,False,False,False,False,False
0.9860923857047019,0.6722515261016999,0.8335715988950722,False,True,False,True,False,False,True,False,False,True,1,True,False,False,False,True,True,False
2.18662871013638,1.4049547531963917,1.4756729271371243,True,True,False,False,True,True,True,True,True,False,0,True,True,True,True,True,False,False
0.9583000587032114,0.5094285867473239,1.1737027934418955,True,True,False,False,True,True,False,False,True,True,0,False,False,False,True,True,False,False
-0.48674727531977785,1.0793088744876398,-1.5141632317573919,False,False,True,True,False,False,True,False,False,False,0,False,True,False,False,False,True,False
-0.9701493610802979,-1.2816237461508113,0.888324425334317,True,True,False,False,False,False,False,True,False,True,0,False,False,False,True,False,False,False
2.2989834728485663,1.6084834273893616,1.326347036848275,False,True,False,True,True,True,True,True,True,True,0,True,True,True,False,True,True,False
-0.3905059154662756,1.4049547531963917,-1.464387934994442,False,False,True,True,False,True,True,False,False,False,0,False,True,False,False,False,False,True
-0.6678364581280671,0.46872285190873,-1.5042081724048018,False,False,False,False,False,False,True,False,False,False,0,False,True,False,False,False,False,True
-0.9910923942236011,-1.2816237461508113,-0.6945300117274855,False,False,False,False,False,True,False,False,False,False,0,False,False,False,False,False,False,True
2.292156131855309,1.5677776925507676,1.359530568023575,True,True,False,False,False,True,False,False,True,True,1,True,False,True,True,True,False,False
-0.8472572232016697,-1.1188008067964355,0.21635791903449522,False,True,False,True,False,True,False,False,False,False,1,False,False,False,False,False,False,True
2.155565406260307,1.3642490183577978,1.5154931645474838,False,True,False,False,True,True,True,True,True,True,1,True,True,False,True,True,True,False
0.2939405073239829,-0.019745966154397852,0.9480547814498567,True,True,False,True,False,True,True,False,False,True,1,True,False,True,False,True,False,False
0.45711615234932085,0.7943687306174818,-0.05574703660296358,False,False,True,True,True,True,False,False,False,True,0,False,False,False,True,False,True,False
-0.9909167713041603,-1.2816237461508113,-0.6812565992573657,False,False,False,True,False,False,False,False,False,False,0,False,False,False,False,False,False,True
-0.8530088738133526,-0.5896262538947137,-1.4892755833759168,False,False,False,True,False,False,False,False,False,False,0,False,False,False,False,False,False,True
0.5112299644019858,1.3642490183577978,-0.33614787503424737,False,False,False,True,True,True,False,False,True,True,0,False,False,False,False,False,False,True
0.3124906781899066,0.22448844287716607,0.48182616843689396,True,True,False,True,True,True,True,False,False,True,0,False,False,False,False,False,False,False
-0.27839263426832034,-0.7117434584104956,1.2267964433223755,True,True,False,True,True,False,True,True,True,False,0,False,True,False,True,True,False,False
1.0225121886237165,0.5501343215859179,1.152133498177951,False,True,True,False,True,False,True,True,False,False,0,True,True,True,False,True,False,True
1.9064662478986074,1.3235432835192036,1.1687252637656007,False,True,False,False,True,True,True,True,True,True,0,True,False,False,True,False,False,False
-0.1711528890848444,1.4456604880349857,-1.2984702791179428,False,False,True,False,False,False,True,False,False,False,0,True,False,False,False,False,True,False
-0.4245109032429807,-0.7931549280876836,1.064197140563406,True,True,False,True,False,False,True,False,False,False,0,False,True,True,True,True,False,False
-0.5457785291167824,-0.9152721326034655,1.113972437326356,True,True,False,False,False,True,False,True,False,False,0,True,False,False,True,True,False,False
-0.7837256320939975,-0.30468611002455576,-1.5075265255223318,False,False,False,True,False,True,False,False,True,False,0,False,False,False,False,False,False,False
-0.8999440990338791,-0.9152721326034655,-1.3017886322354726,False,False,True,True,False,False,False,False,False,False,0,True,False,False,False,False,False,False
-0.1884078409198929,1.6084834273893616,-1.2968111025591778,False,False,True,True,False,False,True,False,False,False,0,True,False,False,False,False,True,False
-0.9435424887850321,-1.2002122764736234,-0.4871329418818615,False,False,False,True,False,True,False,True,False,False,0,False,False,False,False,False,False,True
-0.9603144775916188,-1.2409180113122174,-0.34942128750436724,False,False,False,True,False,True,False,False,False,True,0,True,False,False,False,False,False,True
0.3440369450944419,0.22448844287716607,0.5332606417586087,False,False,True,True,True,False,True,True,False,False,0,False,True,True,True,True,True,False
2.024660472682197,1.2014260790034217,1.4159425710215843,False,True,True,True,False,True,True,True,False,False,0,True,False,True,True,True,False,False
-0.6700097917561457,-0.8745663977648716,0.34079616094186965,False,True,False,True,False,True,True,False,False,False,1,True,True,False,False,False,True,False
-0.9148940000512683,-1.2002122764736234,0.5033954637008385,False,True,False,False,False,False,False,True,False,False,0,False,False,True,False,False,True,False
0.10534344470960379,0.6722515261016999,-0.4356984685601469,False,False,False,True,False,True,True,False,True,True,0,False,True,False,True,True,False,False
-0.8483768193131042,-0.6303319887333076,-1.5091857020810966,False,False,True,True,False,False,False,False,False,False,0,False,False,False,False,False,True,False
-0.9499966310744778,-0.9966836022806536,-1.4677062881119718,False,False,False,False,False,True,False,False,False,False,0,False,False,False,False,False,False,True
-0.9624439054898373,-1.2409180113122174,-0.4887921184406264,False,False,False,True,False,True,False,True,False,False,0,False,False,False,False,False,True,False
-0.8953559502634908,-1.2002122764736234,0.7771595958970623,False,True,False,True,False,True,False,True,False,False,0,False,False,True,True,False,False,True
-0.675629725178248,-0.9559778674420595,0.6477438243133932,True,True,False,False,False,True,False,False,False,False,1,True,False,False,False,True,False,False
-0.2534102739778811,1.5270719577121736,-1.3499047524396575,False,False,True,True,False,False,True,False,False,False,0,True,False,False,False,False,False,False
0.36451896807421325,-0.019745966154397852,0.9911933719777464,False,True,False,True,True,False,True,False,True,True,0,False,True,True,False,True,False,True
-0.319356680227863,-0.4268033145403377,0.3341594547068096,False,True,False,True,True,False,True,False,False,False,0,False,True,False,False,False,False,False
-0.8909873301424034,-0.7524491932490895,-1.5075265255223318,False,False,False,False,False,True,True,False,True,False,0,False,True,False,False,False,False,True
-0.9269680757628163,-1.2409180113122174,0.8319124223363072,False,True,False,True,False,False,True,True,False,False,0,False,True,True,False,True,True,False
-0.251632091918544,1.4456604880349857,-1.3167212212643575,False,False,True,True,False,False,True,False,False,False,0,True,False,False,False,False,False,False
-0.889362818137577,-0.7524491932490895,-1.477661347464562,False,False,False,True,False,False,False,False,True,False,0,False,False,False,False,False,False,False
-0.9364297605476839,-1.2409180113122174,0.8700734831879022,True,True,False,False,True,True,False,False,False,True,0,False,False,False,True,False,False,False
-0.9381859897420909,-1.2409180113122174,0.4917812277894838,True,True,False,False,False,True,False,False,False,False,0,False,False,False,True,False,False,False
1.050063034110976,0.631545791263106,1.065856317122171,True,True,False,False,False,True,True,False,True,True,0,False,False,True,True,True,False,False
-0.8915141989007256,-1.0780950719578415,-0.5236348261746914,True,False,False,False,False,True,True,True,False,False,0,False,False,False,False,False,False,False
0.9277197178556001,0.428017117070136,1.2632983276152052,True,True,False,True,False,True,True,False,False,True,1,True,False,True,True,True,False,False
0.16632850348538605,0.14307697319997809,0.3524103968532244,False,False,False,False,True,True,False,True,True,True,0,False,False,True,False,True,False,True
1.9358830869049244,1.3642490183577978,1.1471559685016557,True,True,False,True,False,False,False,False,False,True,0,False,False,True,True,True,False,False
1.3188100065851034,1.0386031396490458,0.9264854861859115,True,True,False,True,False,True,True,False,False,True,0,False,True,False,True,True,False,False
-0.057744388856013885,-0.38609757970174374,0.8335715988950722,False,True,False,False,True,True,False,False,False,False,0,True,False,False,True,False,False,False
-0.9658685524189309,-1.2816237461508113,1.2118638542934905,True,True,False,True,False,True,False,False,False,False,0,True,False,True,True,True,False,False
-0.8776180353999803,-0.7117434584104956,-1.4876164068171518,False,False,False,False,False,False,False,False,True,False,0,False,False,False,False,False,True,False
2.1547531502578936,1.5677776925507676,1.1703844403243657,False,True,True,True,True,False,True,True,False,True,0,False,True,True,True,False,True,False
-0.5460858692258036,-0.8338606629262776,0.8037064208373025,True,True,False,False,False,True,False,False,False,True,0,True,False,False,False,True,False,False
-0.9906313840600691,-1.2816237461508113,-0.6596873039934208,False,False,False,True,False,False,False,False,False,False,0,False,False,False,False,False,False,True
-0.8137571513183567,-0.9559778674420595,-0.5219756496159262,False,False,False,True,False,False,False,True,False,False,1,False,False,False,False,False,False,True
-0.6978460244874962,-0.10115743583158582,-1.449455345965557,False,False,True,True,False,False,True,False,False,False,0,False,True,False,False,False,False,True
0.5246651177391993,0.1023712383613841,1.2102046777347255,True,True,False,True,False,True,False,False,False,False,1,True,False,True,True,True,False,False
0.1240033799001779,0.6722515261016999,-0.42408423264879186,False,False,False,False,False,True,True,False,False,False,0,True,False,False,False,False,True,False
0.6365588702878537,1.1607203441648277,-0.1154773927185032,False,False,True,False,False,True,True,True,False,True,0,False,True,True,True,True,False,False
0.9674983091089179,1.5270719577121736,-0.01260844607507388,False,False,True,False,True,False,True,True,False,True,0,False,False,True,True,True,False,False
-0.5449223673845089,-0.9152721326034655,1.1836578527944854,True,True,False,False,False,True,False,False,False,False,0,True,False,True,True,True,False,False
-0.1975182798658791,1.6084834273893616,-1.2885152197653527,False,False,True,True,False,False,True,False,False,False,0,True,True,False,False,False,False,True
0.4935140024034055,1.2014260790034217,-0.3378070515930122,False,False,False,False,True,False,True,False,True,False,0,False,True,True,False,False,True,False
-0.8296290726628097,-0.9966836022806536,-0.6464138915233006,True,False,False,False,False,True,True,False,False,False,0,False,True,False,False,False,False,False
-0.9338173696210036,-1.2409180113122174,0.4984179340245439,True,True,False,True,False,True,False,False,False,False,0,False,False,False,True,False,False,False
1.2008133575858848,0.6722515261016999,1.2865267994379153,False,True,False,True,False,True,False,False,False,True,0,True,False,True,True,True,False,False
-1.001871250904274,-1.2816237461508113,-1.5091857020810966,False,False,False,True,False,False,False,False,False,False,0,False,False,False,False,False,False,True
0.01625871882330992,-0.30468611002455576,1.0210585500355165,False,True,False,True,False,True,True,True,False,False,0,False,False,False,True,True,True,False
1.332552500031338,1.6084834273893616,0.3374778078243394,False,False,True,True,True,True,False,True,False,True,0,False,False,True,True,False,False,False
-0.173831138606315,0.26519417771576004,-0.47385952941174164,False,False,False,False,False,True,False,False,False,False,0,False,False,True,True,True,True,False
-0.907232450190668,-1.2002122764736234,0.14003579733130567,False,False,False,False,False,True,True,False,False,True,0,True,True,True,True,False,False,False
2.2592048815952483,1.4863662228735797,1.2948226822317401,True,True,False,False,False,True,True,False,False,True,0,True,True,True,True,True,False,False
-0.8809329180044234,-0.6710377235719016,-1.4992306427285067,False,False,False,True,False,False,False,False,False,False,0,False,False,False,False,False,True,False
-0.8192234146859484,-0.8338606629262776,-1.0396387359506039,False,False,False,False,True,True,False,True,True,False,0,False,False,False,False,False,False,True
1.0745404785080233,1.5677776925507676,0.06371367562811567,False,False,False,True,True,True,True,True,True,True,0,True,True,False,False,False,True,False
-0.9234336645090724,-0.8338606629262776,-1.5108448786398618,False,False,False,False,False,False,True,False,False,False,0,False,True,False,False,False,False,False
2.3366106833387357,1.5677776925507676,1.3893957460813444,True,True,True,True,False,True,False,True,False,True,1,True,False,False,True,True,False,False
0.11361967478824661,0.5501343215859179,-0.26646245956611764,False,False,False,True,True,False,True,True,True,False,0,False,True,True,False,False,False,True
1.9457618761234636,1.6084834273893616,0.919848779950852,False,False,True,False,True,False,True,True,False,True,0,True,True,True,True,True,False,False
-0.22730831757600747,-0.4268033145403377,0.3673429858821094,False,True,False,False,False,True,False,False,True,False,0,True,False,False,False,False,True,False
-0.9859554238299607,-1.2816237461508113,-0.3062826969764773,False,False,False,True,True,False,True,False,False,False,0,False,False,True,False,False,False,True
2.7405653509172705,1.6084834273893616,1.7079576453642233,False,True,True,False,True,True,True,True,False,True,0,True,True,True,True,True,True,False
-0.57291227017037,0.346605647392948,-1.3167212212643575,False,False,False,True,False,True,False,False,False,False,0,True,False,False,False,False,False,False
1.1849633891063618,0.8350744654560759,0.9928525485365113,False,True,False,False,False,True,True,False,True,False,0,False,False,True,True,True,False,False
1.9042051028108087,1.2014260790034217,1.2019087949409006,False,True,True,False,True,True,True,False,False,False,0,True,True,False,True,True,False,False
-0.9336636995664929,-1.2409180113122174,1.0310136093881064,True,True,False,False,False,True,False,False,False,False,0,True,False,False,True,True,False,False
1.7986996339568095,1.4863662228735797,0.9414180752147966,False,True,True,False,False,True,True,True,False,True,0,True,True,False,False,True,False,False
-0.9239385804024643,-1.1595065416350294,-0.6513914211995958,False,False,False,False,False,True,False,False,False,False,0,False,False,False,False,False,False,True
-0.7776885942382235,-0.9559778674420595,-0.180185278510338,False,False,False,False,False,True,False,True,False,False,0,False,False,False,True,False,False,False
0.9988470002290827,1.2421318138420157,0.21801709559326013,True,False,False,True,True,False,False,True,True,True,0,True,False,True,False,False,False,False
-0.9124352791790986,-1.1188008067964355,-0.5900018885252911,True,False,False,True,False,False,False,False,False,False,0,True,False,False,False,False,False,False
-0.6437322124348314,0.346605647392948,-1.469365464670737,False,False,True,False,False,False,False,False,False,False,0,False,False,False,False,False,False,True
-0.7966558695378188,-1.1188008067964355,0.9613281939199768,False,True,False,False,False,True,False,False,False,False,0,True,False,False,True,True,False,True
-0.930656157071071,-1.2409180113122174,1.0144218438004564,False,True,False,True,False,True,True,False,False,False,1,False,False,True,True,True,True,False
-0.12421766386431794,0.020959768684196134,-0.12875080518862334,False,False,True,True,True,True,True,True,False,True,0,False,False,False,False,False,False,True
-1.0019810152289244,-1.2816237461508113,-1.5174815848749215,False,False,False,True,False,False,False,False,False,False,0,False,False,False,False,False,False,True
-0.44786875152859346,0.7536629957788878,-1.3084253384705327,False,False,True,False,False,False,True,False,False,False,0,True,False,False,False,False,False,True
-0.6677266938034166,-0.9966836022806536,1.2085455011759603,True,True,False,False,False,False,False,False,False,False,1,True,False,True,True,True,False,False
-0.7710588290293371,-1.0373893371192475,0.2926800407376848,False,True,False,True,False,False,False,False,False,False,1,True,False,False,False,False,False,True
-0.7724857652497927,-1.1188008067964355,1.2998002119080347,False,True,False,True,False,False,False,False,False,True,0,True,False,True,True,True,False,True
-0.9752204728791479,-1.2816237461508113,0.505054640259604,False,True,False,False,False,False,False,False,False,False,0,False,False,False,False,True,True,False
-0.6180912661964896,-0.5489205190561197,-0.6663240102284806,False,False,False,False,False,True,False,False,True,False,0,False,False,False,True,True,True,False
0.5770446534623872,0.14307697319997809,1.135541732590301,True,True,False,False,False,True,False,False,False,True,0,True,False,False,True,True,False,False
0.6031027041344007,1.4456604880349857,-0.3477621109456021,False,False,False,False,True,True,False,False,True,False,0,False,False,True,False,False,True,False
0.7616243417945604,0.26519417771576004,1.1554518512954808,True,True,False,False,False,True,False,False,False,False,1,True,False,True,True,True,False,False
-0.47596841863910505,-0.7117434584104956,0.5067138168183688,True,True,False,True,False,True,False,False,False,True,1,True,False,False,False,False,False,False
-0.35456907557572287,1.6084834273893616,-1.457751228759382,False,False,True,True,False,False,True,False,False,False,0,False,True,False,False,False,False,False
-0.8977488125408704,-1.0373893371192475,-1.0197286172454239,False,False,False,True,True,False,True,False,False,True,0,False,False,False,False,False,False,True
-0.25055640153696973,1.5677776925507676,-1.3432680462045974,False,False,True,True,False,False,True,False,False,False,0,True,False,False,False,False,False,False
-0.5987507921930828,-0.7524491932490895,0.01725673198269617,True,False,False,True,True,True,True,False,False,True,0,False,True,False,True,False,False,False
-0.8033734462064255,-0.4268033145403377,-1.4760021709057967,False,False,False,True,False,True,True,False,False,False,0,False,False,False,False,False,False,False
2.6935862199668836,1.6084834273893616,1.7394819999807578,False,True,True,False,True,True,False,True,False,True,1,True,False,True,True,True,True,False
1.0214584511070726,0.7943687306174818,0.8850060722167867,False,True,True,True,True,True,True,True,False,False,0,True,False,True,False,False,True,False
-0.09010291176296252,0.1023712383613841,-0.09390809745455836,True,False,False,False,False,True,False,False,False,False,0,False,False,True,False,True,False,False
-0.6016924760937143,0.7129572609402939,-1.4859572302583868,False,False,True,False,False,False,True,False,False,False,0,False,True,False,False,False,False,False
1.4031090079166384,0.9978974048104517,1.152133498177951,True,True,False,False,True,True,True,False,False,False,0,True,False,False,True,True,False,False
2.2335419824919764,1.4049547531963917,1.5735643441042586,False,True,False,False,False,True,True,True,True,True,0,True,True,True,True,True,True,False
-0.6610749757296003,-0.8745663977648716,0.48348534499565887,False,True,False,True,True,True,False,False,False,False,0,False,False,True,False,False,False,False
0.061635290633800105,0.1023712383613841,0.13505826765501053,True,False,False,True,False,True,True,True,True,True,0,True,False,False,True,False,False,False
-0.9781182510499195,-1.2816237461508113,0.2860433345026247,True,True,False,True,False,True,True,False,False,False,1,True,False,False,False,False,False,False
-0.13525995492415185,-0.1418631706701798,0.3076126297665698,True,True,False,False,False,True,False,False,False,False,0,True,False,False,False,False,False,False
-0.7230259605623064,-0.019745966154397852,-1.472683817788267,False,False,False,False,False,False,False,False,True,False,0,False,False,False,False,False,False,False
-0.5608821001886823,-0.5082147842175256,-0.4356984685601469,False,False,False,True,False,True,False,False,False,True,0,False,False,False,False,False,False,True
-0.811056948931956,-0.4268033145403377,-1.5224591145512167,False,False,False,False,False,False,True,False,False,False,0,False,True,False,False,False,False,False
-0.20476272529280787,-0.2639803751859618,0.33250027814804467,False,True,False,False,False,True,False,False,False,False,0,True,False,False,False,False,False,False
-0.43750699928159237,-0.4268033145403377,-0.2714399892424126,False,False,True,True,False,False,False,True,False,False,0,False,False,True,True,True,False,False
-0.15826655737088327,1.5270719577121736,-1.3200395743818876,False,False,True,True,False,False,True,False,False,False,0,True,False,False,False,False,False,False
1.430747664863618,1.4456604880349857,0.6759498258123978,False,False,True,False,False,False,True,True,False,True,0,True,True,True,True,True,False,False
-0.3025627385563463,-0.6303319887333076,0.8634367769528422,False,True,False,True,False,True,False,False,False,True,0,False,False,True,False,True,True,False
-0.9844845818796447,-1.2409180113122174,-1.1292342701239135,True,False,False,False,False,True,False,True,False,False,0,False,False,False,False,False,False,False
-0.5098636420911598,0.9164859351332638,-1.5008898192872717,True,False,False,False,False,False,True,False,True,False,0,False,False,False,False,False,False,False
0.696314568627551,0.22448844287716607,1.3246878602895098,True,True,False,True,True,True,False,False,True,True,0,True,False,False,True,True,False,False
-0.9021393855268878,-1.0373893371192475,-1.0047960282165391,False,False,False,False,True,False,True,True,False,False,0,False,True,False,False,False,False,True
-0.8036368805855865,-1.1188008067964355,0.6908824148412829,True,True,False,False,False,True,True,True,False,False,0,False,True,False,True,False,False,False
0.7278827883970164,0.346605647392948,1.1239274966789456,False,True,True,False,False,True,False,True,False,True,0,False,False,False,True,True,False,False
-0.696001983833369,-0.8745663977648716,-0.0009942101637186523,True,False,False,False,False,True,False,False,False,False,0,False,False,False,True,True,False,False
1.5776123312459014,1.5677776925507676,0.6095827634617982,False,False,True,False,False,True,True,True,False,True,0,True,False,True,True,True,True,False
-0.09073954484593498,-0.06045170099299184,0.2860433345026247,False,True,False,False,True,True,False,False,False,False,1,False,False,False,False,False,True,False
1.7569013791299235,1.4456604880349857,0.858459247276547,False,False,True,True,True,True,True,True,False,True,0,True,False,True,True,True,True,False
2.069971185897897,1.6084834273893616,1.104017377973766,False,True,True,False,True,True,True,True,False,False,0,True,False,True,True,False,False,False
-0.3260742568964697,-0.3453918448631497,-0.019245152310133944,True,False,True,False,True,False,True,False,False,True,0,True,True,True,False,False,False,False
-0.5143859322667577,-0.8745663977648716,1.1886353824707805,True,True,False,False,False,True,False,False,False,False,0,True,False,True,True,True,False,False
-0.9607535348902205,-1.2409180113122174,-0.09224892089579345,False,False,False,False,True,True,True,False,False,False,0,False,False,False,False,True,False,True
2.399856887202317,1.6084834273893616,1.4424893959618246,False,True,True,True,True,True,True,False,False,True,0,True,True,True,True,True,True,False
-0.9136646396151835,-0.8338606629262776,-1.5008898192872717,False,False,False,False,False,False,False,False,False,False,0,False,False,False,False,False,False,True
0.14575866904589438,-0.019745966154397852,0.6228561759319183,False,False,False,True,False,False,False,True,True,True,0,True,True,True,True,True,True,False
-0.9783597325641504,-1.2816237461508113,0.2677923923562099,True,True,False,False,False,True,False,False,False,True,1,False,False,False,False,False,False,False
-0.876037429125014,-0.8338606629262776,-1.452773699083087,True,False,False,True,False,True,True,False,False,False,0,False,True,False,False,False,False,False
0.9776405327066183,0.428017117070136,1.2102046777347255,True,True,False,True,False,True,False,False,False,True,0,True,False,False,True,True,False,False
-0.8953559502634908,-0.8338606629262776,-1.456092052200617,False,False,True,True,False,False,True,False,False,False,0,False,True,False,False,False,False,False
-0.4120416759626912,-0.2639803751859618,-0.3444437578280723,False,False,False,True,True,False,False,True,True,False,0,False,False,False,True,True,True,False
-0.9795671401353052,-1.2816237461508113,0.17653768162413533,True,True,False,False,False,True,False,False,False,False,0,False,False,False,False,False,False,False
-0.9027540657449302,-0.8745663977648716,-1.3864066367324874,False,False,False,True,False,False,False,False,False,False,0,True,False,False,False,False,True,False
-0.6544013047908538,-0.1825689055087738,-1.1557810950641534,False,False,False,True,False,True,False,True,False,False,0,False,False,False,False,False,True,False
1.3012696675059638,1.3642490183577978,0.5183280527297236,False,False,True,False,False,True,True,False,False,True,1,True,False,True,True,True,False,False
-0.20838494800627225,-0.5082147842175256,1.057560434328346,False,True,False,True,False,False,True,True,False,True,0,True,True,False,True,False,False,True
1.8933603875353453,1.2014260790034217,1.3064369181430948,True,True,False,False,True,True,True,True,True,False,0,False,False,True,True,True,False,False
-0.9778328638058285,-1.2816237461508113,0.3076126297665698,True,True,False,False,False,True,False,False,False,False,1,True,False,False,False,False,False,False
-0.24329000324511088,-0.4675090493789317,0.5116913464946635,True,True,False,True,True,False,False,False,False,False,0,True,True,False,False,False,False,False
-0.9996759644112652,-1.2816237461508113,-1.3432680462045974,False,False,False,True,False,True,False,False,False,False,0,False,False,False,False,False,False,True
0.5773300407064784,0.22448844287716607,0.9945117250952766,False,True,True,True,False,True,True,True,False,False,0,True,True,True,True,False,False,False
-0.30302374871987814,-0.5896262538947137,0.6079235869030333,True,False,False,True,True,False,True,True,False,False,0,False,True,True,True,True,False,False
-0.48406902579830724,1.1200146093262338,-1.4743429943470319,False,False,True,True,False,True,True,False,False,False,0,False,False,False,False,False,False,False
1.7933870406437282,1.5270719577121736,0.8402083051301322,False,True,False,False,False,True,False,True,True,True,0,True,False,True,False,False,False,False
1.0162336692537115,1.4049547531963917,0.16492344571278056,False,False,True,False,False,True,True,True,False,False,0,True,True,True,False,True,False,False
-0.9511381800508424,-1.1188008067964355,-1.2951519260004127,False,False,False,True,False,True,True,False,False,False,0,True,True,False,False,False,False,False
2.476648008727762,1.3642490183577978,1.6880475266590431,False,True,False,True,True,False,True,True,True,True,0,True,False,True,True,True,False,False
-0.22138104404488393,1.6084834273893616,-1.3117436915880627,False,False,True,True,False,False,True,False,False,False,0,True,False,False,False,False,False,True
1.6808566550121011,1.6084834273893616,0.6361295884020379,False,False,True,False,True,True,True,False,False,True,1,True,False,True,True,True,True,False
-0.9772840421825763,-1.2002122764736234,-1.4892755833759168,False,False,False,True,False,True,False,False,False,False,0,False,True,False,False,False,False,True
-0.5555475540106711,0.631545791263106,-1.4892755833759168,False,False,True,True,False,True,True,False,False,False,0,False,False,False,False,False,False,True
-0.7728150582237441,-1.0373893371192475,0.33084110158927976,True,True,False,False,False,True,False,False,False,False,0,True,False,False,False,False,False,False
-0.9267704999784455,-1.2409180113122174,0.8435266582476619,True,True,False,False,True,False,True,False,False,True,0,False,False,False,True,False,False,False
1.3450436801765577,0.7943687306174818,1.26495750417397,True,True,False,True,False,True,False,False,False,True,0,True,False,True,True,True,False,False
-0.6828522177402467,0.22448844287716607,-1.4842980536996218,False,False,True,False,False,True,True,False,False,False,0,False,True,False,False,False,False,True
-0.41575171013587586,1.6084834273893616,-1.4793205240233267,True,False,True,True,False,False,True,False,False,False,0,False,True,False,False,False,False,False
-0.7369221240630515,-0.9559778674420595,0.3192268656779245,True,True,False,False,False,True,False,False,False,False,1,True,False,False,False,False,False,False
-0.4977676135146817,0.9978974048104517,-1.5075265255223318,False,False,True,False,False,False,True,False,False,False,0,False,True,False,False,False,False,False
-0.7209184855290179,-0.7931549280876836,-0.6945300117274855,False,False,False,True,False,False,False,False,False,False,0,False,True,False,False,False,False,True
0.824255865440099,0.30589991255435406,1.3628489211411048,False,True,False,True,False,True,True,False,True,True,0,True,False,True,True,True,False,False
-0.6351047365173071,0.26519417771576004,-1.4959122896109767,False,False,True,False,False,True,True,False,False,False,0,False,True,False,False,False,False,False
0.5945410868116667,0.020959768684196134,1.510515634871189,True,True,False,False,False,True,False,True,False,True,1,True,False,True,True,True,False,False
-0.4909841782512847,0.631545791263106,-1.3582006352334823,False,False,True,False,False,False,False,False,False,False,0,True,False,False,False,False,True,False
-0.8824696185495295,-0.9152721326034655,-1.1707136840930383,True,False,False,False,False,True,False,True,False,False,1,False,False,False,False,False,False,False
-0.6421735590247952,-0.8745663977648716,0.38061639835222955,True,True,False,False,True,False,False,False,False,False,0,False,False,False,False,False,False,False
-0.4612160934060865,0.590840056424512,-1.261968394825113,True,False,False,False,False,False,True,False,True,False,0,True,False,False,False,False,False,False
-0.9757473416374701,-1.2816237461508113,0.46523440284924406,True,True,False,True,False,True,False,False,False,False,0,False,False,False,True,False,False,False
1.032259260652675,0.7943687306174818,0.8070247739548323,False,False,True,True,True,True,False,True,False,True,0,True,False,True,True,True,False,True
1.4212420743488905,1.3642490183577978,0.6742906492536329,True,False,True,True,True,False,True,True,False,True,0,True,False,False,True,True,False,False
-0.6306922106663596,-0.8745663977648716,0.4370284013502389,False,True,False,False,False,True,True,False,False,False,1,True,True,True,False,False,True,False
0.6447033831769159,0.5501343215859179,0.5000771105833088,False,True,False,True,False,True,True,False,False,True,0,True,True,False,False,False,False,False
0.9056790414657927,0.46872285190873,1.034331962505636,True,True,False,False,False,True,True,False,False,False,0,True,False,False,True,True,False,False
2.303637480213745,1.5677776925507676,1.3329837430833347,False,True,False,True,True,True,True,False,False,True,1,True,True,False,True,True,True,False
-0.4808858603834446,-0.4268033145403377,-0.32453363912289235,True,False,False,False,False,False,True,True,False,True,0,False,True,False,False,False,False,False
-0.2379335042021696,-0.38609757970174374,0.40550404673370444,False,False,True,False,True,True,True,True,False,False,0,True,True,True,True,False,False,False
1.4344137933069427,0.7943687306174818,1.303118565025565,True,True,False,True,True,True,True,False,False,False,1,True,False,True,True,True,False,False
-0.41186605304325047,1.6084834273893616,-1.5108448786398618,False,False,True,True,False,False,True,False,False,False,0,False,True,False,False,False,True,False
0.43981729478441234,0.30589991255435406,0.6610172367835129,True,True,False,False,False,True,True,True,False,False,0,True,True,True,False,False,False,False
1.950679317867803,1.4863662228735797,1.0193993734767515,False,True,False,False,False,True,True,False,True,True,0,False,False,False,True,True,True,False
0.24650036621006444,-0.1418631706701798,1.118949967002651,True,True,False,False,False,False,False,True,False,False,1,True,False,False,True,True,False,False
2.434344838007484,1.6084834273893616,1.6216804643084435,False,True,True,True,True,False,False,True,False,True,1,True,False,True,True,True,False,False
0.8146624634656511,0.428017117070136,0.9812383126251565,True,True,False,False,True,True,True,False,False,True,1,True,False,False,True,False,False,False
-0.2688870437535925,1.4049547531963917,-1.2818785135302928,False,False,True,True,False,False,True,False,False,False,0,True,True,False,False,False,False,True
-0.4790198668643872,0.9164859351332638,-1.457751228759382,False,False,True,False,False,False,True,False,False,False,0,False,True,False,False,False,False,True
-0.21299504964159058,1.5677776925507676,-1.3416088696458326,True,False,True,True,False,True,True,False,False,False,0,True,False,False,False,False,False,False
-0.8033075876116351,-0.30468611002455576,-1.4892755833759168,False,False,False,False,False,False,False,False,False,False,0,False,True,False,False,False,True,False
-1.0012126649563713,-1.2816237461508113,-1.459410405318147,False,False,False,False,False,False,False,False,False,False,0,False,False,False,False,False,False,True
2.448614200212041,1.6084834273893616,1.4690362209020642,False,True,True,True,False,False,False,True,False,True,0,True,False,True,True,True,False,False
0.6867431195180329,0.7943687306174818,0.34743286717692967,False,False,False,True,True,True,True,False,True,True,0,False,False,False,True,True,False,True
-0.8292778268239284,-0.4268033145403377,-1.5158224083161567,False,False,False,False,False,True,False,False,True,False,0,False,False,False,False,False,False,True
1.2872856925454983,1.4456604880349857,0.3922306342635843,False,False,False,True,True,False,False,False,True,True,0,True,False,True,False,True,True,False
-0.7207867683394374,-0.9152721326034655,0.17156015194784016,True,True,False,True,False,True,True,False,False,False,0,False,False,False,False,False,False,False
-0.5429685624057311,-0.9152721326034655,1.1720436168831305,True,True,False,False,True,True,True,False,False,False,0,True,True,False,True,True,False,False
1.4732264585033368,0.9164859351332638,1.2865267994379153,False,True,False,False,False,True,True,True,True,True,0,False,True,True,True,True,False,False
-0.4247084790273515,0.9571916699718578,-1.3283354571757127,True,False,False,True,False,False,False,False,True,False,0,True,False,False,False,False,False,False
1.172625879015653,0.5501343215859179,1.5022197520773641,True,True,False,False,True,True,True,True,False,True,1,True,True,False,True,True,False,False
-0.9732666679003703,-1.2816237461508113,0.6527213539896879,False,True,False,True,True,True,False,False,False,False,0,False,False,False,False,True,False,True
0.37762482843747525,0.428017117070136,0.3457736906181643,False,True,False,True,False,True,False,False,False,False,0,True,False,False,False,False,True,False
0.8708617976866744,0.26519417771576004,1.3512346852297499,True,True,False,True,False,True,True,False,False,True,1,True,False,True,True,True,False,False
-0.049555970237091525,0.7129572609402939,-0.6795974226986006,False,False,False,True,True,True,True,True,True,False,0,False,False,False,True,False,False,False
-0.9535310423282217,-1.0780950719578415,-1.5008898192872717,False,False,False,False,False,False,False,False,False,False,0,False,False,False,False,False,True,False
-0.53260681015873,0.5094285867473239,-1.3432680462045974,False,False,True,True,False,False,True,False,False,False,0,True,True,False,False,False,False,True
-0.5391707167728261,-0.4268033145403377,-0.47551870597050655,True,False,False,False,False,True,False,False,False,False,0,False,False,True,True,True,False,False
-0.194708313154828,1.6084834273893616,-1.3216987509406526,False,False,True,False,False,False,True,False,False,False,0,True,True,False,False,False,False,False
-0.6964849468618309,-1.0373893371192475,1.1770211465594258,True,True,False,False,False,True,False,True,False,False,0,False,False,True,True,True,False,False
-1.0017395337146933,-1.2816237461508113,-1.4992306427285067,False,False,False,True,False,True,False,False,False,False,0,False,False,False,False,False,False,True
2.5079966998479266,1.6084834273893616,1.7096168219229881,False,True,True,False,True,True,False,True,False,True,0,True,False,True,True,True,False,False
-0.6002874927381888,-0.9152721326034655,0.9148712502745568,False,True,False,True,False,True,True,True,False,True,1,False,False,True,True,False,False,True
-0.9927608119582877,-1.2816237461508113,-0.8206274301936248,True,False,False,True,False,False,True,False,False,True,1,False,False,False,True,False,False,False
0.49801433971407333,0.631545791263106,0.15330920980142534,False,False,False,False,False,True,True,True,True,False,0,True,False,True,False,True,False,True
-0.803241729016845,-0.2639803751859618,-1.5042081724048018,False,False,False,True,False,True,False,False,True,False,0,False,False,False,False,False,False,False
1.7546182811771942,1.4456604880349857,0.8385491285713673,False,True,True,False,False,False,True,True,False,True,0,True,False,True,False,False,True,False
0.6914629854780017,0.7129572609402939,0.35738792652951956,False,False,False,False,False,False,True,False,True,False,0,True,False,True,True,True,False,False
2.6392089735350575,1.6084834273893616,1.679751643865218,False,True,True,False,True,True,True,True,False,True,0,True,False,True,True,True,True,False
-0.8652585724443412,-0.6303319887333076,-1.469365464670737,False,False,False,False,False,False,False,False,True,False,1,False,False,False,False,False,False,True
2.0857992015124895,1.3642490183577978,1.4076466882277594,False,True,False,True,False,True,True,True,True,True,1,True,False,True,True,True,False,False
-0.3719557446003519,-0.6303319887333076,0.8385491285713673,False,True,False,True,True,False,True,False,False,True,0,True,False,True,False,False,True,False
-0.4508543411590853,-0.5082147842175256,-0.025881858545193533,False,False,False,True,True,True,True,True,True,False,0,False,False,False,False,True,False,True
0.2587500648410531,-0.1825689055087738,1.273253386967795,True,True,False,False,False,True,False,True,False,False,1,True,False,True,True,True,False,False
-0.0012157616610393655,0.5094285867473239,-0.4655636466179167,False,False,False,True,True,True,False,False,False,False,0,False,False,False,False,False,False,False
-7.421268467487134e-05,0.387311382231542,-0.3461029343868372,False,False,False,True,True,False,True,False,False,True,0,False,True,False,False,False,False,True
-0.9905216197354186,-1.2816237461508113,-0.6513914211995958,True,False,False,False,False,True,False,False,False,False,0,False,False,False,False,False,False,False
-0.24300461600101983,-0.3453918448631497,0.34743286717692967,False,True,False,False,False,True,True,False,False,False,0,True,False,False,False,False,True,False
-0.8587166186951752,-0.9966836022806536,-0.7127809538739004,False,False,False,True,False,True,True,False,True,False,0,False,True,False,False,False,False,True
-0.8151401818089522,-0.8338606629262776,-1.0545713249794888,False,False,False,False,True,False,True,True,True,False,0,False,True,False,False,False,True,False
-0.9310732615047427,-0.9559778674420595,-1.5008898192872717,False,False,False,True,False,False,False,False,False,False,0,False,False,False,False,False,True,False
0.48190093685538943,0.428017117070136,0.5150096996121938,True,True,False,False,False,False,True,False,False,True,0,True,False,False,False,False,False,False
-0.5315530726420858,0.7943687306174818,-1.477661347464562,True,False,False,False,False,True,True,False,True,False,0,False,True,False,False,False,False,False
0.010265586697396077,-0.019745966154397852,0.3507512202944595,False,True,False,False,True,True,True,False,False,False,0,False,False,False,False,False,False,False
-0.9800720560286973,-1.2816237461508113,0.13837662077254032,True,True,False,True,False,False,False,False,False,False,1,False,False,False,False,False,False,False
2.6376722729899513,1.6084834273893616,1.7477778827745827,False,True,True,False,True,True,True,True,False,True,0,True,True,True,True,True,False,False
-0.7955143205614542,-1.0780950719578415,0.6776090023711627,True,True,False,True,False,True,False,False,False,True,0,False,False,False,True,False,False,False
0.31051492034619876,1.2014260790034217,-0.5385674152035762,False,False,True,False,True,False,True,True,False,True,0,False,True,False,True,False,False,False
-0.8199698120935713,-0.5082147842175256,-1.5125040551986266,False,False,False,False,False,True,False,False,True,False,0,False,False,False,False,False,True,False
0.3493495384075229,0.06166550352279012,0.8335715988950722,False,True,False,True,False,True,True,False,False,False,0,True,True,True,False,True,True,False
-0.3645795819838426,-0.5082147842175256,0.18317438785919538,True,True,False,True,False,True,True,False,False,False,0,False,True,False,False,False,False,False
0.11065603802268485,0.7536629957788878,-0.5070430605870415,True,False,False,False,False,True,True,False,False,True,0,False,False,False,True,True,False,False
-0.3224520341830053,1.6084834273893616,-1.4826388771408567,False,False,True,False,False,False,False,False,False,False,0,False,False,False,False,False,True,False
-0.7808059010582958,-1.0373893371192475,0.4519609903791239,False,True,False,False,False,True,False,False,False,True,0,True,False,False,False,False,False,False
-1.0015419579303226,-1.2816237461508113,-1.4842980536996218,False,False,False,True,False,False,False,False,False,False,0,False,False,False,False,False,False,True
-0.7986755331113868,-0.9966836022806536,-0.34112540471054226,False,False,False,False,True,False,True,False,False,True,0,False,True,False,False,False,False,True
-0.9361882790334529,-1.2002122764736234,-0.5236348261746914,True,False,False,True,False,True,False,False,False,False,0,False,False,True,False,False,False,False
0.05610316867141817,-0.06045170099299184,0.5150096996121938,True,True,False,True,False,True,False,False,False,True,0,True,False,False,False,False,False,False
-0.7001730281700856,-0.9559778674420595,0.3258635719129846,True,True,False,False,False,True,False,False,False,False,0,True,False,False,False,False,False,False
-0.37656584623567024,-0.5896262538947137,0.6643355899010431,True,True,False,False,False,True,False,False,False,False,1,False,False,True,False,True,False,False
0.8944830803514482,0.7943687306174818,0.6776090023711627,True,True,False,True,False,True,False,False,False,True,0,False,False,False,False,True,False,False
-0.9299975711231683,-0.9559778674420595,-1.4959122896109767,False,False,False,True,False,False,True,False,True,False,1,False,False,False,False,False,True,False
-0.3746998527166128,1.4863662228735797,-1.5141632317573919,False,False,True,True,False,True,False,False,False,False,0,False,False,False,False,False,False,False
-0.9883921918372003,-1.2816237461508113,-0.49045129499939155,True,False,False,False,True,False,False,False,False,False,0,False,False,False,False,False,False,False
-0.6853767972072068,0.020959768684196134,-1.3416088696458326,False,False,True,False,False,True,True,False,False,False,0,True,True,False,False,False,False,True
-0.8654122424988518,-0.6710377235719016,-1.4710246412295018,False,False,False,True,False,True,False,False,False,False,0,False,False,False,False,False,True,False
0.6023124009969176,1.3235432835192036,-0.32453363912289235,False,False,False,False,True,True,True,False,False,False,0,False,False,True,False,False,False,True
-0.9951536742356671,-1.2409180113122174,-1.4842980536996218,False,False,False,True,False,False,True,False,True,False,0,False,True,False,False,False,False,True
-0.46793367007469316,-0.7931549280876836,1.059219610887111,True,True,False,False,False,True,False,False,False,False,1,False,False,True,True,True,False,False
2.1686493137586385,1.4863662228735797,1.3412796258771595,False,True,True,False,False,False,True,True,False,False,0,True,False,True,True,True,False,False
-0.6847621169891643,-0.9559778674420595,0.49675875746577897,True,True,False,True,False,True,True,False,False,True,0,False,False,True,False,False,False,False
0.15677900724079813,0.18378270803857208,0.23792721429843983,False,False,False,False,False,False,True,True,True,True,0,True,False,False,False,True,False,True
-0.11879530622658645,0.18378270803857208,-0.3278519922404224,False,False,False,True,True,True,True,False,False,False,0,True,False,False,False,False,False,True
0.904778974003659,0.8757802002946699,0.4984179340245439,False,True,True,True,False,True,True,True,False,True,0,False,True,False,False,False,False,False
-0.2836174161216811,0.1023712383613841,-0.49045129499939155,False,False,False,False,False,False,False,False,False,False,0,True,True,False,False,False,False,True
-0.9358809389244317,-0.9966836022806536,-1.5025489958460367,False,False,False,True,False,False,True,False,False,False,0,False,True,False,False,False,True,False
-0.5556792712002516,0.8757802002946699,-1.4743429943470319,False,False,True,False,False,True,False,False,False,False,0,False,False,False,False,False,False,True
-0.4566059917707682,-0.6710377235719016,0.31590851256039476,False,True,False,True,False,True,False,False,False,False,1,True,False,False,False,False,False,False
-0.7042782139120118,-0.8745663977648716,-0.0009942101637186523,False,False,False,False,False,False,False,True,True,False,0,False,False,True,False,True,True,False
-0.5982897820295509,0.06166550352279012,-1.1458260357115635,False,False,False,True,True,False,True,False,True,False,0,False,True,False,False,False,False,False
-0.8211772196647261,-0.9559778674420595,-0.6630056571109506,False,False,False,True,False,False,False,False,False,False,0,False,False,False,False,False,False,True
-0.19850615878773303,1.6084834273893616,-1.3250171040581826,False,False,True,False,False,False,True,False,False,False,0,True,False,False,False,False,True,False
-0.6150398179712074,-0.6303319887333076,-0.4456535279127367,False,False,False,True,False,False,False,True,False,False,0,False,False,False,False,False,False,True
-0.961653602352354,-1.2409180113122174,-0.6646648336697157,False,False,False,True,False,False,False,False,False,False,0,False,False,False,False,False,False,False
0.5902822310152298,0.346605647392948,0.8053655973960674,True,True,False,True,False,True,False,False,False,True,0,True,False,False,True,False,False,False
0.019266261318731825,0.18378270803857208,-0.005971739840013817,True,False,False,False,False,True,False,False,False,False,0,False,False,False,True,True,False,False
0.8719155352033183,0.6722515261016999,0.8269348926600121,False,True,False,False,False,True,False,False,True,True,1,False,False,True,False,True,False,False
0.672912814612078,0.8350744654560759,0.3042942766490395,False,False,False,False,True,False,True,False,True,True,0,True,False,True,False,True,False,False
-0.9907631012496497,-1.2409180113122174,-1.1906238027982183,False,False,False,False,False,False,True,True,False,False,0,False,True,False,False,False,False,False
0.9083792438521933,0.8757802002946699,0.48348534499565887,True,True,False,False,False,True,False,False,False,True,1,True,False,False,False,False,False,False
-0.9885019561618507,-1.2816237461508113,-0.49874717779321653,False,False,False,False,True,False,False,False,False,False,0,False,True,False,False,False,False,True
-0.7676561349651736,-0.22327464034736777,-1.4892755833759168,False,False,False,True,False,False,False,False,True,False,0,False,True,False,False,False,True,False
-0.8933582395548529,-0.8338606629262776,-1.477661347464562,False,False,False,False,False,False,False,False,False,False,0,False,False,False,False,False,False,True
-0.6439297882192021,-0.8745663977648716,0.17487850506537042,True,True,False,True,False,True,True,False,False,False,1,False,False,False,False,False,False,False
-0.6396489795578352,-0.30468611002455576,-0.9915226157464192,False,False,True,False,True,False,False,True,False,False,0,False,True,False,False,False,False,False
-0.980006197433907,-1.2002122764736234,-1.5091857020810966,False,False,False,True,False,True,False,False,True,False,0,False,False,False,False,False,False,True
-0.930897638585302,-1.2409180113122174,0.5067138168183688,True,True,False,True,False,True,False,False,False,False,0,False,False,False,False,True,False,False
-0.8939290140430352,-0.7931549280876836,-1.5058673489635668,False,False,True,False,False,False,True,False,False,False,0,False,True,False,False,False,False,True
0.09359866197200714,-0.30468611002455576,1.113972437326356,True,True,False,False,False,True,True,False,False,True,1,False,False,True,True,True,False,False
-0.6640825182250222,-0.9152721326034655,0.5233055824060188,False,True,False,True,False,True,False,False,False,True,0,True,False,False,False,False,False,False
2.2089328209053485,1.4049547531963917,1.4922646927247742,False,True,False,True,True,False,True,False,True,True,0,True,False,True,True,True,True,False
1.910395810721093,1.6084834273893616,0.8634367769528422,False,False,True,False,True,False,True,True,False,True,0,True,True,True,True,True,True,False
-0.9058494197000724,-0.9559778674420595,-1.4859572302583868,False,False,False,False,False,False,False,False,False,False,0,False,False,False,False,False,False,False
0.5063564283875065,0.7129572609402939,0.17985603474166512,False,False,False,True,True,True,False,False,False,True,1,True,False,False,True,False,False,False
-0.3365677263330514,-0.6710377235719016,1.1637477340893057,True,True,False,False,False,True,True,False,False,True,0,True,False,False,True,True,False,False
-0.5805518671660405,-0.8338606629262776,0.6709722961361032,False,True,False,False,True,True,False,False,True,False,0,False,False,False,True,False,True,False
-0.7321144466433624,-0.9559778674420595,0.34079616094186965,False,True,False,False,False,True,False,False,False,False,0,True,False,False,False,False,True,False
-0.7127739726399556,0.1023712383613841,-1.5158224083161567,False,False,True,True,False,False,False,False,False,False,0,False,False,False,False,False,False,True
-0.31285863220855725,-0.5082147842175256,0.3673429858821094,False,False,False,False,True,False,True,False,True,False,0,True,True,False,True,True,False,False
-0.7000632638454352,-0.7931549280876836,-0.3477621109456021,True,False,False,True,True,True,True,True,False,False,0,False,False,False,True,True,False,False
-0.5843277599340154,-0.9559778674420595,1.266616680732735,True,True,False,True,False,False,True,True,False,False,0,False,True,True,True,True,False,False
-0.4428854511894637,1.3235432835192036,-1.4942531130522119,False,False,True,True,False,False,True,False,False,False,0,False,True,False,False,False,False,True
-0.5879280297825498,0.346605647392948,-1.3299946337344775,False,False,False,False,False,True,False,False,True,False,0,True,False,False,False,False,False,True
1.5736169098286252,1.0386031396490458,1.233433149557435,False,True,False,False,False,True,True,True,False,False,0,True,False,True,True,True,True,False
-0.6472885765535056,-0.8338606629262776,0.3258635719129846,False,False,False,True,False,False,False,False,False,False,0,True,False,True,True,True,False,False
-0.6037340925322126,-0.4675090493789317,-0.6630056571109506,True,False,False,False,False,True,True,False,False,False,0,False,True,False,False,False,False,False
-0.975198520014218,-1.2816237461508113,0.5067138168183688,False,True,False,False,False,True,False,False,False,True,0,True,False,False,False,False,False,True
-1.0016078165251128,-1.2816237461508113,-1.4892755833759168,False,False,False,True,False,True,False,False,False,False,0,False,False,False,False,False,False,True
-0.8925459835524396,-0.7931549280876836,-1.4909347599346818,False,False,True,True,False,False,False,False,False,False,0,False,False,False,False,False,True,False
-0.9910704413586708,-1.2816237461508113,-0.6928708351687206,False,False,False,True,False,True,False,False,False,False,0,False,False,False,False,False,False,False
-0.6928188184185063,-0.8745663977648716,0.007301672630106309,False,False,False,True,True,True,True,False,False,False,0,True,True,False,True,False,False,False
2.076732668296364,1.3642490183577978,1.2682758572915003,False,True,False,True,True,True,True,False,True,True,0,False,True,True,True,True,False,False
1.8551624025569935,1.0386031396490458,1.517152341106249,False,True,False,False,True,True,True,False,True,True,0,True,False,True,True,True,True,False
-0.9705225597841094,-1.2816237461508113,0.8601184238353119,True,True,False,True,False,True,False,False,False,False,0,False,True,False,True,True,False,False
-0.7040806381276411,-0.06045170099299184,-1.457751228759382,False,False,True,False,False,False,True,False,False,False,0,False,True,False,False,False,False,True
-1.001673675119903,-1.2816237461508113,-1.4942531130522119,False,False,False,False,False,False,False,False,False,False,0,False,False,False,False,False,False,True
-0.885586925369602,-0.7117434584104956,-1.4892755833759168,False,False,False,False,False,False,True,False,False,False,0,False,True,False,False,False,False,True
-0.8798572276228492,-1.0780950719578415,-0.5352490620860464,False,False,False,False,False,True,True,True,False,False,0,False,True,False,False,False,False,True
-0.3257888696523786,1.2421318138420157,-1.3167212212643575,False,False,True,True,False,False,False,False,False,False,0,True,False,False,False,False,False,True
1.1771920749211109,1.5677776925507676,0.14169497389007057,True,False,False,False,True,False,True,False,True,True,1,True,True,False,True,False,False,False
-0.9906313840600691,-1.2816237461508113,-0.6596873039934208,False,False,False,True,False,True,False,False,False,False,0,False,False,False,False,False,False,True
-0.4773734019946307,-0.6303319887333076,0.1815152113004305,False,True,False,True,False,True,True,False,False,False,0,False,False,False,False,False,False,False
-0.9481964961502107,-1.2002122764736234,-0.6464138915233006,False,False,False,True,False,False,False,False,False,False,0,False,False,False,False,False,False,True
-1.0015200050653925,-1.2816237461508113,-1.4826388771408567,False,False,False,True,False,True,False,False,False,False,0,False,False,False,False,False,False,True
-0.3900229524378137,1.2014260790034217,-1.3449272227633626,False,False,True,True,False,True,False,False,False,False,0,True,True,False,False,False,False,True
1.3711456365784314,0.8350744654560759,1.1471559685016557,False,True,True,False,True,False,False,True,False,True,0,False,False,True,False,True,False,True
-0.4854081505590426,-0.6710377235719016,0.27608827515003487,False,True,False,False,False,False,True,False,False,True,0,False,True,False,False,False,False,False
0.9855435640814497,1.6084834273893616,0.0006649663950462456,False,False,True,True,True,True,True,True,False,True,1,False,False,True,True,True,True,False
-0.8462034856850256,-0.9152721326034655,-0.9517023783360593,True,False,False,False,False,False,False,True,False,True,0,False,False,False,False,False,False,False
-0.8403201178837622,-0.5489205190561197,-1.4842980536996218,False,False,True,True,False,False,True,False,False,False,0,False,True,False,False,False,False,True
-0.6857939016408785,0.1023712383613841,-1.4959122896109767,False,False,True,False,False,True,True,False,False,False,0,False,True,False,False,False,False,True
-0.4440270001658282,-0.7931549280876836,0.9994892547715714,True,True,False,False,False,True,False,False,False,False,1,True,False,False,True,True,False,False
-0.9920363674155949,-1.2409180113122174,-1.3465863993221274,True,False,False,False,False,False,False,False,False,False,1,False,False,False,False,False,False,False
-0.4447733975734512,-0.7117434584104956,0.7987288911610074,False,True,False,False,False,False,False,False,False,True,1,True,False,False,True,False,True,False
-0.899439183140487,-0.9152721326034655,-1.472683817788267,False,False,False,False,False,True,True,False,False,False,0,False,False,False,False,False,False,True
-0.7882698751345254,-0.8338606629262776,-0.6314813024944159,False,False,False,False,False,False,True,False,False,False,0,False,False,False,False,False,False,False
0.23453605482316692,-0.06045170099299184,0.8551408941590172,True,True,False,False,False,True,True,False,True,False,1,True,False,True,True,False,False,False
0.7075763883366858,0.46872285190873,0.7788187724558276,False,True,False,True,False,False,True,False,True,True,1,True,False,False,False,True,False,True
-0.32815977906482796,-0.5896262538947137,0.6726314726948681,True,True,False,False,False,True,False,False,False,False,0,True,False,False,True,False,False,False
0.4184352043425073,0.428017117070136,0.34079616094186965,False,False,True,False,True,False,True,False,False,False,0,False,True,True,True,True,False,False
-0.3705946669746865,-0.7117434584104956,1.2052271480584305,True,True,False,False,False,True,False,False,False,True,0,False,False,True,True,True,False,False
-0.5210596032055042,-0.7117434584104956,0.3457736906181643,False,True,False,False,False,False,True,False,False,True,0,False,False,False,False,False,False,False
-0.9995222943567544,-1.2816237461508113,-1.3316538102932427,True,False,False,False,False,True,True,False,False,False,1,False,False,False,False,False,False,False
-0.4762538058831962,0.5094285867473239,-1.2951519260004127,False,False,False,False,False,True,True,False,True,False,0,True,True,False,False,False,True,False
-0.5831642580927209,0.590840056424512,-1.5025489958460367,False,False,True,True,False,False,True,False,False,False,0,False,False,False,False,False,False,True
-0.2656819254737998,-0.1418631706701798,-0.20507292689181286,True,False,False,True,True,True,False,True,True,True,0,False,False,False,False,False,False,False
0.6888725474162515,0.631545791263106,0.48846287467195404,True,False,True,False,False,False,True,True,False,True,0,True,True,False,True,True,False,False
-0.9482404018800709,-0.9966836022806536,-1.4909347599346818,False,False,True,False,False,False,False,False,False,False,0,False,False,False,False,False,False,True
1.837841592127155,1.2014260790034217,1.3462571555534548,True,True,False,True,True,True,True,False,False,True,0,True,True,False,True,True,False,False
-0.27551680896247893,1.3642490183577978,-1.3150620447055927,False,False,True,True,False,True,False,False,False,False,0,True,True,False,False,False,True,False
-0.9824868711710069,-1.2002122764736234,-1.4909347599346818,False,False,False,False,False,False,False,False,False,False,0,False,False,False,False,False,False,True
0.5737078179930141,-0.019745966154397852,1.4806504568134191,False,True,False,False,True,True,False,True,True,False,0,True,False,True,True,True,False,False
-0.7119178109076822,-0.6710377235719016,-0.8604476676039847,False,False,False,True,False,True,False,False,False,True,1,False,False,False,True,False,False,True
0.8929902855362021,0.30589991255435406,1.3611897445823398,False,True,False,False,False,True,False,True,True,False,0,True,False,True,True,True,True,False
-0.9337295581612831,-0.9966836022806536,-1.4826388771408567,False,False,True,False,False,False,False,False,False,False,0,False,False,False,False,False,False,True
-0.9116888817714757,-1.1595065416350294,-0.21336880968563784,False,False,False,False,False,True,True,True,False,True,0,True,True,False,False,False,False,True
1.5061996616283277,1.5270719577121736,0.4751894622018339,False,False,True,True,True,True,True,True,False,True,0,True,True,True,True,False,False,False
-0.9993027657074536,-1.2816237461508113,-1.3150620447055927,True,False,False,True,False,True,False,False,False,False,0,False,True,False,False,False,False,False
2.2038836619714286,1.4456604880349857,1.4192609241391145,True,True,False,True,True,True,True,True,False,True,0,True,False,False,True,True,False,False
0.006928751228022863,0.46872285190873,-0.3527396406218973,True,False,False,True,False,True,True,True,True,False,0,False,True,True,True,True,False,False
-0.8267532473569683,-1.0373893371192475,-0.07067962563184861,False,False,False,False,False,False,False,True,False,False,0,False,False,True,False,True,False,False
1.7527742405230669,1.5677776925507676,0.8269348926600121,False,False,True,False,True,False,False,True,False,True,1,True,False,True,True,True,False,True
0.46739009313660174,0.428017117070136,0.4287325185564139,True,True,False,True,False,True,False,False,False,True,0,True,False,False,False,False,False,False
-0.44003157874855237,-0.7931549280876836,1.3014593884668002,False,True,False,False,False,True,False,False,True,True,0,True,True,True,True,True,True,False
-0.29894051584288195,1.4049547531963917,-1.3366313399695375,False,False,True,True,False,False,True,False,False,False,0,True,True,False,False,False,False,False
-1.0017395337146933,-1.2816237461508113,-1.4992306427285067,False,False,False,True,False,False,False,False,False,False,0,False,True,False,False,False,False,True
-0.6391440636644432,0.5501343215859179,-1.4842980536996218,False,False,False,True,False,True,True,False,True,False,0,False,True,False,False,False,False,False
1.8940189734832478,1.3642490183577978,1.2450473854687905,False,True,False,False,False,True,True,False,True,True,0,True,True,True,True,True,True,False
0.3136761328961312,0.30589991255435406,0.3192268656779245,True,False,False,True,False,True,True,False,False,False,0,True,True,True,True,True,False,False
1.7738489908559507,1.4049547531963917,0.9762607829488613,False,True,False,False,True,True,True,True,True,False,0,True,True,False,False,True,True,False
-0.6229208964811087,0.1023712383613841,-1.3001294556767078,True,False,False,False,False,True,True,False,False,False,0,True,True,False,False,False,False,False
0.3870865132223427,0.26519417771576004,0.5000771105833088,False,False,False,True,True,False,True,True,True,False,0,False,True,True,True,True,True,False
-0.979501281540515,-1.2816237461508113,0.1815152113004305,True,True,False,True,False,False,False,False,False,False,0,False,False,False,False,False,False,False
-0.4936185220428952,1.2421318138420157,-1.5191407614336867,False,False,True,True,False,True,True,False,False,False,0,False,True,False,False,False,False,True
-0.9889190605955225,-1.2816237461508113,-0.5302715324097512,True,False,False,True,False,False,False,False,False,False,0,False,True,True,False,False,False,False
-0.9730910449809296,-1.2816237461508113,0.665994766459808,True,True,False,False,False,True,False,False,False,False,0,True,False,False,False,True,False,False
-0.9290096922013144,-0.9152721326034655,-1.4909347599346818,True,False,False,True,False,False,False,False,False,False,0,False,False,False,False,False,False,False
-0.9775035708318771,-1.2816237461508113,0.33250027814804467,True,True,False,True,False,True,False,False,False,False,0,True,False,False,False,False,False,False
1.6154810232503016,1.2828375486806096,0.9264854861859115,True,True,False,False,False,True,True,False,True,True,0,True,True,True,False,True,False,False
-0.8705272600275622,-0.6710377235719016,-1.4876164068171518,False,False,False,False,False,False,False,False,True,False,0,False,False,False,False,False,False,False
1.4756412736456463,1.5677776925507676,0.5150096996121938,False,False,True,False,False,True,True,True,False,False,0,True,False,True,True,True,False,False
-0.6019120047430152,-0.9152721326034655,1.0044667844478665,True,True,False,True,False,False,False,False,False,False,0,True,True,False,True,True,False,False
-0.05113657651205776,-0.38609757970174374,1.31141444781939,True,True,False,True,False,True,True,False,False,True,1,True,False,True,True,True,False,False
-0.9728934691965588,-1.2816237461508113,0.680927355488693,False,True,False,False,False,True,False,False,False,False,0,True,False,False,False,True,False,True
-0.44165609075337875,-0.2639803751859618,-0.44399435135397186,False,False,False,True,False,True,False,False,True,False,0,True,False,False,False,False,True,False
0.9583439644330718,0.8757802002946699,0.6460846477546283,True,True,False,True,True,False,False,True,True,False,0,False,False,True,False,False,False,False
-0.7449129668976032,-1.0373893371192475,0.48846287467195404,False,True,False,False,True,True,False,False,False,False,0,True,False,False,False,False,False,True
-0.9726300348173976,-1.1188008067964355,-1.5158224083161567,False,False,False,True,False,True,False,False,False,False,0,False,False,False,False,False,False,True
0.5078053174728924,0.14307697319997809,1.0758113764747608,False,True,False,False,False,True,True,False,False,True,0,True,True,True,True,False,False,False
-0.645620158818819,-0.9152721326034655,0.7141108866639929,True,True,False,False,False,False,False,False,False,False,0,True,False,False,False,True,False,False
-0.9713128629215924,-1.2002122764736234,-1.3714740477036023,False,False,False,True,False,True,True,False,False,False,0,True,False,False,False,False,False,True
-0.8566091436618869,-1.1188008067964355,0.10021555992094577,False,False,False,False,False,False,True,True,False,False,0,True,False,True,True,False,False,False
1.075528357429877,0.7536629957788878,0.9580098408024466,False,True,False,True,True,True,True,False,False,False,1,True,False,True,True,False,False,False
-0.9022930555813984,-0.8338606629262776,-1.5091857020810966,False,False,False,False,False,False,False,False,False,False,0,False,False,False,False,False,False,True
0.16839207278881416,0.020959768684196134,0.4984179340245439,False,True,False,False,False,True,False,True,True,True,0,False,False,False,False,False,False,False
-0.3356896117358479,-0.10115743583158582,-0.5352490620860464,False,False,False,False,True,True,False,False,False,False,0,False,False,False,False,False,False,True
2.5363378484726695,1.5677776925507676,1.6664782313950985,False,True,True,False,True,True,True,True,False,True,0,True,False,True,True,True,True,False
-0.980006197433907,-1.2816237461508113,0.14335415044883548,True,True,False,False,False,True,False,False,False,False,1,False,False,False,False,False,False,False
-0.9458036338728311,-1.2409180113122174,0.1815152113004305,True,True,False,False,False,False,True,False,False,False,0,False,True,False,False,False,False,False
-0.9034346045577628,-0.7931549280876836,-1.4925939364934466,False,False,True,True,False,False,False,False,False,False,0,False,False,False,False,False,False,True
-0.307260651651385,-0.5896262538947137,0.6859048851649877,True,True,False,True,False,True,True,True,False,False,0,False,True,False,False,True,False,False
0.31872529183005127,1.3642490183577978,-0.6430955384057709,False,False,False,False,False,False,True,False,True,True,1,False,False,True,True,False,False,False
-0.24945875829046538,1.4049547531963917,-1.3167212212643575,False,False,True,False,False,True,True,False,False,False,0,True,False,False,False,False,True,False
-0.9286145406325728,-0.9966836022806536,-1.3167212212643575,False,False,False,True,False,True,False,False,False,False,0,False,False,False,False,False,True,False
-0.9006246378467117,-1.2002122764736234,0.5100321699358986,True,True,False,False,False,True,True,False,False,False,0,False,True,False,False,True,False,False
-0.6320093825621649,0.18378270803857208,-1.3548822821159523,False,False,True,False,False,True,True,False,False,False,0,True,True,False,False,False,False,False
2.341462266488285,1.4863662228735797,1.4939238692835393,True,True,True,True,False,True,True,True,False,True,1,True,False,True,True,True,False,False
-0.4763635702078467,0.7536629957788878,-1.3598598117922474,False,False,False,True,False,True,True,False,True,False,0,True,True,False,False,False,False,True
-0.9620487539210957,-1.0780950719578415,-1.5257774676687466,False,False,False,True,False,False,False,False,False,False,0,False,False,False,False,False,False,True
-0.752640375352994,-0.10115743583158582,-1.4677062881119718,False,False,False,True,False,False,True,False,True,False,0,False,False,False,False,False,True,False
-0.2355845476546503,1.5270719577121736,-1.3565414586747175,False,False,True,False,False,False,True,False,False,False,0,True,True,False,False,False,False,True
1.2665402351865658,1.0793088744876398,0.7240659460165827,True,False,True,True,True,True,True,True,False,True,0,False,True,True,True,True,False,False
0.4578405968920138,0.387311382231542,0.4785078153193637,False,True,False,True,False,True,False,False,False,True,1,True,False,False,False,False,False,False
-1.0017834394445535,-1.2816237461508113,-1.5025489958460367,False,False,False,False,False,False,False,False,False,False,0,False,False,False,False,False,False,True
-0.9858237066403801,-1.2002122764736234,-1.5307549973450416,False,False,False,False,False,False,False,False,False,False,0,False,False,False,False,False,False,True
-0.936956629306006,-1.2409180113122174,1.0193993734767515,True,True,False,True,False,False,False,False,False,True,0,False,False,False,True,True,False,False
-0.9020954797970276,-0.7931549280876836,-1.4992306427285067,False,False,True,False,False,True,True,False,False,False,0,False,True,False,False,False,False,False
-0.5498178562639184,-0.4268033145403377,-0.5020655309107466,True,False,False,False,True,True,False,False,False,False,0,False,False,False,False,False,False,False
1.5404022251894036,0.8350744654560759,1.5553134019578436,False,True,False,False,False,True,True,True,True,True,0,True,False,True,True,True,False,False
0.8754938521869228,0.46872285190873,0.9779199595076267,True,True,False,False,False,False,True,False,True,True,0,True,True,True,False,True,False,False
2.688602919627754,1.6084834273893616,1.6880475266590431,False,True,True,True,True,True,True,True,False,True,0,True,False,True,True,True,False,False
2.6093091715002785,1.5270719577121736,1.6382722298960932,False,True,True,True,True,False,True,True,False,True,0,True,False,True,True,True,True,False
-1.0017395337146933,-1.2816237461508113,-1.4992306427285067,False,False,False,True,False,False,False,False,False,False,0,False,False,False,False,False,False,False
-0.8177086670057724,-1.0373893371192475,-0.11713656927726834,True,False,False,False,True,False,False,False,False,True,0,False,False,True,False,False,False,False
2.5226173078913647,1.6084834273893616,1.5752235206630238,True,True,True,False,True,True,True,False,False,True,1,True,False,True,True,True,False,False
-0.8788034901062051,-1.1595065416350294,0.46357522629047915,False,True,False,False,False,True,True,False,False,False,0,False,True,False,True,False,False,True
-0.5137492991837851,-0.8745663977648716,1.1488151450604207,True,True,False,False,False,True,True,False,False,False,1,True,False,True,True,True,False,False
-0.19995504787311877,-0.4268033145403377,0.6095827634617982,True,True,False,False,False,False,True,False,False,True,0,False,True,False,False,True,False,False
1.6366655379078359,1.1200146093262338,1.1803394996769556,False,True,False,False,False,True,True,False,True,False,1,True,False,True,True,True,True,False
-0.011950712611852122,-0.2639803751859618,0.7373393584867028,False,True,False,False,True,True,False,True,True,False,0,False,False,True,False,False,True,False
0.5155546787932132,0.18378270803857208,1.1239274966789456,False,True,False,True,False,False,False,True,False,False,0,True,False,False,True,True,False,False
-0.7164840068131403,-1.0780950719578415,1.4922646927247742,False,True,False,False,False,True,False,True,False,True,0,True,False,True,True,True,True,False
0.32877970396803124,0.14307697319997809,0.6576988836659831,True,True,False,True,False,True,False,False,False,False,0,True,False,False,False,True,False,False
1.1445920704999315,1.6084834273893616,0.1566275629189556,False,False,True,True,True,False,False,True,False,True,0,True,False,True,False,False,False,False
1.9337756118716358,1.2421318138420157,1.4989013989598339,False,True,True,True,True,True,True,True,False,True,0,False,False,True,True,True,True,False
-0.7867990331842096,-0.22327464034736777,-1.5008898192872717,False,False,True,True,False,False,False,False,False,False,0,False,True,False,False,False,True,False
-0.9652977779307486,-1.2409180113122174,-0.3278519922404224,False,False,False,False,False,True,False,True,False,True,0,False,False,False,False,False,True,False
-0.4941453908012173,0.1023712383613841,-1.044616265626899,False,False,False,False,False,True,False,True,False,False,0,False,False,True,False,False,False,True
-0.891602010360446,-0.7117434584104956,-1.5025489958460367,False,False,False,False,False,False,False,False,True,False,0,False,True,False,False,False,False,True
-0.597543384621928,-0.7931549280876836,0.3109309828840996,True,True,False,False,False,True,False,False,False,False,1,False,False,True,False,False,False,False
1.6793199544669952,1.3235432835192036,0.9779199595076267,True,True,False,False,True,False,True,False,False,True,1,False,False,True,False,True,False,False
-0.7015121529308209,-0.9559778674420595,0.32254521879545484,True,False,False,False,True,True,False,False,False,True,0,False,False,False,True,True,False,False
-0.9232580415896317,-1.2409180113122174,1.1703844403243657,True,True,False,True,True,False,False,False,False,True,0,False,False,False,True,True,False,False
-0.6512400922409213,-0.9152721326034655,0.5332606417586087,False,True,False,False,False,True,False,False,False,True,0,True,False,False,False,False,True,False
-0.9112937302027341,-0.8745663977648716,-1.5025489958460367,False,False,True,True,False,False,True,False,False,False,0,False,True,False,False,False,False,True
-0.7119397637726124,0.14307697319997809,-1.5158224083161567,False,False,False,False,False,True,False,False,True,False,0,False,False,False,False,False,False,False
0.0038992558676707906,-0.22327464034736777,0.6278337056082129,True,False,False,False,False,False,True,True,False,True,1,True,False,True,True,True,False,False
1.6060632441952944,1.6084834273893616,0.6195378228143881,False,False,True,False,True,True,True,False,False,True,0,True,True,True,True,True,True,False
0.8453525686379129,1.1607203441648277,0.16492344571278056,False,False,True,True,True,True,True,False,False,False,0,True,False,True,False,True,False,True
1.7141591511110437,1.0386031396490458,1.3462571555534548,False,True,False,False,True,True,True,True,True,True,1,False,False,False,True,True,True,False
-0.19786952570476046,-0.4268033145403377,0.7323618288104077,False,True,False,True,False,True,True,False,False,False,0,False,False,True,True,False,False,False
-0.8104203158489834,-1.1188008067964355,0.858459247276547,True,True,False,False,False,True,False,False,False,True,0,True,False,False,True,False,False,False
0.08600297070619689,-0.2639803751859618,0.9978300782128064,True,True,False,False,True,True,False,False,False,True,1,True,False,False,False,True,False,False
1.6104538171813119,1.1607203441648277,1.1305642029140057,True,True,False,True,False,False,True,False,True,True,1,True,True,False,True,True,False,False
0.7837089239142282,0.30589991255435406,1.2251372667636102,True,True,False,True,True,False,True,False,False,False,1,True,False,False,True,True,False,False
1.8417711549496403,1.3235432835192036,1.1338825560315355,False,True,False,True,False,True,False,False,False,True,1,False,False,True,True,True,False,False
-0.8705272600275622,-1.2002122764736234,1.4275568069329394,True,True,False,True,False,True,False,True,False,True,0,False,False,True,True,True,False,False
-0.38618120107504844,-0.22327464034736777,-0.5385674152035762,False,False,False,True,True,False,True,False,True,False,0,False,False,False,False,False,True,False
1.405523823058948,1.4863662228735797,0.48182616843689396,False,False,True,True,True,True,False,True,False,True,0,True,True,True,True,False,True,False
0.41496665168355346,0.8757802002946699,-0.17023021915774814,False,False,True,False,False,True,True,False,False,True,0,True,True,True,False,False,False,False
-0.21962481485047697,-0.1418631706701798,0.08362379433329585,False,False,False,False,True,False,False,True,False,True,0,True,False,False,False,False,False,True
-0.7611141812160076,-1.0780950719578415,0.8103431270723621,True,True,False,False,False,True,False,False,False,False,1,False,False,False,True,True,False,False
-0.86492927947039,-0.5896262538947137,-1.5158224083161567,False,False,False,True,False,False,False,False,False,False,0,False,False,False,False,False,False,True
-0.951269897240423,-1.2409180113122174,0.1616050925952503,False,True,False,True,False,True,False,False,False,False,0,False,False,False,False,False,True,False
-0.8039661735595378,-0.4268033145403377,-1.4892755833759168,False,False,False,False,False,True,False,False,False,False,0,False,False,False,False,False,False,True
-0.7931214582840747,-0.2639803751859618,-1.5025489958460367,False,False,True,False,False,False,True,False,False,False,0,False,True,False,False,False,True,False
-0.6182449362510002,-0.8745663977648716,0.7058150038701679,True,True,False,True,False,False,False,False,False,False,0,True,True,False,False,True,False,False
0.7538749804742396,0.9978974048104517,0.3109309828840996,True,True,False,True,False,True,True,False,False,False,0,True,True,False,False,False,False,False
-0.9807525948415299,-1.1595065416350294,-1.5025489958460367,False,False,False,True,False,True,False,False,False,False,0,False,False,False,False,False,False,True
0.33626563090919087,0.14307697319997809,0.6626764133422782,True,True,False,True,False,True,False,False,False,False,0,True,False,False,False,True,False,False
-0.4853203390993222,1.4049547531963917,-1.5091857020810966,False,False,False,True,False,True,False,False,True,False,0,False,False,False,False,False,False,True
0.2333286472520121,0.9164859351332638,-0.4771778825292717,False,False,False,False,True,True,False,False,False,False,0,False,False,False,False,False,True,False
0.07078963530964663,-0.22327464034736777,0.9978300782128064,False,True,False,False,False,False,True,False,False,False,0,True,False,False,True,True,True,False
-0.9903459968159781,-1.2816237461508113,-0.6381180087294758,False,False,False,True,False,True,False,False,False,False,0,False,False,False,False,False,False,True
-0.5841521370145748,0.7129572609402939,-1.4859572302583868,False,False,True,False,False,False,False,False,False,False,0,False,True,False,False,False,True,False
1.9264214021200567,1.6084834273893616,0.9397588986560317,False,False,True,False,True,True,True,True,False,True,0,True,True,True,True,True,False,False
-0.9242898262413457,-1.2002122764736234,-0.3195561094465974,True,False,False,False,False,True,False,False,False,False,0,False,False,False,False,True,False,False
0.8398863052703213,1.5270719577121736,-0.21834633936193276,False,False,True,False,True,True,False,True,False,False,0,False,False,True,True,True,False,False
2.495088415269035,1.5677776925507676,1.5370624598114289,True,True,True,False,False,True,False,True,False,True,0,True,False,True,True,True,False,False
-0.9768888906138347,-1.1595065416350294,-1.4793205240233267,False,False,False,False,False,False,True,False,False,False,0,False,True,False,False,False,False,True
-0.7694123641595805,-0.9966836022806536,0.32088604223668943,False,True,False,False,False,True,False,False,False,False,0,True,False,False,False,False,True,False
-0.7462959973881987,-0.019745966154397852,-1.4942531130522119,False,False,False,False,False,False,False,False,False,False,0,False,False,False,False,False,False,False
-0.6352584065718178,-0.8338606629262776,0.36236545620581423,False,False,False,False,False,True,False,True,True,False,0,True,False,False,True,True,False,True
-0.6334363187826205,-0.9152721326034655,0.697519121076343,True,True,False,False,False,False,True,False,False,False,0,True,True,False,False,True,False,False
0.7589680451380197,0.631545791263106,0.5681033494926734,False,True,False,False,False,True,True,False,True,False,0,True,True,False,False,True,False,True
1.3888835514419415,0.9978974048104517,1.0061259610066313,True,True,True,False,False,True,False,False,False,False,0,False,False,True,True,True,False,False
-0.7233113478063974,-0.9559778674420595,0.5183280527297236,True,True,False,False,False,False,False,False,False,True,0,False,False,True,False,False,False,False
-0.558291662126932,-0.8338606629262776,0.6261745290494481,False,True,False,True,False,True,False,True,False,True,1,False,False,True,False,False,False,True
-0.9902801382211879,-1.2816237461508113,-0.6331404790531808,False,False,False,True,False,True,True,False,False,False,0,False,True,False,False,False,False,True
-0.11811476741375376,-0.38609757970174374,0.6062644103442684,False,True,False,False,False,False,False,True,False,True,0,False,False,True,False,False,False,False
1.5773488968667402,1.6084834273893616,0.6560397071072182,False,False,True,False,True,False,True,True,False,False,0,True,True,True,True,True,True,False
-0.9903679496809081,-1.2816237461508113,-0.6397771852882409,True,False,False,False,False,True,False,False,False,False,0,False,False,False,False,False,False,False
-0.9319513761019462,-0.9966836022806536,-1.4793205240233267,False,False,False,True,False,False,False,False,False,False,0,False,True,False,False,False,False,True
-0.9852968378820581,-1.2002122764736234,-1.4959122896109767,False,False,False,False,False,False,False,False,False,False,0,False,False,False,False,False,False,True
-0.8298486013121106,-0.5896262538947137,-1.5025489958460367,False,False,False,True,False,False,False,False,True,False,0,False,False,False,False,False,False,True
-0.09058587479142441,-0.4268033145403377,1.1886353824707805,True,True,False,True,True,True,False,False,False,False,0,True,False,False,True,True,False,False
-0.7688854954012585,-0.22327464034736777,-1.4942531130522119,False,False,True,False,False,False,True,False,False,False,0,False,True,False,False,False,False,True
0.6291388019414842,0.22448844287716607,1.1488151450604207,True,True,False,False,False,True,False,True,False,False,1,True,False,False,True,True,False,False
2.4875146768681553,1.6084834273893616,1.505538105194894,False,True,True,True,True,True,True,False,False,True,0,True,True,True,True,True,False,False
0.7765083842171595,1.4863662228735797,-0.17188939571651304,False,False,True,True,True,True,True,False,False,True,0,False,True,True,False,False,False,False
-0.6023949677714773,-0.8745663977648716,0.46689357940800896,False,True,False,False,True,True,False,False,False,False,0,True,False,False,False,False,False,False
-0.8925679364173696,-0.7524491932490895,-1.4925939364934466,False,False,False,True,False,False,False,False,False,False,0,False,True,False,False,False,False,True
1.1169973192828118,0.9978974048104517,0.6494030008721581,True,False,True,False,True,True,True,True,False,False,0,True,True,True,True,True,False,False
-0.7274384864132538,0.1023712383613841,-1.4876164068171518,False,False,False,False,False,True,False,False,True,False,0,False,True,False,False,False,True,False
-0.9513138029702831,-1.2409180113122174,-0.13206915830615312,False,False,False,True,True,False,False,False,False,True,0,True,True,False,False,False,False,False
0.07998788571535308,-0.38609757970174374,1.376122333611225,True,True,False,True,False,True,False,False,False,True,1,True,False,True,True,True,False,False
-0.6143812320233049,0.5501343215859179,-1.4892755833759168,False,False,True,True,False,False,False,False,False,False,0,False,False,False,False,False,False,False
-0.9105473327951112,-0.8338606629262776,-1.5091857020810966,False,False,False,False,False,False,False,False,False,False,0,False,False,False,False,False,False,False
-0.8262922371934365,-1.0373893371192475,-0.4522902341477968,False,False,False,False,False,True,False,False,False,True,1,False,False,False,False,False,False,True
-0.9431034314864304,-1.0780950719578415,-1.3117436915880627,False,False,True,True,False,False,True,False,False,False,0,True,True,False,False,False,False,True
-0.9774596651020168,-1.2816237461508113,0.3358186312655745,False,True,False,False,False,True,False,False,False,False,0,True,False,False,False,False,False,True
1.9933556872918925,1.2421318138420157,1.4706953974608292,False,True,True,False,False,True,True,True,False,True,0,True,False,True,True,True,False,False
0.5884162374961724,1.1607203441648277,-0.17023021915774814,True,False,False,False,True,False,True,False,False,True,0,True,True,False,False,False,False,False
0.18569093035372292,-0.06045170099299184,0.7522719475155875,True,True,False,False,True,False,False,True,False,False,0,False,False,True,False,False,False,False
-0.09330803004275513,-0.2639803751859618,0.5166688761709587,True,True,False,True,False,True,False,True,False,False,0,True,False,False,False,False,False,False
-0.2792927017304539,0.020959768684196134,-0.34112540471054226,False,False,False,True,False,True,False,False,False,True,0,True,False,False,False,False,False,False
1.0375718539657564,1.6084834273893616,0.02389343821775623,False,False,True,True,True,True,True,True,False,True,0,False,True,True,True,True,False,False
0.38915008252577105,0.346605647392948,0.3242043953542197,False,False,False,False,True,True,True,True,True,False,0,False,True,False,True,True,True,False
1.3010062331268026,1.1607203441648277,0.6626764133422782,False,False,False,True,True,False,True,True,True,True,0,False,True,True,True,True,False,False
-0.8809109651394934,-0.7117434584104956,-1.5307549973450416,False,False,False,True,False,False,True,False,True,False,0,False,False,False,False,False,False,True
0.1941208304868763,0.9164859351332638,-0.4937696481169216,False,False,False,True,False,True,False,False,True,False,1,False,False,True,True,True,False,False
1.237101443315319,0.590840056424512,1.4076466882277594,False,True,False,True,False,True,True,True,False,False,0,True,True,True,True,True,False,False
1.3486878557549522,0.8757802002946699,1.2135230308522553,False,True,False,False,False,True,True,False,True,True,1,True,False,False,True,True,True,False
-1.0014980522004622,-1.2816237461508113,-1.480979700582092,False,False,False,True,False,False,False,False,False,False,0,False,False,False,False,False,False,True
1.1186218312876384,0.590840056424512,1.3744631570524595,True,True,False,False,False,True,False,False,False,True,0,True,False,True,True,True,False,False
2.1215823713485316,1.2014260790034217,1.6631598782775683,False,True,False,False,True,True,False,True,True,True,0,True,False,True,True,True,True,False
-0.42760625719812295,1.4049547531963917,-1.462728758435677,False,False,False,False,False,True,True,False,True,False,0,False,False,False,False,False,False,False
0.005479862142637228,0.18378270803857208,0.02223426165899086,False,False,True,True,True,False,False,True,False,True,0,False,False,True,False,False,False,False
0.7475086496445142,0.8350744654560759,0.2943392172964497,False,True,False,False,False,True,False,False,False,True,1,False,False,False,False,False,True,False
1.1786848697363568,1.2014260790034217,0.5332606417586087,False,False,True,False,True,False,True,True,False,False,0,False,False,True,True,True,False,True
-0.8790010658905758,-0.7524491932490895,-1.4892755833759168,True,False,False,True,False,True,False,False,False,False,0,False,False,False,False,False,False,False
-0.961390167973193,-1.0780950719578415,-1.5008898192872717,False,False,False,True,False,False,False,False,False,False,0,False,True,False,False,False,False,True
0.1667675607839878,-0.22327464034736777,1.2267964433223755,False,True,False,False,True,True,True,True,True,False,0,False,False,False,True,True,True,False
-0.5136175819942046,1.0386031396490458,-1.480979700582092,False,False,True,True,False,False,False,False,False,False,0,False,False,False,False,False,True,False
1.1206634477261364,0.6722515261016999,1.1322233794727707,False,True,False,True,False,True,True,False,False,True,0,True,False,False,True,True,False,False
1.1347571870112525,1.4863662228735797,0.29102086417891987,False,False,False,False,True,False,True,True,True,True,0,True,True,False,True,False,True,False
1.5000528594479035,1.5270719577121736,0.5133505230534289,False,False,True,False,False,True,True,True,False,True,0,False,True,True,True,True,False,False
-1.0012346178213012,-1.2816237461508113,-1.461069581876912,False,False,False,False,False,False,False,False,False,False,0,False,False,False,False,False,False,True
-0.6842352482308423,-0.7931549280876836,-0.32453363912289235,False,False,False,False,True,False,False,True,True,False,0,False,False,False,False,False,False,True
-0.9994783886268943,-1.2816237461508113,-1.3283354571757127,False,False,False,False,False,True,False,False,False,False,0,False,False,False,False,False,False,True
-0.7305557932333262,-0.9559778674420595,0.3507512202944595,False,True,False,False,False,False,False,False,False,False,1,False,False,True,False,False,True,False
1.3117850898074757,1.2828375486806096,0.642766294637098,False,True,False,True,True,True,False,False,True,True,0,True,False,False,False,False,True,False
-0.9182527883855717,-1.2002122764736234,0.010620025747636104,False,False,False,True,False,True,False,True,False,False,0,True,False,False,True,False,False,True
-0.7464277145777792,-0.8745663977648716,-0.3444437578280723,True,False,False,True,False,True,False,True,False,True,1,False,True,False,False,False,False,False
-0.0525854655974434,0.7536629957788878,-0.6795974226986006,False,False,False,True,True,True,False,True,False,False,0,False,False,False,False,True,True,False
0.918148268746082,1.2828375486806096,0.04048520380540615,False,False,False,True,True,True,True,False,True,False,0,True,False,False,True,False,True,False
-0.8894945353271575,-0.7931549280876836,-1.480979700582092,False,False,False,False,False,True,False,False,False,False,0,False,False,False,False,False,False,True
-0.5079098371123819,-0.6303319887333076,0.16824179883031035,True,True,False,False,False,True,False,False,False,False,0,False,False,False,False,False,False,False
-0.4828177124972922,-0.6303319887333076,0.17985603474166512,False,False,False,True,True,True,True,False,True,False,0,True,True,True,True,False,False,False
-0.60311941231417,-0.019745966154397852,-1.1541219185053884,False,False,False,False,True,False,False,False,True,False,0,False,False,False,False,False,False,True
1.0374181839112457,1.5270719577121736,0.10021555992094577,False,False,True,True,True,False,True,True,False,True,0,False,False,False,False,True,False,True
-0.9754839072583089,-1.2816237461508113,0.4851445215544238,True,True,False,True,False,True,False,False,False,False,0,False,False,False,True,False,False,False
0.907764563634151,0.5094285867473239,0.9978300782128064,False,True,False,True,False,True,True,False,True,True,0,True,True,True,False,True,True,False
0.685469853352088,0.46872285190873,0.659358060224748,False,True,False,False,False,True,False,False,False,True,0,True,False,True,False,False,False,False
-0.8898018754361787,-0.8338606629262776,-1.3167212212643575,False,False,True,False,False,False,True,False,False,False,0,True,True,False,False,False,True,False
-0.404687466211112,1.5677776925507676,-1.4959122896109767,False,False,True,False,False,False,True,False,False,False,0,False,False,False,False,False,True,False
-0.943762017434333,-1.2409180113122174,0.38061639835222955,True,True,False,True,False,False,True,False,False,False,0,False,False,True,False,False,False,False
-0.7192939735241916,-0.9559778674420595,0.0023241429538111433,False,False,False,False,True,False,True,True,False,True,0,False,True,True,False,False,False,True
-0.9270119814926766,-1.0373893371192475,-1.3233579274994176,False,False,False,False,False,False,False,False,False,False,0,False,False,False,False,False,False,False
-0.4075632915169534,-0.5896262538947137,0.36402463276457964,False,True,False,True,False,True,False,True,False,False,0,False,False,False,False,False,False,False
-0.8762569577743149,-1.1595065416350294,0.2412455674159701,False,True,False,True,False,True,False,False,False,False,0,True,False,False,False,False,False,False
-0.8789571601607156,-0.7117434584104956,-1.5042081724048018,False,False,False,False,False,False,False,False,False,False,0,False,False,False,False,False,False,True
2.008261682579422,1.4863662228735797,1.135541732590301,False,True,True,False,True,False,True,False,False,False,0,True,False,False,True,True,False,False
-0.9908948184392303,-1.2816237461508113,-0.6795974226986006,False,False,False,False,False,True,False,False,False,False,0,False,False,False,False,False,False,True
-0.9732447150354401,-1.2816237461508113,0.6543805305484532,False,True,False,True,False,True,False,False,False,False,0,True,False,False,True,False,False,True
-0.9441791218680048,-1.0373893371192475,-1.3465863993221274,False,False,False,True,False,True,False,False,True,False,0,False,False,False,False,False,True,False
0.5808864048251525,1.0386031396490458,-0.17188939571651304,False,False,True,False,True,False,True,True,False,False,0,False,True,True,True,True,False,True
1.2399772686211603,0.5094285867473239,1.6830699969827483,True,True,False,False,True,True,False,True,False,True,0,True,False,True,True,True,False,False
0.13392607484857727,0.14307697319997809,0.3789572217934642,False,False,False,False,True,True,False,True,True,True,0,False,False,True,True,False,False,True
0.003613868623579817,-0.22327464034736777,0.659358060224748,False,False,False,True,False,True,True,True,False,True,1,True,False,True,True,True,False,False
1.8779494763544242,1.3235432835192036,1.3080960947018598,True,True,False,True,False,True,True,False,False,True,1,True,False,True,True,True,False,False
2.679821773655719,1.6084834273893616,1.696343409452868,False,True,True,True,True,True,True,True,False,True,1,True,False,True,True,True,False,False
-0.8401005892344613,-0.7117434584104956,-1.3183803978231226,False,False,True,False,False,False,True,False,False,False,0,True,False,False,False,False,False,True
-0.9522797290272068,-1.2409180113122174,0.1781968581829002,True,False,False,True,False,False,False,True,False,False,0,False,False,False,True,True,False,False
1.7355412415529485,1.2828375486806096,1.1654069106480704,False,True,False,False,False,True,False,False,True,False,0,True,False,True,True,True,True,False
-0.4137979051570982,-0.7931549280876836,1.1753619700006603,True,True,False,False,True,True,False,False,False,False,0,True,False,False,True,True,False,False
1.448375815402478,1.5270719577121736,0.505054640259604,False,False,True,True,True,True,True,False,False,True,0,False,True,True,True,True,True,False
-0.986548151183073,-1.2816237461508113,-0.35108046406313215,True,False,False,True,False,False,False,False,False,False,0,True,False,True,False,False,False,False
-0.2282961964978614,-0.5082147842175256,0.8551408941590172,False,True,False,True,False,True,False,False,False,False,0,True,False,True,True,False,True,False
-0.3548544628198141,1.0793088744876398,-1.3432680462045974,True,False,True,False,False,False,False,False,False,False,0,True,False,False,False,False,False,False
0.22230830905710838,-0.06045170099299184,0.8136614801898924,True,True,False,True,True,False,True,False,False,False,1,True,False,False,True,False,False,False
0.0865298394645191,0.14307697319997809,0.01559755542393127,False,False,False,True,False,True,False,True,True,True,0,False,False,False,False,True,False,True
-0.9712909100566625,-1.2816237461508113,0.8020472442785371,True,True,False,True,False,True,False,False,False,False,0,False,False,False,True,True,False,False
-1.0015858636601827,-1.2816237461508113,-1.4876164068171518,False,False,False,True,False,False,False,False,False,False,0,False,False,False,False,False,False,True
-0.9411935322375128,-0.9559778674420595,-1.5224591145512167,False,False,False,False,False,False,False,False,False,False,0,False,False,False,False,False,False,True
-0.4211301620437472,0.8757802002946699,-1.3333129868520075,False,False,False,False,False,True,True,False,True,False,0,True,True,False,False,False,False,False
-0.49120370690058557,1.1607203441648277,-1.5108448786398618,False,False,False,False,False,True,True,False,False,False,0,False,True,False,False,False,False,True
-0.8533381667873039,-1.1188008067964355,0.36402463276457964,False,True,False,True,False,True,False,False,False,False,0,True,False,False,False,False,False,False
0.31710077982522494,0.346605647392948,0.3192268656779245,False,False,False,True,True,True,True,False,False,True,0,True,True,True,True,False,True,False
1.6384656728321032,1.6084834273893616,0.6477438243133932,False,False,True,True,True,False,True,True,False,True,0,False,False,True,True,True,False,True
-0.22307141464450062,-0.22327464034736777,0.1367174442137754,False,True,False,True,False,True,False,False,False,False,0,False,False,False,False,False,False,True
-0.1276642636583417,0.1023712383613841,-0.3295111687991873,False,False,False,True,False,False,False,False,False,False,0,False,False,False,True,False,False,True
-0.33900449434029106,-0.6710377235719016,1.0359911390644014,True,True,False,False,False,True,False,False,False,False,1,True,False,False,True,True,False,False
-0.8740397184163762,-0.6303319887333076,-1.4925939364934466,False,False,False,True,False,False,False,False,True,False,0,False,False,False,False,False,False,True
-0.3622525783012534,1.2014260790034217,-1.3316538102932427,False,False,False,True,False,False,True,False,True,False,0,True,True,False,False,False,False,False
-0.978754884132892,-1.2816237461508113,0.23792721429843983,True,True,False,False,False,True,False,False,False,False,1,True,False,False,False,False,False,False
-0.5861718005881428,-0.7931549280876836,0.32254521879545484,False,True,False,False,False,True,False,False,True,True,0,False,False,False,False,False,False,True
-0.6593187465351933,-0.9152721326034655,0.3258635719129846,True,True,False,False,False,True,False,False,False,False,0,True,False,False,False,False,False,False
-0.9052347394820299,-1.1595065416350294,-0.46722282317668157,False,False,False,False,False,False,True,False,False,False,0,True,True,False,False,False,False,True
-0.9330051136185903,-0.9152721326034655,-1.4793205240233267,False,False,False,True,False,False,False,False,True,False,0,False,False,False,False,False,False,True
0.8276146537744026,0.387311382231542,0.9712832532725666,True,True,False,False,False,True,True,False,False,False,0,True,True,False,True,True,False,False
-1.001651722254973,-1.2816237461508113,-1.4925939364934466,False,False,False,False,False,False,False,False,False,False,0,False,False,False,False,False,True,False
1.5882814236019238,1.4049547531963917,0.7456352412805278,True,True,False,True,False,False,True,False,True,True,0,True,True,True,False,False,False,False
-0.4554863956593337,1.2014260790034217,-1.4892755833759168,False,False,True,True,False,False,True,False,False,False,0,False,True,False,False,False,True,False
-0.24473889233049662,-0.5896262538947137,0.9613281939199768,False,True,False,True,False,False,False,True,False,False,1,True,False,True,True,False,False,False
-0.5637359726295937,-0.8338606629262776,0.6527213539896879,True,True,False,False,False,True,False,False,False,True,0,False,False,False,False,True,False,False
-0.7978852299739037,-0.9559778674420595,-0.49211047155815646,True,False,False,True,False,True,False,False,False,True,0,False,True,False,False,False,False,False
-0.19192029930870685,1.6084834273893616,-1.3001294556767078,False,False,True,True,False,False,True,False,False,False,0,True,False,False,False,False,True,False
-0.4869228982392186,1.0793088744876398,-1.4842980536996218,False,False,True,True,False,True,False,False,False,False,0,False,False,False,False,False,False,False
0.055225054074214686,-0.10115743583158582,0.4768486387605988,False,False,False,False,True,True,False,False,True,False,0,True,False,True,True,True,True,False
1.9921263268558078,1.5270719577121736,1.127245849796476,True,True,False,False,False,False,False,False,True,True,0,True,False,False,True,True,False,False
-0.42317177848224535,1.4863662228735797,-1.4859572302583868,False,False,True,False,False,False,True,False,False,False,0,False,True,False,False,False,False,False
-0.5640213598736847,0.590840056424512,-1.4892755833759168,False,False,True,False,False,False,True,False,False,False,0,False,True,False,False,False,True,False
-0.6908650134397286,-0.8338606629262776,-0.17023021915774814,True,False,False,True,False,True,False,True,True,False,0,False,False,False,True,False,False,False
0.5651022949404199,0.387311382231542,0.642766294637098,True,True,False,False,False,True,True,True,False,False,0,True,False,True,False,False,False,False
1.6068535473327776,1.0793088744876398,1.1471559685016557,False,True,False,True,False,True,True,False,True,False,0,True,False,True,True,True,False,False
1.06867906357169,0.5094285867473239,1.2350923261162006,False,True,False,False,False,True,False,False,True,False,1,True,False,True,True,True,False,False
-0.6862988175342705,-0.9152721326034655,0.1781968581829002,True,True,False,True,False,True,True,False,False,False,0,False,False,False,False,False,False,False
0.6686320059507109,0.6722515261016999,0.4337100482327091,False,False,False,False,False,False,True,False,True,True,0,False,True,True,True,True,True,False
-0.34747830020330467,1.0386031396490458,-1.3200395743818876,False,False,True,False,False,False,True,False,False,False,0,True,True,False,False,False,True,False
-0.46767023569553207,-0.4675090493789317,-0.16193433636392318,False,False,False,True,False,True,False,False,False,False,1,False,False,True,True,False,False,False
-0.762497211706603,-1.0373893371192475,0.3457736906181643,True,True,False,False,False,True,False,False,False,False,0,True,False,False,False,False,False,False
-0.34453661630267307,-0.1825689055087738,-0.34942128750436724,False,False,False,True,False,True,False,True,True,True,0,False,True,False,False,False,True,False
0.4611115737665969,-0.019745966154397852,1.326347036848275,True,True,False,True,False,True,True,True,False,False,1,True,False,True,True,True,False,False
1.0419185212219135,0.5501343215859179,1.2002496183821352,True,True,False,False,False,True,False,False,True,False,0,True,False,True,True,True,False,False
-0.5063292308374157,-0.8338606629262776,1.0326727859468712,True,True,False,True,False,True,False,False,False,False,0,True,False,False,True,True,False,False
-0.6358511339249301,-0.9559778674420595,0.8136614801898924,True,True,False,False,False,False,True,False,False,False,0,False,False,False,True,True,False,False
-0.6037340925322126,-0.8745663977648716,0.29599839385521454,True,True,False,True,False,True,False,True,False,False,0,False,False,False,False,False,False,False
-0.9958342130485,-1.2409180113122174,-1.4793205240233267,False,False,False,True,False,False,False,False,False,False,0,False,False,False,False,False,False,True
-0.936956629306006,-1.2409180113122174,0.6942007679588127,True,True,False,True,False,True,False,False,False,False,0,False,False,True,False,True,False,False
1.5770196038927888,0.8757802002946699,1.5071972817536587,True,True,False,False,False,False,True,True,True,True,0,True,False,True,True,True,False,False
-0.00797724405950626,-0.3453918448631497,0.9845566657426863,True,True,False,False,True,True,False,False,False,False,0,False,False,False,True,True,False,False
-0.9226653142365193,-1.2002122764736234,0.16326426915401518,True,True,False,False,False,True,False,False,False,False,0,False,False,False,False,False,False,False
-0.990324043951048,-1.2816237461508113,-0.6364588321707109,True,False,False,True,False,False,False,False,False,False,0,False,False,False,False,False,False,False
0.2364898598019446,0.346605647392948,0.11846650206736059,False,False,False,True,False,False,True,False,True,True,0,True,True,True,True,False,False,False
-0.051356105161358634,0.26519417771576004,-0.29964599074141746,True,False,False,False,True,False,True,False,False,False,0,False,False,True,True,True,False,False
-0.9605779119707798,-1.0780950719578415,-1.5091857020810966,False,False,False,True,False,False,True,False,True,False,0,False,True,False,False,False,False,True
-0.565097050255259,0.387311382231542,-1.393043342967547,True,False,True,False,False,False,True,False,False,False,0,True,True,False,False,False,False,False
0.40232180148382335,-0.019745966154397852,1.1770211465594258,True,True,False,False,False,True,True,False,False,True,1,True,True,False,True,True,False,False
-0.9637830302505727,-1.2409180113122174,-0.44399435135397186,False,False,False,False,False,False,False,False,False,True,0,False,True,False,False,False,False,True
0.6961389457081103,1.0793088744876398,-0.029200211662723803,False,False,True,True,True,True,True,True,False,False,1,False,False,True,True,True,True,False
-0.9749350856350568,-1.2816237461508113,0.5266239355235486,True,True,False,True,False,True,False,False,False,False,0,False,False,False,False,True,False,False
-0.8905702257087318,-0.7117434584104956,-1.497571466169742,False,False,False,False,False,False,True,False,False,False,0,False,True,False,False,False,False,True
-0.9126548078283995,-0.9152721326034655,-1.4511145225243218,True,False,False,False,False,True,False,False,False,False,0,False,False,False,False,False,False,False
-0.7840988307978088,-1.0373893371192475,0.16326426915401518,False,True,False,False,False,True,False,False,False,False,0,False,False,False,False,False,False,False
-0.2046090552382973,-0.38609757970174374,0.4785078153193637,False,True,False,False,False,True,False,False,False,False,1,True,False,True,False,False,False,True
-0.39601608456372756,1.4863662228735797,-1.4925939364934466,False,False,True,True,False,False,False,False,False,False,0,False,False,False,False,False,True,False
-0.28879829224518166,-0.38609757970174374,0.34743286717692967,False,True,False,False,True,True,False,False,False,False,1,False,False,False,False,False,False,False
0.39837028579640765,0.30589991255435406,0.5249647589647837,False,False,False,False,False,True,False,True,True,False,0,True,False,True,True,True,False,True
-0.7937800442319773,-1.0780950719578415,0.5083729933771337,False,False,True,True,True,True,False,True,False,False,0,False,False,True,True,True,False,True
0.8137843488684476,0.5501343215859179,0.9546914876849167,True,True,False,True,True,True,False,False,False,True,0,True,False,False,False,True,False,False
-0.44286349832453353,1.4456604880349857,-1.5125040551986266,False,False,True,False,False,True,True,False,False,False,0,False,True,False,False,False,False,False
0.9452600569347398,0.346605647392948,1.465717867784534,False,True,False,False,False,True,True,True,True,True,0,True,True,True,True,True,False,False
-0.2636183561703716,0.26519417771576004,-0.7891030755770901,False,False,False,False,True,False,False,True,True,True,0,False,False,False,False,False,False,False
-0.5163836429753955,-0.4675090493789317,-0.34278458126930716,False,False,False,True,False,False,True,False,False,False,0,False,False,False,True,False,False,False
0.11045846223831414,0.18378270803857208,0.17985603474166512,False,True,False,True,False,True,False,False,False,False,0,False,False,False,False,False,False,True
1.5980504484958127,1.1200146093262338,1.152133498177951,True,True,True,False,False,True,False,False,False,True,0,False,False,True,True,True,False,False
0.4732734609378651,0.14307697319997809,0.928144662744677,False,False,True,False,True,True,True,True,False,True,0,True,True,True,True,True,True,False
0.6388858739704428,0.1023712383613841,1.3927140991988747,True,True,False,False,True,True,True,True,False,False,0,False,True,True,True,True,False,False
2.173500896908188,1.6084834273893616,1.1604293809717758,False,True,True,False,True,False,True,True,False,True,0,True,True,False,True,False,False,False
1.735651005877599,1.6084834273893616,0.8003880677197722,False,False,True,True,True,True,True,True,False,True,0,True,False,True,True,True,False,False
-0.8123521679628312,-1.0373893371192475,0.14667250356636527,True,True,False,True,False,True,True,False,False,False,0,False,False,False,False,False,False,False
-0.9794134700807947,-1.2816237461508113,0.18815191753549007,False,True,False,False,False,True,False,False,False,False,1,False,False,False,False,False,False,True
-0.45992087437521134,1.3642490183577978,-1.5008898192872717,False,False,True,True,False,False,False,False,False,False,0,False,False,False,False,False,False,False
0.3550133775594855,-0.06045170099299184,1.145496791942891,False,True,True,True,False,False,False,True,False,False,0,False,False,True,True,True,False,False
-0.7313460963708094,-1.0373893371192475,0.9596690173612115,True,True,False,True,False,True,False,False,False,False,0,True,False,False,True,True,False,False
-0.9595022215892056,-1.2409180113122174,0.17487850506537042,False,True,False,False,False,True,False,False,False,False,1,False,False,False,False,False,False,False
1.2383308037514038,0.8757802002946699,0.9895341954189815,False,True,False,False,False,True,False,False,True,True,0,True,False,True,True,False,False,False
-0.9998515873307058,-1.2816237461508113,-1.3565414586747175,False,False,False,True,False,True,False,False,False,False,0,True,False,False,False,False,False,True
1.2527099302806108,1.5677776925507676,0.2794066282675646,False,False,True,True,False,True,True,True,False,True,0,False,True,False,True,True,True,False
-0.9783377796992203,-1.1595065416350294,-1.4677062881119718,False,False,False,True,False,False,False,False,False,False,0,False,False,False,False,False,False,True
-0.9029955472591611,-1.2002122764736234,0.48016699187812906,True,True,False,False,False,True,False,False,False,False,0,False,False,False,True,False,False,False
-0.5304773822605116,-0.6303319887333076,-0.007630916398778715,False,False,False,False,False,True,False,False,False,False,0,False,True,False,True,True,False,True
0.8414449586803575,0.7943687306174818,0.4917812277894838,False,False,True,True,True,True,False,True,False,False,0,True,False,False,True,True,True,False
-0.996404987536682,-1.2409180113122174,-1.480979700582092,False,False,False,False,False,False,True,False,True,False,0,False,True,False,False,False,False,True
-0.41816652527818543,-0.7524491932490895,1.3611897445823398,False,True,False,False,True,False,True,True,True,True,0,False,False,False,True,True,False,True
-0.7135423229125086,-0.9152721326034655,0.1781968581829002,True,False,False,False,True,False,True,False,True,True,0,True,True,False,True,False,False,False
-0.9942536067735335,-1.2409180113122174,-1.4826388771408567,False,False,False,True,False,False,False,False,False,False,0,False,False,False,False,False,False,True
0.5304167683508821,0.9978974048104517,-0.17686692539280796,False,False,False,True,True,False,True,True,True,True,0,False,True,False,False,False,False,True
-0.6376073631193371,-0.7931549280876836,0.18317438785919538,False,True,False,True,False,False,True,False,False,False,1,False,False,False,False,False,False,False
1.9260482034162454,1.2828375486806096,1.233433149557435,True,True,False,True,False,False,False,True,True,False,1,True,False,True,True,True,False,False
-0.018909770794689723,0.9978974048104517,-0.790762252135855,False,False,False,False,True,True,False,True,True,False,0,False,False,True,False,False,True,False
1.3765021356213725,1.5677776925507676,0.3690021624408743,True,True,True,False,False,False,True,False,False,False,0,False,True,True,False,False,False,False
-0.9794134700807947,-1.2816237461508113,0.18815191753549007,False,True,False,True,False,True,False,False,False,False,0,False,False,False,False,False,False,True
-0.9774377122370869,-1.2816237461508113,0.3374778078243394,True,True,False,False,False,True,False,False,False,False,0,True,False,False,False,False,False,False
-0.99082895984444,-1.2816237461508113,-0.6746198930223056,False,False,False,True,False,False,False,False,False,False,0,False,False,False,False,False,False,True
1.1920102587489199,0.8350744654560759,1.026036079711811,False,True,False,False,False,True,True,False,True,False,1,True,False,False,True,True,True,False
-0.9840016188511829,-1.2816237461508113,-0.15861598324639314,True,False,False,False,False,True,False,False,False,False,0,True,False,False,False,True,False,False
1.5655382555343533,1.1200146093262338,1.095721495179941,True,True,False,True,False,True,True,False,True,True,1,False,False,True,True,True,False,False
-0.9906533369249992,-1.2816237461508113,-0.6613464805521857,True,False,False,False,False,True,True,False,False,False,0,False,False,False,False,False,False,False
-0.4343018810017995,-0.6710377235719016,0.5332606417586087,True,True,False,False,False,True,False,False,False,False,0,False,True,False,True,False,False,False
-0.42141554928783836,1.5270719577121736,-1.5008898192872717,False,False,False,False,False,False,False,False,True,False,0,False,False,False,False,False,False,False
1.5794124661701687,1.3642490183577978,0.7987288911610074,True,True,False,False,True,False,True,True,True,True,0,True,False,False,False,False,False,False
-0.12555678862505334,-0.30468611002455576,0.4950995809070136,False,True,False,False,True,True,False,False,False,True,0,False,False,False,False,False,False,False
-1.0020029680938543,-1.2816237461508113,-1.5191407614336867,False,False,False,False,False,False,False,False,False,False,0,False,False,False,False,False,False,True
0.062337782311563054,0.18378270803857208,0.08362379433329585,True,False,False,True,True,False,False,True,True,True,0,True,False,True,False,False,False,False
-1.001871250904274,-1.2816237461508113,-1.5091857020810966,False,False,False,True,False,True,False,False,False,False,0,False,True,False,False,False,False,True
-0.8711199873806745,-1.1595065416350294,0.47187110908430413,True,True,False,False,False,True,False,False,False,False,0,False,False,False,False,True,False,False
-0.9565385848236438,-1.2002122764736234,-0.6746198930223056,True,False,False,False,False,False,False,False,False,False,0,False,False,False,False,False,False,False
-0.17086750184075322,-0.1418631706701798,0.03882602724664078,True,False,False,False,True,True,False,False,False,False,0,True,False,False,False,True,False,False
1.0660227669151494,1.1607203441648277,0.3457736906181643,False,False,True,True,True,False,True,True,False,False,0,True,False,True,False,True,True,False
2.623688298029486,1.6084834273893616,1.719571881275578,False,True,True,False,True,True,True,True,False,True,1,True,False,True,True,True,True,False
2.0956560378660987,1.4456604880349857,1.27159421040903,False,True,True,True,True,True,True,False,False,True,0,False,True,True,True,True,True,False
-1.0015639107952525,-1.2816237461508113,-1.4859572302583868,False,False,False,True,False,False,False,False,False,False,0,False,False,False,False,False,False,True
-0.5332653961066326,0.7536629957788878,-1.5058673489635668,False,False,True,True,False,False,True,False,False,False,0,False,True,False,False,False,True,False
-0.6383976662568203,-0.9966836022806536,1.27491256352656,False,True,False,False,True,True,False,True,False,False,0,True,False,False,True,True,False,False
2.2521141062228303,1.4863662228735797,1.497242222401069,False,True,True,True,True,True,False,False,False,True,0,True,False,True,True,True,True,False
-0.8678051047762314,-0.7524491932490895,-1.5125040551986266,False,False,False,True,False,False,False,False,True,False,0,False,False,False,False,False,False,True
1.6962456133280925,1.2014260790034217,1.2085455011759603,True,True,False,False,False,True,True,False,False,False,0,True,False,True,True,True,False,False
0.7957390938959158,0.7129572609402939,0.6129011165793284,True,True,False,False,True,True,False,False,False,True,1,True,False,False,False,False,False,False
1.6441734177139258,1.5677776925507676,0.659358060224748,False,False,False,False,True,True,True,True,True,True,0,False,False,True,True,True,False,False
0.023481211385308724,0.22448844287716607,-0.08727139121949852,False,False,False,True,False,True,False,True,True,False,0,False,False,True,False,True,False,True
1.5416535384904186,1.0386031396490458,1.1206091435614158,True,True,False,True,False,True,True,False,False,False,1,True,False,True,True,True,False,False
-0.5126516559372808,0.631545791263106,-1.3465863993221274,False,False,False,False,False,False,False,False,True,False,0,True,False,False,False,False,False,False
-0.9765376447749532,-1.2409180113122174,-0.8139907239585651,False,False,False,True,False,True,False,True,False,True,0,False,False,True,False,False,True,False
-0.20511397113168925,-0.1418631706701798,-0.15695680668762801,False,False,False,True,True,True,True,False,False,False,0,False,True,False,False,True,False,True
0.6627486381494477,1.3642490183577978,-0.2233238690382277,False,False,True,False,True,True,True,True,False,True,0,False,True,False,False,False,True,False
2.0146938720039373,1.3642490183577978,1.29814103534927,True,True,False,True,False,True,True,True,True,True,0,True,False,False,True,True,False,False
0.053885929313479485,0.8757802002946699,-0.6281629493768859,False,False,True,True,False,False,True,True,False,False,0,False,True,True,False,True,True,False
0.7444132956893721,1.3642490183577978,-0.17188939571651304,True,False,True,False,True,True,True,False,False,False,0,False,True,False,True,False,False,False
-0.833975739918967,-0.5896262538947137,-1.4876164068171518,False,False,False,True,False,False,False,False,True,False,0,False,False,False,False,False,False,True
-0.9830795985241192,-1.2409180113122174,-1.003136851657774,True,False,False,False,False,True,False,False,False,False,0,False,False,False,False,True,False,False
-0.9834747500928608,-1.2002122764736234,-1.5042081724048018,False,False,False,True,False,False,False,False,True,False,0,False,False,False,False,False,False,True
-0.999390577167174,-1.2816237461508113,-1.3216987509406526,True,False,False,True,False,True,False,False,False,False,1,False,False,False,False,False,False,False
-1.0020688266886446,-1.2816237461508113,-1.5241182911099815,False,False,False,False,False,True,True,False,False,False,0,False,True,False,False,False,False,True
0.8766354011632871,0.6722515261016999,0.6759498258123978,False,True,False,True,False,True,True,False,False,True,0,False,False,False,True,False,True,False
1.6725584720685285,1.6084834273893616,0.695859944517578,False,False,True,False,True,True,True,True,False,False,0,True,True,True,True,True,True,False
-0.9708738056229906,-1.2409180113122174,-0.6779382461398357,True,False,False,True,False,True,True,False,False,False,0,False,True,False,False,False,False,False
-0.9292072679856853,-0.8745663977648716,-1.472683817788267,False,False,False,True,False,True,True,False,True,False,0,False,False,False,False,False,False,True
-0.9863944811285624,-1.2002122764736234,-1.5141632317573919,False,False,False,False,False,False,True,False,False,False,0,False,True,False,False,False,False,True
0.2578939031087796,0.020959768684196134,0.7854554786908873,False,True,False,False,False,False,True,True,False,True,0,True,True,True,False,False,True,False
-0.9159257847029826,-0.9966836022806536,-1.3084253384705327,False,False,False,True,False,False,False,False,False,False,0,False,True,False,False,False,False,True
1.7198449431279361,1.2421318138420157,1.097380671738706,False,True,True,False,True,False,False,False,False,True,0,True,False,True,True,False,True,False
-0.9132255823165818,-0.8745663977648716,-1.4876164068171518,False,False,False,False,False,False,False,False,False,False,0,False,True,False,False,False,True,False
-0.3310356043706695,0.14307697319997809,-0.8056948411647401,False,False,True,False,True,False,True,True,False,False,0,False,True,True,False,False,True,False
-0.6769249442091232,-0.9966836022806536,0.9895341954189815,True,True,False,True,False,True,True,False,False,False,0,False,True,True,True,True,False,False
-0.8656098182832227,-0.9152721326034655,-1.003136851657774,True,False,False,False,False,True,False,False,False,False,1,False,False,False,False,True,False,False
-0.8915581046305857,-1.2002122764736234,0.3374778078243394,False,True,False,False,False,True,False,False,False,False,0,True,False,False,False,False,True,False
-0.14524850846734152,-0.1418631706701798,0.13008073797871536,False,False,False,False,True,True,False,False,False,True,0,False,False,True,False,True,False,False
0.48231804128906103,1.2828375486806096,-0.36767222965078206,False,False,False,False,False,True,True,False,True,True,0,True,True,False,False,False,False,False
1.3742848962634335,0.7129572609402939,1.4375118662855293,True,True,False,True,True,True,True,False,True,True,0,True,True,True,True,True,False,False
-0.9797866687846061,-1.2816237461508113,0.1599459160364854,True,True,False,True,False,True,False,False,False,False,1,False,False,False,False,False,False,False
-0.7922433436868712,-1.0373893371192475,0.33913698438310474,False,True,False,False,False,True,True,False,False,False,0,False,False,True,False,False,False,False
-0.6908430605747985,-0.7524491932490895,-0.4473127044715016,False,False,False,False,False,False,False,False,True,True,0,False,False,False,False,False,True,False
-0.9794134700807947,-1.2816237461508113,0.18815191753549007,False,True,False,True,False,False,False,False,False,False,0,False,False,False,False,False,False,True
-0.907012921541367,-1.2002122764736234,0.1781968581829002,True,True,False,False,False,True,False,False,False,False,1,False,False,False,False,False,False,False
-0.9339271339456541,-1.2002122764736234,-0.010949269516308983,True,False,False,False,False,False,False,True,False,False,0,True,False,False,True,False,False,False
-0.9474720516075178,-1.2409180113122174,0.36402463276457964,True,True,False,False,False,True,False,False,False,False,0,True,False,False,False,False,False,False
-0.43175534866990944,0.14307697319997809,-0.9815675563938292,False,False,False,True,True,False,True,False,True,False,0,False,False,True,False,False,False,True
2.0803109852799677,1.4456604880349857,1.28818597599668,False,True,True,False,False,True,True,True,False,True,0,True,True,False,True,True,True,False
0.1822004248298391,0.020959768684196134,0.6278337056082129,False,True,False,True,False,True,False,False,False,True,1,True,False,True,False,False,True,False
-0.6049415001033673,-0.9559778674420595,1.107335731091296,False,True,False,False,False,False,False,False,False,False,0,True,False,True,True,True,True,False
0.14960042040865965,-0.019745966154397852,0.665994766459808,True,True,False,True,False,True,True,False,False,False,1,True,False,False,False,True,False,False
-0.5043095672638476,-0.4268033145403377,-0.3560579937394271,True,False,False,True,True,True,True,True,False,False,0,False,False,False,False,False,False,False
-0.29878684578837134,-0.5489205190561197,0.8020472442785371,True,True,False,False,False,True,True,False,False,True,0,True,False,False,False,True,False,False
0.7254899261196368,1.4049547531963917,-0.1503201004525682,False,False,True,True,True,True,True,True,False,False,0,False,True,True,False,False,False,False
-0.6572990829616253,0.346605647392948,-1.5008898192872717,False,False,True,False,False,False,True,False,False,False,0,False,True,False,False,False,False,False
-0.890899518682683,-1.2002122764736234,0.6925415914000478,True,True,False,False,False,False,False,True,False,False,0,False,False,False,False,True,False,False
-0.5603552314303603,0.7943687306174818,-1.5025489958460367,False,False,True,True,False,False,False,False,False,False,0,False,False,False,False,False,False,True
-0.974430169741665,-1.2816237461508113,0.5647849963751436,True,True,False,False,False,True,False,False,False,False,0,False,False,False,False,True,False,False
-0.9514235672949335,-1.2409180113122174,0.025552614776521126,False,False,False,False,False,False,True,False,False,False,0,False,True,False,True,True,False,True
-0.9297341367440073,-1.2409180113122174,0.7373393584867028,False,True,False,False,False,True,False,False,False,True,0,False,False,False,True,False,False,False
-0.9434107715954517,-0.9966836022806536,-1.5125040551986266,False,False,False,True,False,True,True,False,False,False,0,False,True,False,False,False,False,True
0.7153477025219366,0.387311382231542,1.0160810203592212,True,True,False,False,False,True,True,False,False,True,1,True,False,True,True,False,False,False
-0.6079051368689291,-0.7931549280876836,0.1732193285066055,True,True,False,False,False,True,True,False,False,False,1,False,False,False,False,False,False,False
-0.7629362690052048,-0.9966836022806536,0.20640285968190536,True,False,False,False,True,False,False,True,False,False,0,True,False,False,False,True,False,False
-0.5755466139619806,0.8350744654560759,-1.5224591145512167,False,False,False,False,False,False,True,False,True,False,0,False,False,False,False,False,True,False
-0.5142761679421072,-0.7117434584104956,0.6062644103442684,False,True,False,False,False,True,False,False,False,True,0,False,False,False,True,False,False,False
-0.12729106495453016,0.26519417771576004,-0.4705411762942116,True,False,False,False,False,True,False,False,False,False,0,False,False,True,True,True,False,False
-0.5573037832050781,-0.22327464034736777,-0.9434064955422343,False,False,False,True,False,False,True,False,False,False,1,False,False,False,False,True,False,False
-0.966395421177253,-1.2816237461508113,1.1720436168831305,False,True,False,False,False,True,False,False,False,True,0,True,False,False,True,True,True,False
-0.5989703208423837,0.5501343215859179,-1.4544328756418519,True,False,True,False,False,True,False,False,False,False,0,False,False,False,False,False,False,False
-0.4234352128614064,-0.6303319887333076,0.5166688761709587,False,True,False,True,False,True,True,False,False,True,0,True,False,False,False,False,False,False
-0.5723414956821878,0.7536629957788878,-1.5108448786398618,False,False,False,True,False,False,True,False,True,False,0,False,True,False,False,False,False,True
-0.6673315422346751,-0.9559778674420595,0.6759498258123978,False,True,False,False,False,True,False,False,False,False,0,False,False,True,False,True,True,False
0.9476968249419795,0.5094285867473239,1.1687252637656007,False,True,False,False,False,True,False,False,True,False,1,True,False,True,True,True,False,False
2.1937194855087983,1.4863662228735797,1.3296653899658049,True,True,True,True,False,True,True,False,False,True,0,True,True,True,True,True,False,False
-0.4519080786757295,0.9978974048104517,-1.4992306427285067,False,False,True,False,False,False,True,False,False,False,0,False,True,False,False,False,False,False
-0.5575672175842391,-0.4268033145403377,-0.5136797668221014,False,False,False,False,False,True,False,False,True,False,0,False,True,True,True,True,True,False
-0.9750448499597072,-1.2816237461508113,0.5183280527297236,True,True,False,True,False,True,False,False,False,False,0,False,False,False,True,False,False,False
-0.7801253622454631,-0.9152721326034655,-0.4406759982364418,False,False,False,True,True,True,False,False,False,False,0,False,False,False,False,False,False,True
-0.7406321582362362,-0.019745966154397852,-1.4892755833759168,False,False,True,True,False,True,False,False,False,False,0,False,False,False,False,False,False,False
-0.45370821359999663,-0.6710377235719016,0.4984179340245439,False,True,False,False,False,True,True,False,False,True,0,True,True,False,False,False,True,False
1.420122478237456,0.9978974048104517,0.9978300782128064,True,True,False,False,False,True,True,False,True,True,0,False,True,False,True,True,False,False
-0.8384321714997747,-0.5896262538947137,-1.5025489958460367,False,False,False,False,False,False,False,False,False,False,0,False,False,False,False,False,False,True
0.18760082960264046,0.346605647392948,0.052099439716760905,False,False,False,False,False,True,True,True,True,True,0,False,True,False,False,True,False,False
-0.519742431309699,-0.7524491932490895,0.38227557491099445,True,True,False,True,False,False,False,False,False,False,0,False,False,True,False,False,False,False
-0.6196938253363858,-0.9559778674420595,0.9895341954189815,True,True,False,False,False,True,False,False,False,False,0,True,False,False,True,True,False,False
-0.43608006306113667,-0.7931549280876836,1.1902945590295455,True,True,False,False,True,True,False,False,False,False,1,True,False,False,True,True,False,False
-0.9774377122370869,-1.2816237461508113,0.3374778078243394,True,True,False,True,False,True,False,False,False,False,0,True,False,False,False,False,False,False
1.955135749448611,1.4456604880349857,1.1737027934418955,True,True,False,True,False,True,True,True,True,True,0,False,False,False,True,True,False,False
-0.5593893053734363,0.631545791263106,-1.4842980536996218,False,False,True,False,False,False,True,False,False,False,0,False,True,False,False,False,False,False
-0.41140504287971863,-0.7931549280876836,1.3927140991988747,True,True,False,True,False,True,False,False,False,True,1,True,False,True,True,True,False,False
-0.9606437705655702,-1.2409180113122174,-0.32619281568165726,False,False,False,True,True,True,False,False,False,False,0,False,False,True,False,False,False,True
-0.008065055519226729,-0.019745966154397852,0.3258635719129846,False,False,False,False,True,False,False,False,True,False,0,True,False,False,True,True,False,True
0.3704901473351969,0.7536629957788878,-0.14700174733503815,False,False,False,False,True,True,True,True,True,True,0,False,False,False,False,False,False,False
-0.9798744802443264,-1.2816237461508113,0.15330920980142534,False,True,False,False,False,False,False,False,False,False,0,False,False,False,False,False,False,True
-0.7788081903496579,-0.30468611002455576,-1.4942531130522119,False,False,False,False,False,False,False,False,True,False,0,False,False,False,False,False,True,False
-0.8982098227044021,-0.7524491932490895,-1.5307549973450416,False,False,True,False,False,False,True,False,False,False,0,False,True,False,False,False,False,True
-0.04496782146670318,-0.10115743583158582,0.17653768162413533,False,False,False,False,False,False,True,True,True,True,0,False,False,True,False,True,False,False
2.7962597692449016,1.6084834273893616,1.7444595296570529,False,True,True,False,True,False,True,True,False,True,0,True,True,True,True,True,True,False
1.142199208222552,0.9571916699718578,0.6859048851649877,False,True,False,False,False,True,True,False,False,False,0,True,False,False,True,False,False,False
2.113152471215378,1.6084834273893616,1.095721495179941,False,True,True,True,True,True,True,False,False,True,0,True,False,True,True,False,True,False
-0.5229036438596315,0.8350744654560759,-1.5108448786398618,False,False,True,True,False,True,True,False,False,False,0,False,True,False,False,False,False,True
-0.9412374379673729,-1.2002122764736234,-0.29964599074141746,False,False,False,True,True,False,False,False,False,False,0,False,True,True,False,False,False,True
0.3145103417634746,0.26519417771576004,0.34245533750063456,True,True,False,True,False,False,False,False,False,False,0,True,False,False,False,False,False,False
0.795475659516755,0.30589991255435406,1.2068863246171952,True,True,False,True,False,True,True,False,False,True,0,True,False,False,True,True,False,False
-0.4879766357558627,1.1200146093262338,-1.4925939364934466,False,False,True,True,False,False,False,False,False,False,0,False,True,False,False,False,False,True
1.3298522976449372,1.4456604880349857,0.5216464058472539,True,False,True,False,False,True,False,False,False,True,0,True,False,True,True,True,False,False
0.7529749130121062,0.7943687306174818,0.473530285643069,True,False,True,True,True,False,True,False,False,True,0,False,True,True,True,True,False,False
-0.5944480306667856,-0.38609757970174374,-0.8056948411647401,False,False,False,True,True,False,False,True,True,True,0,False,True,False,False,False,False,False
1.0740794683444912,1.1607203441648277,0.5349198183173736,False,False,True,True,True,True,True,True,False,True,0,False,False,False,True,True,False,True
-0.4076291501117436,1.4049547531963917,-1.5158224083161567,False,False,True,False,False,True,True,False,False,False,0,False,True,False,False,False,False,False
1.4462463875042597,1.3642490183577978,0.695859944517578,False,False,True,True,True,True,True,True,False,True,0,False,False,True,True,True,False,False
-0.9208651793122522,-0.9966836022806536,-1.3449272227633626,False,False,False,True,False,False,True,False,True,False,0,True,True,False,False,False,False,True
-0.0721893739800113,0.1023712383613841,-0.18184445506910288,False,False,False,False,True,True,True,False,False,True,0,True,True,False,False,False,True,False
0.019419931373242594,1.2014260790034217,-0.8737210800741047,False,False,True,True,True,True,True,True,False,True,0,False,False,False,False,False,True,False
-0.9737935366586923,-1.2816237461508113,0.6129011165793284,False,True,False,False,True,True,False,True,False,True,0,False,False,False,False,False,False,True
-1.0014321936056723,-1.2816237461508113,-1.4760021709057967,False,False,False,True,False,True,False,False,False,False,0,False,False,False,False,False,False,True
-0.6712830579220908,0.346605647392948,-1.5141632317573919,False,False,True,False,False,False,True,False,False,False,0,False,True,False,False,False,False,False
2.031992729568846,1.6084834273893616,1.1089949076500607,False,True,True,True,False,False,True,False,False,True,1,True,False,False,True,True,False,False
-0.8116496762850683,-1.1188008067964355,0.9148712502745568,True,True,False,True,False,True,False,False,False,False,0,True,False,True,True,False,False,False
2.546062967636698,1.5677776925507676,1.6482272892486831,False,True,True,False,True,False,True,True,False,True,0,True,True,True,True,True,False,False
-0.9780743453200593,-1.2816237461508113,0.28936168762015496,True,True,False,True,False,True,False,False,False,False,1,True,False,False,False,False,False,False
-0.9911582528183913,-1.2816237461508113,-0.6995075414037805,False,False,False,True,False,True,False,False,False,False,0,False,False,False,False,False,False,False
-0.2909277201434001,1.2014260790034217,-1.2918335728828827,False,False,True,False,False,False,False,False,False,False,0,True,True,False,False,False,False,False
-0.5530010216787811,0.590840056424512,-1.447796169406792,False,False,True,False,False,True,True,False,False,False,0,False,True,False,False,False,False,False
-0.34690752571512246,-0.6710377235719016,0.9795791360663916,True,True,False,False,False,True,False,True,False,False,1,False,False,False,True,True,False,False
1.7924869731815947,1.1607203441648277,1.2019087949409006,False,True,False,False,False,False,True,True,True,False,0,True,False,False,True,True,False,False
-0.7969412567819099,-0.38609757970174374,-1.5141632317573919,False,False,False,True,False,False,True,False,True,False,0,False,False,False,False,False,True,False
-0.529357786149077,-0.8338606629262776,0.8120023036311275,True,True,False,False,False,True,False,True,False,False,0,False,False,True,False,True,False,False
-0.042574959189323754,-0.22327464034736777,0.5282831120823135,False,False,False,True,True,False,True,True,True,False,0,True,False,False,True,True,False,True
-0.6526889813263069,0.22448844287716607,-1.4826388771408567,False,False,False,False,False,True,True,False,True,False,0,False,False,False,False,False,True,False
-0.7472838763100527,-0.1418631706701798,-1.4909347599346818,False,False,False,False,False,False,False,False,True,False,0,False,False,False,False,False,False,True
-0.25744960112501714,1.2828375486806096,-1.3067661619117676,False,False,True,False,False,False,True,False,False,False,0,True,False,False,False,False,False,True
-0.5622431778143477,0.7536629957788878,-1.469365464670737,False,False,True,False,False,False,False,False,False,False,0,False,False,False,False,False,False,False
0.3259038786621898,0.7536629957788878,-0.1669118660402181,False,False,False,True,True,False,False,True,True,False,0,True,False,False,False,False,True,False
-0.44343427281271586,-0.22327464034736777,-0.5286123558509863,False,False,False,True,False,False,False,False,False,False,0,True,False,False,False,False,False,True
-0.8707467886768631,-1.1188008067964355,-0.0325185647802536,False,False,False,True,False,True,False,True,False,False,0,False,False,True,True,False,True,False
1.9941240375644456,1.6084834273893616,1.0011484313303363,True,True,True,False,True,True,True,False,False,True,0,True,True,False,True,False,False,False
0.7242386128186219,0.7536629957788878,0.45527934349665417,False,False,False,False,False,True,True,True,True,True,0,True,False,False,True,True,True,False
-0.5146713195108488,-0.7524491932490895,0.8252757161012472,False,True,False,False,False,True,False,False,False,False,0,False,False,False,True,True,False,True
-0.4602062616193024,-0.4268033145403377,-0.32619281568165726,False,False,False,True,True,False,False,True,False,False,0,False,False,False,False,False,False,True
0.8394911537015798,0.346605647392948,1.250024915145085,True,True,False,True,False,True,True,True,True,False,0,True,True,True,True,True,False,False
-0.6396489795578352,0.387311382231542,-1.466047111553207,False,False,True,False,False,True,False,False,False,False,0,False,False,False,False,False,False,False
-0.8925898892822999,-1.1595065416350294,0.1732193285066055,True,True,False,False,False,True,False,False,False,False,0,False,False,False,False,False,False,False
1.8712977582806076,1.6084834273893616,0.8435266582476619,False,True,True,False,True,True,True,True,False,True,0,True,True,False,False,False,False,False
-0.9728715163316286,-1.1595065416350294,-1.4892755833759168,False,False,False,False,False,True,False,False,False,False,0,False,True,False,False,False,False,False
-0.4574841063679717,-0.5082147842175256,-0.16359351292268806,True,False,False,False,False,True,True,False,False,True,1,False,False,False,False,True,False,False
-0.3773781022380835,-0.4268033145403377,0.010620025747636104,False,False,False,False,False,False,False,False,True,True,0,False,False,True,True,False,False,False
0.6483475587553105,0.18378270803857208,1.313073624378155,False,True,False,True,False,True,False,True,True,True,0,True,False,False,True,True,True,False
-0.9886556262163613,-1.2816237461508113,-0.5103614137045716,False,False,False,False,True,False,False,False,False,False,0,False,False,False,False,False,False,False
-0.20131612549878422,-0.5082147842175256,1.1156316138851208,True,True,False,True,False,True,False,False,False,False,1,True,False,True,True,True,False,False
-0.22109565680079277,-0.30468611002455576,0.32088604223668943,True,True,False,False,False,True,True,False,False,False,0,False,False,True,False,False,False,False
-0.8655000539585722,-1.1595065416350294,0.44864263726159415,True,True,False,True,False,False,False,False,False,True,0,True,False,False,False,False,False,False
-0.19038359876360075,1.6084834273893616,-1.3067661619117676,False,False,True,True,False,False,True,False,False,False,0,True,True,False,False,False,True,False
-0.7289093283635697,-0.019745966154397852,-1.5108448786398618,False,False,False,False,False,False,True,False,False,False,0,False,False,False,False,False,False,False
-0.4735975092266556,1.0793088744876398,-1.5075265255223318,False,False,True,False,False,False,True,False,False,False,0,False,True,False,False,False,True,False
-0.7392271748807107,0.1023712383613841,-1.5158224083161567,False,False,False,False,False,False,False,False,False,False,0,False,False,False,False,False,False,False
0.4909455172065853,0.8350744654560759,-0.06902044907308347,False,False,False,True,True,False,False,True,True,True,0,False,True,False,False,False,True,False
1.427454735124105,1.5677776925507676,0.4685527559667738,False,True,False,True,False,True,False,False,True,True,0,True,False,False,False,False,True,False
-0.5250769774877101,-0.8745663977648716,1.0924031420624107,False,True,False,False,False,True,False,False,False,False,0,True,False,True,True,True,False,False
-0.5404000772089109,0.7943687306174818,-1.4959122896109767,False,False,True,False,False,False,True,False,False,False,0,False,True,False,False,False,False,True
-0.3677627473987053,0.428017117070136,-0.986545086070124,False,False,False,True,True,True,False,False,True,False,0,False,False,True,False,False,True,False
-0.7844061709068301,-0.38609757970174374,-1.3051069853530026,False,False,True,False,False,True,True,False,False,False,0,True,True,False,False,False,True,False
-0.7621898715975819,-0.8745663977648716,-0.4771778825292717,True,False,False,False,True,False,True,False,False,False,0,False,True,False,True,True,False,False
0.297760305821818,-0.1825689055087738,1.352893861788515,True,True,False,True,False,True,False,False,False,True,0,True,False,True,True,True,False,False
1.7605675075732479,1.2421318138420157,1.152133498177951,False,True,False,False,True,True,True,False,True,False,0,True,True,False,True,True,True,False
-0.664280094009393,-0.7931549280876836,-0.1669118660402181,True,False,False,True,False,True,False,False,False,True,1,False,False,False,True,False,False,False
-0.3002357348737571,-0.6303319887333076,0.9779199595076267,True,True,False,False,True,True,False,False,False,True,0,True,False,False,True,False,False,False
-0.9029077357994408,-1.2002122764736234,0.7008374741938728,False,True,False,True,True,True,False,False,False,False,0,False,False,False,False,True,False,True
-0.9265290184642145,-1.1595065416350294,-0.6397771852882409,False,False,False,False,False,False,False,False,False,False,0,False,False,False,False,False,False,True
0.7534798289054979,0.590840056424512,0.7389985350454678,True,True,False,True,False,False,True,False,False,True,0,True,True,False,True,False,False,False
0.8049592971665525,1.4863662228735797,-0.19345869098045787,False,False,False,False,False,False,True,True,True,True,0,False,True,True,False,False,False,False
-0.9021832912567479,-1.2002122764736234,0.4702119325255387,True,True,False,False,True,True,False,False,False,True,0,False,False,False,False,False,False,False
-0.8783863856725334,-0.8745663977648716,-1.3250171040581826,False,False,True,False,False,False,True,False,False,False,0,True,True,False,False,False,False,True
-0.6842132953659121,-0.9966836022806536,0.9795791360663916,False,True,False,False,False,True,False,False,False,False,1,False,False,True,True,True,True,False
-0.9757692945024001,-1.1595065416350294,-1.5241182911099815,False,False,False,True,False,False,False,False,False,False,0,False,False,False,False,False,False,True
0.253722858772063,0.8350744654560759,-0.37596811244460704,True,False,False,False,True,True,False,True,True,True,0,False,False,True,True,False,False,False
-0.8270386346010594,-0.5082147842175256,-1.4909347599346818,True,False,False,False,False,False,True,False,False,False,0,False,True,False,False,False,False,False
-0.9161233604873532,-1.1188008067964355,-0.6480730680820658,False,False,False,True,False,False,False,True,False,False,1,False,False,True,True,False,True,False
-0.8932265223652723,-1.1595065416350294,0.16990097538907525,False,True,False,False,False,True,False,False,False,False,0,False,False,False,False,False,True,False
0.6785327480341804,1.2014260790034217,0.0056424960713409395,False,False,True,False,True,True,False,True,False,False,0,False,False,False,False,True,False,True
0.7417569990328314,0.46872285190873,0.8037064208373025,False,True,False,False,False,False,False,False,True,True,1,False,False,True,False,True,True,False
-0.9848797334483863,-1.2002122764736234,-1.497571466169742,False,False,False,True,False,True,False,False,False,False,0,False,False,False,False,False,False,True
1.618027555582192,1.6084834273893616,0.6394479415195682,False,False,True,False,True,True,True,True,False,False,0,True,True,True,True,True,False,False
-0.8969804622683173,-0.8338606629262776,-1.5008898192872717,False,False,True,True,False,False,True,False,False,False,0,False,True,False,False,False,False,True
-0.9295585138245666,-1.2409180113122174,1.067515493680936,True,True,False,True,True,False,True,False,False,False,0,False,True,False,True,True,False,False
-0.6349730193277267,0.631545791263106,-1.5158224083161567,False,False,True,True,False,False,True,False,False,False,0,False,False,False,False,False,False,True
-0.9072983087854583,-1.1595065416350294,-0.28305422515376755,True,False,False,True,False,True,False,False,False,False,0,False,False,False,True,False,False,False
0.2613624557677334,0.06166550352279012,0.6776090023711627,True,True,False,False,False,False,False,False,False,False,0,True,False,False,True,False,False,False
1.052302226333845,1.2014260790034217,0.3109309828840996,False,False,False,True,True,True,False,False,True,True,0,False,False,False,True,True,True,False
-0.9749131327701268,-1.2816237461508113,0.5282831120823135,False,True,False,True,False,True,False,False,False,False,0,False,False,False,False,True,False,True
0.8142892647618395,0.8350744654560759,0.41379992952752936,False,False,False,True,True,False,True,True,True,False,0,True,False,True,True,False,False,False
-0.1591227191031566,-0.4268033145403377,0.8236165395424823,False,True,False,True,False,True,True,False,False,False,1,False,False,False,True,True,False,False
1.3013135732358239,1.6084834273893616,0.2677923923562099,False,False,True,False,True,True,False,True,False,True,0,False,False,True,False,True,True,False
-0.8817012682769765,-1.2002122764736234,1.0111034906829266,True,True,False,False,False,False,False,False,False,True,0,False,False,False,True,True,False,False
-1.0016956279848332,-1.2816237461508113,-1.4959122896109767,False,False,False,True,False,False,True,False,True,False,0,False,True,False,False,False,True,False
2.080135362360527,1.4049547531963917,1.296481858790505,True,True,True,False,False,True,False,True,False,True,0,True,True,False,True,True,False,False
-0.8993294188158366,-1.1595065416350294,-0.017585975751368575,False,False,False,False,False,True,False,True,False,False,0,True,False,False,True,False,False,True
-0.7882918279994555,-0.2639803751859618,-1.4892755833759168,False,False,False,True,False,True,True,False,True,False,0,False,True,False,False,False,False,False
-0.9377688853084193,-1.2409180113122174,0.6991782976351079,True,True,False,True,False,True,False,False,False,False,0,True,False,False,False,True,False,False
-0.9936608794204211,-1.2409180113122174,-1.4925939364934466,False,False,False,False,False,False,False,False,False,False,0,False,False,False,False,False,False,True
0.290954917693491,-0.22327464034736777,1.3180511540544502,False,True,False,True,False,True,False,True,True,True,1,True,False,False,True,True,False,False
0.4927017464009923,1.2828375486806096,-0.34278458126930716,True,False,True,False,False,True,True,True,False,True,0,False,True,False,True,True,False,False
-0.7163083838936997,-0.5896262538947137,-0.8587884910452199,True,False,False,False,False,True,True,False,False,False,0,False,False,True,True,False,False,False
1.313694989056393,1.4049547531963917,0.49012205123071895,True,False,True,True,True,True,True,False,False,False,0,True,True,True,True,True,False,False
0.7570581458891023,0.7129572609402939,0.3507512202944595,True,False,False,True,True,False,True,True,True,False,0,False,True,False,True,True,False,False
0.8050251557613429,0.26519417771576004,1.319710330613215,False,True,False,False,True,True,True,True,True,False,0,False,False,True,True,True,True,False
-0.8476743276353413,-1.1595065416350294,0.7804779490145926,True,True,False,True,False,True,False,False,False,False,0,False,False,False,True,True,False,False
-0.5126736088022108,-0.8745663977648716,1.29814103534927,False,True,False,False,False,True,True,True,False,False,1,True,False,True,True,True,False,False
-0.9390421514743642,-1.2409180113122174,0.5498524073462585,False,True,False,False,False,False,False,False,False,False,1,False,False,False,True,False,False,True
-0.8521966178109394,-0.6710377235719016,-1.5141632317573919,False,False,False,False,False,True,False,False,True,False,0,False,True,False,False,False,False,False
0.422891635923315,0.22448844287716607,0.6411071180783331,False,True,False,False,False,True,False,True,False,True,0,False,False,True,False,False,True,False
2.0286119883696125,1.6084834273893616,0.9795791360663916,False,True,True,False,True,True,True,False,False,True,0,True,False,False,False,True,True,False
-0.6986582804899095,-0.5489205190561197,-0.8372191957812748,True,False,False,False,False,True,False,False,False,True,0,False,False,False,False,True,False,False
-1.0016078165251128,-1.2816237461508113,-1.4892755833759168,False,False,False,True,False,False,False,False,False,False,0,False,False,False,False,False,False,True
0.34550778704475765,0.387311382231542,0.27276992203250505,True,False,False,True,False,False,True,True,True,False,0,False,True,True,True,True,False,False
-0.8596166861573088,-0.9966836022806536,-0.6762790695810708,False,False,True,True,True,True,False,True,False,False,0,False,True,False,False,True,False,True
-0.5187106466579848,0.9571916699718578,-1.497571466169742,False,False,True,False,False,True,True,False,False,False,0,False,True,False,False,False,True,False
0.9597709006535274,1.2014260790034217,0.21469874247573031,False,False,False,True,True,False,True,True,True,False,0,False,True,True,False,True,True,False
-0.9579435681791694,-1.2409180113122174,-0.38094564212090193,True,False,False,True,True,False,False,False,False,False,0,False,False,True,False,False,False,False
0.12068849729573465,0.1023712383613841,0.34079616094186965,True,True,False,True,False,True,True,False,False,False,0,True,False,False,False,False,False,False
-0.7572285241233822,-0.10115743583158582,-1.497571466169742,False,False,False,True,False,False,True,False,True,False,0,False,False,False,False,False,True,False
1.2700746464403099,1.0793088744876398,0.841867481688897,False,False,True,False,True,False,True,True,False,True,0,True,True,True,True,True,True,False
2.1151940876538764,1.3235432835192036,1.4308751600504692,False,True,False,False,False,True,True,True,True,True,0,True,False,True,True,True,True,False
1.8055489278149965,1.2014260790034217,1.1687252637656007,True,True,False,False,False,True,False,False,True,False,0,True,True,True,True,True,False,False
0.15181765976659833,0.30589991255435406,-0.10054480368961842,False,False,False,True,True,True,False,True,False,True,0,False,False,False,False,False,False,True
0.04545602918032589,-0.3453918448631497,1.152133498177951,False,True,False,True,False,True,False,False,False,True,0,True,False,False,True,True,False,False
-0.3998578359264928,-0.7117434584104956,0.7705228896620027,True,True,False,False,False,False,True,False,False,False,0,False,False,False,True,True,False,False
-0.07502129355599267,0.1023712383613841,-0.13040998174738822,False,False,False,True,True,False,True,False,False,True,0,False,False,True,False,False,False,True
0.9310785061899034,0.7536629957788878,0.6825865320474579,False,False,True,False,True,False,True,True,False,True,0,False,True,True,True,True,True,False
-0.6678803638579273,-0.4675090493789317,-0.9599982611298843,False,False,False,True,False,True,False,True,False,True,0,False,False,False,False,False,False,True
1.6089829752309959,1.3642490183577978,0.8335715988950722,False,False,True,False,True,True,False,True,False,True,0,True,False,True,True,True,True,False
1.6238670176535952,1.5677776925507676,0.5664441729339085,False,False,True,False,True,True,True,True,False,False,0,False,True,True,True,True,True,False
1.4534469272013282,0.9978974048104517,1.1836578527944854,True,True,False,False,False,True,True,False,False,True,0,True,True,False,True,True,False,False
-0.9704127954594589,-1.2409180113122174,-0.5203164730571613,True,False,False,True,True,True,False,False,False,False,1,False,False,False,False,False,False,False
-0.8097178241712207,-1.0780950719578415,0.5266239355235486,True,True,False,True,False,True,True,False,False,False,1,True,False,True,False,False,False,False
-0.5854693089103801,0.5501343215859179,-1.5108448786398618,False,False,True,False,False,False,True,False,False,False,0,False,True,False,False,False,False,True
-0.17574103785523265,-0.30468611002455576,0.3507512202944595,True,True,False,True,False,True,True,False,False,True,0,False,True,False,False,False,False,False
-0.9956146843991991,-1.2409180113122174,-1.4892755833759168,False,False,False,True,False,False,False,False,False,False,0,False,False,False,False,False,False,True
0.029452390646292403,-0.30468611002455576,0.8020472442785371,True,True,False,False,False,True,True,False,False,False,0,True,True,True,False,True,False,False
-0.58296668230835,0.18378270803857208,-1.205556391827103,False,False,False,False,False,False,False,True,False,False,0,False,False,False,False,False,True,False
0.486598849950428,0.020959768684196134,1.309755271260625,True,True,False,False,False,True,True,False,False,True,0,True,False,True,True,True,False,False
-0.8855649725046719,-0.6710377235719016,-1.4992306427285067,False,False,True,True,False,False,False,False,False,False,0,False,False,False,False,False,False,True
-0.6471129536340648,-0.9559778674420595,1.0276952562705766,False,True,False,True,False,True,False,True,False,False,0,False,False,False,True,True,False,False
-0.9905216197354186,-1.2816237461508113,-0.6513914211995958,True,False,False,True,False,False,False,False,False,False,0,False,False,False,False,False,False,False
-0.9689200006442129,-1.1595065416350294,-1.477661347464562,False,False,False,False,False,False,False,False,False,False,0,False,True,False,False,False,True,False
0.4105321729676759,0.1023712383613841,0.881687719099257,False,True,False,True,False,True,True,True,False,False,0,True,False,False,True,False,True,False
-0.7052441399689358,0.18378270803857208,-1.497571466169742,True,False,False,False,False,True,False,False,True,False,0,False,False,False,False,False,False,False
1.6851813694033286,0.9571916699718578,1.512174811429954,True,True,False,False,True,False,False,False,True,True,1,True,False,True,True,True,False,False
-0.8083347936806251,-0.22327464034736777,-1.5108448786398618,False,False,False,True,False,True,False,False,False,False,0,False,False,False,False,False,True,False
-0.6839718138516812,0.22448844287716607,-1.477661347464562,False,False,True,True,False,False,True,False,False,False,0,False,False,False,False,False,False,False
-0.767743946424894,-0.6710377235719016,-0.9765900267175343,False,False,False,False,False,True,True,False,False,False,0,False,True,False,False,True,True,False
2.056689702615194,1.3235432835192036,1.3462571555534548,True,True,False,False,False,True,True,False,False,True,0,True,True,True,True,True,False,False
-0.67108548213772,-0.7524491932490895,-0.19345869098045787,False,False,False,False,False,False,False,True,True,False,0,False,False,False,False,True,True,False
-0.8006732438200247,-1.1188008067964355,0.8153206567486573,True,True,False,True,False,True,False,False,False,False,1,False,False,False,True,True,False,False
2.311211218614625,1.6084834273893616,1.3728039804936945,False,True,True,True,False,True,True,False,False,True,0,True,False,True,True,True,False,False
-0.9162111719470736,-1.1595065416350294,-0.4722003528529765,True,False,False,False,False,False,False,False,False,False,0,True,False,False,False,False,False,False
-0.5468103137684964,-0.5082147842175256,-0.3626946999744871,False,False,False,True,True,False,False,True,True,False,1,False,False,False,False,False,False,True
-0.532848291672961,0.9978974048104517,-1.4876164068171518,False,False,True,False,False,True,True,False,False,False,0,False,True,False,False,False,False,False
1.6585086385132726,1.3235432835192036,0.9828974891839214,False,True,True,True,True,False,True,True,False,True,0,True,True,True,False,False,True,False
-0.8691881352668268,-1.1595065416350294,0.6875640617237531,True,True,False,False,False,True,False,False,False,False,0,True,False,False,True,False,False,False
-0.7363733024397993,-0.019745966154397852,-1.4992306427285067,False,False,False,False,False,False,False,False,True,False,0,False,False,False,False,False,False,False
-0.6136348346156818,0.5094285867473239,-1.5174815848749215,True,False,True,True,False,False,True,False,False,False,0,False,True,False,False,False,False,False
-0.22041511798796007,-0.4268033145403377,0.6012868806679732,True,True,False,True,False,False,False,False,False,False,0,True,False,False,False,True,False,False
0.3068707447678042,0.06166550352279012,0.7937513614847123,False,True,False,True,False,False,True,False,False,True,0,True,False,False,False,True,False,True
0.8068033378206797,0.590840056424512,0.7307026522516428,False,False,False,True,True,True,False,True,True,True,0,False,False,True,True,True,False,False
-0.8397932491254402,-0.5896262538947137,-1.4892755833759168,False,False,True,True,False,False,False,False,False,False,0,False,False,False,False,False,True,False
-0.975461954393379,-1.2816237461508113,0.4868036981131887,True,True,False,False,False,True,False,False,False,False,0,False,True,False,False,True,False,False
-0.8890115722986955,-1.0780950719578415,-0.6713015399047756,False,False,False,True,False,False,False,False,False,False,1,False,False,False,False,False,True,False
-0.4540375065739479,0.14307697319997809,-0.998159321981479,False,False,False,False,False,True,False,True,False,True,0,False,False,False,False,False,False,False
0.15796446194702274,0.1023712383613841,0.2827249813850949,False,False,False,True,False,True,True,True,True,False,0,True,True,False,True,True,False,False
-0.004442832805762342,-0.30468611002455576,0.7970697146022425,True,True,False,True,False,True,False,False,False,True,1,True,False,False,True,False,False,False
-0.8952461859388403,-1.1188008067964355,-0.45063105758903166,True,False,False,True,False,True,False,False,False,True,0,False,False,False,False,False,False,False
-0.921611576719875,-1.1595065416350294,-0.5535000042324613,False,False,False,False,True,False,False,True,False,False,0,False,False,True,False,True,False,True
0.22467921846955785,0.590840056424512,-0.20009539721551794,False,False,False,False,True,True,False,True,True,True,0,False,False,False,False,False,False,True
-0.12312002061781359,0.7943687306174818,-0.8305824895462149,True,False,False,True,True,True,True,False,False,False,0,False,False,False,False,True,False,False
-0.982794211280028,-1.1595065416350294,-1.462728758435677,False,False,False,False,False,False,True,False,False,False,0,False,True,False,False,False,False,True
0.5948923326505482,1.4456604880349857,-0.395878231149787,True,False,True,False,False,True,True,False,False,True,1,False,True,True,True,True,False,False
-0.8218138527476987,-0.4675090493789317,-1.4743429943470319,False,False,False,True,False,False,False,False,True,False,1,False,False,False,False,False,False,False
1.9407566229194038,1.2828375486806096,1.309755271260625,False,True,False,False,True,True,True,True,True,False,0,True,True,False,True,True,False,False
-0.9751765671492878,-1.2816237461508113,0.5083729933771337,True,True,False,False,False,True,False,False,False,False,0,False,False,False,True,False,False,False
-0.9688980477792828,-1.2409180113122174,0.04878108659923111,False,False,False,True,True,False,False,False,False,False,1,False,False,True,True,False,False,False
1.0096697626396156,0.9164859351332638,0.6693131195773377,True,True,False,False,True,True,True,False,False,True,0,True,True,False,False,False,False,False
2.3307053626725422,1.6084834273893616,1.3379612727596297,False,True,True,True,True,False,True,False,False,False,0,True,True,True,True,True,False,False
-0.9996979172761952,-1.2816237461508113,-1.3449272227633626,False,False,False,False,False,False,False,False,False,False,0,False,False,False,False,False,False,True
-0.49921650260006745,-0.8338606629262776,1.1687252637656007,False,True,False,False,False,True,False,False,False,False,0,True,False,True,True,True,False,False
1.6414512624625948,1.0793088744876398,1.2002496183821352,True,True,False,False,False,False,True,False,False,True,0,True,False,False,True,True,False,False
1.8886844273052368,1.2421318138420157,1.2765717400853254,True,True,False,True,False,True,True,False,False,True,0,True,False,True,True,True,False,False
-0.8989342672470949,-0.9152721326034655,-1.3449272227633626,False,False,False,True,False,True,True,False,False,False,0,True,True,False,False,False,False,True
-0.7593799048865307,-0.3453918448631497,-1.3349721634107725,False,False,True,False,False,False,True,False,False,False,0,True,True,False,False,False,False,True
1.9312949381345361,1.3235432835192036,1.2998002119080347,False,True,True,True,False,True,True,True,False,False,0,True,True,True,True,True,False,False
-0.40874874622317814,-0.5082147842175256,0.1317399145374807,False,False,False,False,False,True,False,True,False,True,0,True,False,False,False,True,True,False
0.30028488528877806,0.631545791263106,-0.14368339421750811,False,False,False,False,True,True,True,True,True,False,0,True,False,False,False,False,False,False
1.1765993475679983,1.2014260790034217,0.5133505230534289,False,False,False,True,False,True,False,True,False,True,0,False,False,True,True,True,False,False
-0.9635195958714114,-1.0780950719578415,-1.5075265255223318,False,False,False,False,False,False,False,False,False,False,1,False,False,False,False,False,False,False
-0.443456225677646,-0.3453918448631497,-0.33614787503424737,False,False,False,True,False,False,False,False,False,True,1,True,False,False,False,False,True,False
-0.13071571188362383,0.06166550352279012,-0.13538751142368316,False,False,False,False,True,True,True,True,False,False,0,True,False,False,False,False,False,False
-0.33520664870738603,0.5501343215859179,-1.0363203828330738,False,False,False,True,False,False,False,True,True,False,0,False,False,True,False,False,True,False
-0.4689874075913373,-0.2639803751859618,-0.6464138915233006,True,False,False,True,False,False,False,False,False,False,0,False,False,False,False,False,False,False
-0.8195088019300395,-0.5489205190561197,-1.3299946337344775,False,False,False,False,False,True,True,False,False,False,0,False,True,False,False,False,False,True
-0.46499198617406146,-0.3453918448631497,-0.34278458126930716,False,False,False,True,False,False,False,True,True,False,0,True,False,False,False,False,False,False
1.527164647636561,0.9978974048104517,1.2068863246171952,False,True,True,False,True,False,False,True,False,False,1,True,False,True,False,True,True,False
-0.3774439608328737,1.4456604880349857,-1.5042081724048018,False,False,True,False,False,False,False,False,False,False,0,False,False,False,False,False,True,False
-0.6848938341787448,-0.8338606629262776,0.30595345320780487,True,False,False,True,False,True,True,True,False,False,0,False,False,True,True,True,False,False
-0.6183327477107206,-0.8338606629262776,0.3872531045872891,True,True,False,False,False,True,False,False,False,False,0,True,True,False,False,False,False,False
-0.11624877389469636,0.30589991255435406,-0.46722282317668157,True,False,False,False,False,True,True,False,False,True,0,False,True,False,True,True,False,False
-0.14289955191982223,-0.38609757970174374,0.7257251225753476,True,True,False,True,False,False,True,False,False,False,1,True,False,False,False,True,False,False
-0.8870358144549877,-1.1595065416350294,0.1815152113004305,True,True,False,False,False,False,False,False,False,False,0,False,False,False,False,False,False,False
0.4963239691144567,1.4049547531963917,-0.4771778825292717,False,False,False,False,False,False,True,False,True,True,0,False,True,False,False,False,True,False
-0.037701423174844435,0.1023712383613841,-0.09224892089579345,False,False,False,False,True,True,True,False,True,False,0,False,False,False,True,False,False,False
-0.6342924805148938,-0.9152721326034655,0.7207475928990529,True,True,False,True,False,True,True,False,False,False,1,True,False,False,False,True,False,False
-0.9631683500325302,-1.0780950719578415,-1.477661347464562,False,False,True,True,False,True,True,False,False,False,0,False,True,False,False,False,True,False
-0.6348852078680063,-0.9152721326034655,0.6742906492536329,True,True,False,True,False,True,True,False,False,False,0,True,False,False,False,True,False,False
-0.29035694565521786,-0.6303319887333076,1.0193993734767515,False,True,False,True,False,True,False,True,False,False,0,True,False,True,False,True,False,False
1.6543375941765561,1.3235432835192036,0.9497139580086216,True,True,False,True,True,False,False,True,True,False,0,True,False,False,False,True,False,False
-0.9395031616378962,-1.2409180113122174,0.8153206567486573,True,True,False,False,False,False,False,False,False,True,1,True,False,False,False,True,False,False
1.0611711837656002,0.6722515261016999,1.0376503156231662,True,True,False,True,False,True,False,False,False,False,1,True,False,False,True,True,False,False
1.4838296922645686,0.7536629957788878,1.4109650413452897,False,True,False,False,True,False,False,False,True,True,0,True,False,True,True,True,False,False
2.5203342099386354,1.6084834273893616,1.5702459909867288,False,True,True,True,False,True,True,True,False,True,0,True,True,True,True,True,False,False
0.2887376783355521,0.46872285190873,0.13008073797871536,False,True,False,True,False,False,False,False,False,False,0,False,False,False,False,False,True,False
0.20259463634989006,0.387311382231542,0.052099439716760905,False,False,True,False,False,False,False,True,False,False,0,False,False,True,False,True,True,False
-0.9900386567069568,-1.2409180113122174,-1.3416088696458326,True,False,False,False,False,False,False,False,False,False,0,False,False,False,False,False,False,False
0.13241132716840134,-0.1825689055087738,0.9098937205982617,False,True,False,False,True,True,True,False,False,False,0,False,False,False,True,True,False,True
-0.13528190778908192,0.06166550352279012,-0.12211409895356326,False,False,False,False,True,False,True,True,True,False,0,False,True,True,True,True,False,True
0.08020741436465395,-0.06045170099299184,0.4768486387605988,False,False,False,True,False,True,True,True,True,False,0,True,False,True,True,True,False,True
-1.0018492980393439,-1.2816237461508113,-1.5075265255223318,False,False,False,False,False,False,False,False,False,False,0,False,False,False,False,False,False,True
-0.32811587333496783,-0.4268033145403377,0.14335415044883548,True,True,False,False,False,True,True,False,False,False,0,False,False,False,False,False,False,False
-0.9390860572042246,-1.2409180113122174,0.38393475146975936,True,True,False,True,False,True,False,False,False,False,0,True,False,False,False,False,False,False
2.485451107564727,1.6084834273893616,1.5154931645474838,False,True,True,True,False,True,True,True,False,True,0,True,False,True,True,True,True,False
-0.828180183577424,-0.9966836022806536,-0.46058611694162177,True,False,False,True,False,True,True,False,False,False,0,False,True,True,False,False,False,False
0.9776405327066183,1.6084834273893616,-0.015926799192603674,False,False,True,False,True,False,True,True,False,True,0,False,True,True,True,True,False,False
-0.6386171949061211,-0.6303319887333076,-0.48547376532309666,False,False,False,True,True,True,False,False,False,False,0,False,True,False,False,False,False,True
2.1087399453644307,1.6084834273893616,1.064197140563406,False,True,True,False,True,True,True,True,False,True,0,True,False,True,False,False,False,False
0.38458388662031284,1.3642490183577978,-0.5817060057314661,False,False,True,False,True,True,False,True,False,True,0,False,False,True,False,False,False,True
0.1469660766170492,0.1023712383613841,0.3457736906181643,False,True,False,True,False,False,False,False,False,False,0,True,False,False,False,False,True,False
-0.9027760186098602,-1.1595065416350294,-0.2714399892424126,True,False,False,True,True,False,False,False,False,False,0,False,False,True,False,False,False,False
-0.40459965475139165,1.6084834273893616,-1.5008898192872717,False,False,True,False,False,False,True,False,False,False,0,False,True,False,False,False,True,False
1.386490689164562,1.3235432835192036,0.6610172367835129,False,False,True,False,True,True,False,True,False,True,0,False,False,True,True,True,False,False
-0.39017662249232427,1.4863662228735797,-1.4842980536996218,False,False,True,False,False,False,True,False,False,False,0,False,True,False,False,False,False,False
0.915382207764891,1.3235432835192036,0.2014253300056102,False,False,True,False,True,False,True,False,False,True,0,False,False,True,False,True,False,False
0.3325116910061461,0.22448844287716607,0.5100321699358986,False,False,False,False,True,False,True,True,True,True,0,False,True,False,True,True,True,False
-0.02338815524042743,-0.3453918448631497,0.9314630158622067,True,True,False,True,False,True,True,False,False,False,0,True,False,False,True,True,False,False
-0.7686659667519576,-1.1188008067964355,1.3396204493183947,True,True,False,True,False,False,False,False,False,True,0,True,False,True,True,True,False,False
-0.4228863912381542,-0.3453918448631497,-0.3378070515930122,True,False,False,True,True,False,True,False,False,False,0,True,True,False,False,False,False,False
-0.9993247185723837,-1.2816237461508113,-1.3167212212643575,True,False,False,False,False,False,False,False,False,False,0,False,False,False,False,False,False,False
1.8530768803886353,1.1607203441648277,1.4209201006978793,True,True,False,True,True,True,False,False,True,True,0,True,False,True,True,True,False,False
1.5939672156188163,1.5270719577121736,0.697519121076343,False,False,True,True,False,True,True,True,False,True,0,True,True,True,True,True,True,False
-0.999390577167174,-1.2816237461508113,-1.3216987509406526,False,False,False,False,False,True,False,False,False,False,0,False,False,False,False,False,False,True
-0.8592873931833575,-1.0373893371192475,-0.6364588321707109,False,False,False,True,False,True,False,False,False,False,1,False,True,False,False,False,False,True
-1.001651722254973,-1.2816237461508113,-1.4925939364934466,False,False,False,True,False,False,True,False,False,False,0,False,True,False,False,False,False,False
0.5443348847165573,0.5094285867473239,0.5432157011111984,False,False,False,False,True,False,True,True,False,True,0,True,True,True,True,False,False,True
-0.7340023930273499,-0.9152721326034655,-0.13206915830615312,False,False,False,False,False,True,False,True,False,False,0,False,False,False,False,True,False,True
-0.14336056208335404,-0.1418631706701798,0.19312944721178524,True,True,False,True,False,True,True,False,False,False,0,False,True,False,False,False,False,False
0.6560091086159109,1.0386031396490458,-0.0009942101637186523,False,False,True,False,True,True,False,True,False,True,0,False,False,True,False,False,True,False
-0.4558595943631452,1.4049547531963917,-1.4892755833759168,False,False,True,False,False,True,True,False,False,False,1,False,False,False,False,False,False,False
-0.4993262669247179,-0.7524491932490895,0.6991782976351079,False,True,False,False,True,True,False,True,False,False,0,True,True,False,False,False,False,True
-0.5182057307645929,0.5094285867473239,-1.3084253384705327,False,False,True,False,False,False,True,False,False,False,0,True,False,False,False,False,False,True
0.7982417204979456,1.4049547531963917,-0.13206915830615312,False,False,False,True,True,True,True,True,True,True,1,False,False,False,False,False,False,False
0.26781659805717917,-0.06045170099299184,1.127245849796476,True,True,False,False,False,True,True,True,False,False,1,False,True,True,True,True,False,False
-0.930634204206141,-1.2409180113122174,0.9646465470375066,True,True,False,True,False,True,False,False,False,False,1,True,False,False,True,True,False,False
-0.6953873036153265,0.18378270803857208,-1.4959122896109767,False,False,False,False,False,True,True,False,True,False,0,False,False,False,False,False,False,False
1.0995447916633925,1.3235432835192036,0.3076126297665698,False,False,True,True,False,True,False,True,False,True,0,True,False,True,False,True,True,False
-0.9239605332673944,-1.2409180113122174,1.0028076078891015,True,True,False,False,False,True,False,False,False,False,0,True,False,False,True,True,False,False
-0.9708738056229906,-1.2002122764736234,-1.1707136840930383,False,False,False,False,False,False,False,False,False,True,0,False,True,False,False,False,False,True
1.50426780951448,1.6084834273893616,0.5282831120823135,False,False,True,True,True,True,True,True,False,True,0,True,True,True,True,False,False,False
-0.6942677075038921,0.14307697319997809,-1.462728758435677,False,False,False,True,False,False,True,False,True,False,0,False,False,False,False,False,False,False
1.649815304000958,1.6084834273893616,0.712451710105228,False,False,True,False,True,True,True,True,False,True,0,True,False,False,True,True,False,False
-0.6884282454324889,-0.5489205190561197,-0.8388783723400399,True,False,False,True,False,True,False,False,False,False,0,False,False,True,True,False,False,False
0.15539597675020259,-0.30468611002455576,1.3611897445823398,False,True,False,True,False,False,False,False,False,True,1,True,False,True,True,True,False,True
-0.9609072049447311,-1.0780950719578415,-1.4677062881119718,False,False,False,False,False,False,False,False,False,False,0,False,False,False,False,False,False,True
-1.0017834394445535,-1.2816237461508113,-1.5025489958460367,False,False,False,True,False,False,False,False,False,False,0,False,False,False,False,False,False,True
0.8313685936774475,1.0793088744876398,0.23792721429843983,False,False,True,False,False,True,True,True,False,False,0,True,True,True,True,False,False,False
-0.9203822162837901,-1.2002122764736234,0.48016699187812906,True,True,False,False,False,True,False,False,False,True,1,True,False,False,False,False,False,False
-0.6691316771589423,-0.9152721326034655,0.35904710308828447,False,True,False,False,False,True,False,False,False,False,0,True,False,False,False,False,False,True
-0.4830372411465931,-0.7931549280876836,0.8485041879239571,True,True,False,True,False,True,False,False,False,False,1,False,False,False,True,True,False,False
-0.45952572280646975,-0.4268033145403377,-0.1967770440979879,True,False,False,True,True,False,False,False,False,True,0,True,False,False,False,False,False,False
2.447165311126655,1.6084834273893616,1.4607403381082393,False,True,True,True,True,True,True,True,False,True,0,True,False,False,True,True,True,False
0.8057056945741753,1.3642490183577978,-0.08063468498443846,False,False,True,False,True,True,False,True,False,True,0,False,False,True,True,True,False,False
-0.7917164749285492,-1.1188008067964355,0.9795791360663916,True,True,False,True,False,True,True,False,False,False,0,False,False,True,True,True,False,False
2.6290228442074977,1.6084834273893616,1.6299763471022684,False,True,True,True,True,True,True,True,False,True,0,True,True,True,True,True,True,False
-0.8610216695128344,-1.0373893371192475,-0.5385674152035762,True,False,False,True,False,False,True,False,False,False,0,False,True,True,False,False,False,False
2.0584678846745312,1.4049547531963917,1.2599799744976754,False,True,True,True,False,False,True,True,False,True,1,True,False,False,True,True,False,False
-0.9798086216495363,-1.2816237461508113,0.1582867394777205,False,True,False,False,False,False,False,False,False,False,0,False,False,False,False,False,False,False
-0.01594613402912795,0.46872285190873,-0.5269531792922214,True,False,False,False,False,True,False,False,True,False,0,False,False,True,True,True,False,False
-0.38611534248025814,1.6084834273893616,-1.5008898192872717,False,False,True,True,False,False,True,False,False,False,0,False,False,False,False,False,True,False
1.4340186417382008,0.9978974048104517,1.0077851375653963,False,True,False,False,False,True,True,True,False,True,1,False,True,True,True,False,True,False
-0.9136207338853234,-1.1188008067964355,-0.6679831867872458,False,False,False,False,False,False,True,False,False,False,0,False,True,False,False,False,False,True
-0.9702810782698783,-1.1595065416350294,-1.4859572302583868,True,False,False,False,False,False,True,False,False,False,0,False,False,False,False,False,False,False
1.9507012707327331,1.3235432835192036,1.3313245665245697,False,True,False,False,False,True,False,True,True,True,0,True,False,False,True,True,False,False
-0.22981094417803732,-0.5489205190561197,1.0276952562705766,False,True,False,True,False,True,False,False,False,False,1,False,False,True,True,True,True,False
-0.8639194476836058,-1.0373893371192475,-0.6696423633460107,True,False,False,True,False,False,True,False,False,False,0,False,True,False,False,False,False,False
-0.6082344298428803,0.631545791263106,-1.4959122896109767,False,False,True,True,False,False,False,False,False,False,0,False,False,False,False,False,True,False
-0.3776854423471047,-0.5489205190561197,0.27442909859126996,True,True,False,False,True,True,True,False,False,False,0,False,False,False,False,False,False,False
-0.9883921918372003,-1.2816237461508113,-0.49045129499939155,False,False,False,True,False,True,False,False,False,False,1,False,True,True,False,False,False,True
-0.61067119785012,-0.5489205190561197,-0.49211047155815646,False,False,False,True,False,False,True,False,False,False,0,True,True,False,False,False,True,False
1.201625613588298,0.7536629957788878,1.1305642029140057,True,True,False,True,False,True,False,False,False,True,0,False,False,True,True,True,False,False
-0.5483470143136024,-0.8338606629262776,0.8236165395424823,False,True,False,False,False,True,False,False,False,True,0,True,False,False,True,False,False,False
-0.6581332918289686,0.346605647392948,-1.4859572302583868,False,False,True,True,False,False,False,False,False,False,0,False,False,False,False,False,False,True
1.1287640548853386,0.8350744654560759,0.9463956048910918,True,True,False,False,False,True,True,True,True,False,0,False,False,False,True,True,False,False
-0.9906972426548594,-1.2816237461508113,-0.6646648336697157,False,False,False,False,False,True,False,False,False,False,0,False,False,False,False,False,False,False
-0.5654922018240006,-0.7524491932490895,0.3374778078243394,True,True,False,True,False,True,True,False,False,False,1,True,False,False,False,False,False,False
1.7585039382698198,1.5270719577121736,0.7837963021321224,False,False,True,True,True,True,True,True,False,True,1,True,False,True,True,True,True,False
0.12573765622965472,-0.06045170099299184,0.48182616843689396,False,False,False,True,False,True,False,True,True,True,0,True,True,False,True,True,False,True
2.5178315833366054,1.4456604880349857,1.734504470304463,False,True,False,True,True,True,False,True,True,True,0,True,False,True,True,True,True,False
0.8577120315935522,0.6722515261016999,0.6494030008721581,True,True,False,True,False,False,True,False,False,False,0,True,True,False,True,False,False,False
-0.6033608938284011,0.5501343215859179,-1.4925939364934466,False,False,True,False,False,True,True,False,False,False,0,False,True,False,False,False,False,True
-0.2453755254134692,-0.4675090493789317,0.473530285643069,True,True,False,False,False,False,True,True,True,False,0,False,False,True,False,False,False,False
1.4844224196176812,1.6084834273893616,0.44864263726159415,False,False,True,False,True,False,True,True,False,True,1,True,False,True,False,True,False,False
0.8337395030898969,0.5094285867473239,0.9613281939199768,False,True,False,True,False,True,False,False,False,False,1,True,False,False,True,True,False,False
2.1945536943761415,1.4456604880349857,1.3396204493183947,True,True,False,True,False,True,True,False,False,True,1,True,False,True,True,True,False,False
1.0793920616575725,1.5270719577121736,0.012279202306401001,False,False,True,False,True,False,True,True,False,False,0,True,False,True,False,False,True,False
-0.0037622939929295596,-0.38609757970174374,1.1620885575305409,False,True,False,True,True,True,False,False,True,False,0,False,False,True,True,True,True,False
-0.8604948007545123,-1.1595065416350294,0.7356801819279375,False,True,False,False,False,True,False,True,False,False,0,True,True,True,False,False,False,True
-0.9795890930002354,-1.2816237461508113,0.17487850506537042,True,True,False,False,False,True,False,False,False,False,1,False,False,False,False,False,False,False
0.44469083079889166,0.18378270803857208,1.0061259610066313,True,True,False,False,False,True,True,False,False,False,0,True,True,False,True,True,False,False
0.5462008782356147,0.18378270803857208,1.2267964433223755,False,True,False,False,False,True,False,False,False,True,0,True,False,True,True,True,False,False
1.7830252883967272,1.6084834273893616,0.7837963021321224,False,False,True,True,True,False,False,True,False,True,0,True,False,True,True,True,True,False
0.06099865755082766,0.46872285190873,-0.3626946999744871,True,False,False,True,True,True,False,False,True,False,0,False,False,True,True,True,False,False
-0.1630522819256422,-0.10115743583158582,-0.014267622633838777,False,False,False,True,False,False,False,False,True,True,0,False,True,True,True,False,True,False
1.464928275559764,0.8757802002946699,1.336302096200865,True,True,False,True,False,True,True,True,True,True,0,True,True,False,True,True,False,False
-0.9059372311597929,-1.1595065416350294,0.17487850506537042,True,True,False,True,False,True,False,False,False,False,0,False,False,False,False,False,False,False
-0.8413738554004063,-1.1188008067964355,0.505054640259604,True,True,False,True,False,True,True,False,False,True,0,True,True,False,False,False,False,False
-0.7099201001990443,0.1023712383613841,-1.4842980536996218,False,False,True,True,False,True,False,False,False,False,0,False,False,False,False,False,False,True
0.3812031454210795,0.7943687306174818,-0.11879574583603324,False,False,False,True,False,False,True,True,False,True,0,True,False,False,False,False,False,False
2.3370497406373376,1.6084834273893616,1.4922646927247742,True,True,True,False,True,True,False,True,False,True,0,False,False,True,True,True,False,False
1.3630450294192291,0.7129572609402939,1.4839688099309494,False,True,False,False,True,True,True,True,False,True,0,True,False,False,True,True,False,False
-0.8806475307603324,-0.6710377235719016,-1.5125040551986266,False,False,False,False,False,False,False,False,True,False,0,False,False,False,False,False,True,False
0.5148960928453106,0.1023712383613841,1.0127626672416914,True,True,False,True,False,True,False,False,False,False,1,True,False,False,True,True,False,False
1.6994507316078853,1.5677776925507676,0.712451710105228,False,True,True,True,False,True,False,True,False,False,0,True,False,True,False,False,True,False
1.8206524988868966,1.0793088744876398,1.5005605755185993,True,True,False,True,True,True,True,False,True,True,0,True,False,True,True,True,False,False
2.2163748421166485,1.5270719577121736,1.31141444781939,False,True,True,False,False,True,True,True,False,True,1,True,False,False,True,True,False,False
-0.9777889580759681,-1.2816237461508113,0.3109309828840996,False,True,False,True,False,True,False,True,False,False,0,False,False,False,False,False,False,True
0.2358751795839023,0.9164859351332638,-0.4406759982364418,False,False,False,False,False,False,True,False,False,False,1,True,False,False,False,False,False,False
2.3808237533079315,1.5270719577121736,1.6349538767785634,False,True,True,False,True,True,True,True,False,True,0,True,True,True,True,True,False,False
-0.7958655664003356,-1.0373893371192475,0.14003579733130567,False,True,False,True,False,False,False,False,False,False,0,False,False,False,False,False,False,False
1.2681867000563223,0.7129572609402939,1.1853170293532507,True,True,False,False,False,True,True,True,True,False,1,True,False,False,True,True,False,False
-0.4494054520736996,1.2828375486806096,-1.4842980536996218,False,False,True,False,False,False,True,False,False,False,0,False,True,False,False,False,False,True
-0.7633533734388764,-0.9966836022806536,0.16658262227154547,False,True,False,True,False,True,False,False,False,False,1,False,False,False,False,False,True,False
1.1430992756846856,1.1607203441648277,0.5714217026102036,True,True,False,True,False,True,True,False,False,True,1,True,False,False,False,False,False,False
-0.9798305745144662,-1.2816237461508113,0.1566275629189556,True,True,False,False,False,True,False,False,False,False,0,False,True,False,False,False,False,False
-0.5189521281722158,-0.38609757970174374,-0.5136797668221014,True,False,False,False,False,True,False,True,True,False,0,False,True,False,False,False,False,False
-0.6851572685579059,-0.8745663977648716,0.047121910040465745,True,False,False,False,False,True,True,True,False,False,0,True,True,False,False,True,False,False
-0.19475221888468813,-0.3453918448631497,0.4950995809070136,True,True,False,True,True,True,True,False,False,False,1,True,True,False,False,False,False,False
-0.7073516150022241,0.020959768684196134,-1.4710246412295018,False,False,False,True,False,False,True,False,True,False,0,False,True,False,False,False,False,True
-0.4503494252656933,0.8350744654560759,-1.3216987509406526,False,False,True,False,False,False,True,False,False,False,1,True,False,False,False,False,True,False
-0.811078901796886,-0.38609757970174374,-1.461069581876912,False,False,True,True,False,False,True,False,False,False,0,False,True,False,False,False,False,True
-0.49190619857834833,-0.7524491932490895,0.7091333569876977,True,True,False,False,False,True,False,False,False,True,0,False,False,False,False,True,False,False
1.494937841919193,1.5270719577121736,0.6527213539896879,False,True,True,True,True,False,True,True,False,True,0,False,False,False,False,False,False,False
-0.24524380822388867,-0.4268033145403377,0.473530285643069,True,False,False,False,True,True,True,True,False,False,0,True,False,False,True,True,False,False
-0.8736006611177745,-0.7117434584104956,-1.4992306427285067,False,False,False,True,False,False,False,False,False,False,0,False,False,False,False,False,False,True
2.0993660720392837,1.3235432835192036,1.4176017475803497,False,True,True,False,False,True,True,True,False,True,0,True,False,True,True,True,False,False
1.723818411680282,1.6084834273893616,0.680927355488693,False,False,True,True,False,True,True,True,False,True,0,True,False,True,True,True,True,False
2.007559190901659,1.2421318138420157,1.4126242179040545,True,True,False,False,False,True,True,False,True,True,0,True,False,True,True,True,False,False
-0.8705711657574223,-1.1188008067964355,0.1367174442137754,False,True,False,False,False,True,False,False,False,False,1,False,False,False,False,False,False,True
0.7080813042300779,0.1023712383613841,1.6017703456032637,False,True,True,False,True,True,False,True,False,True,0,True,False,True,True,True,False,True
-0.6478813039066178,-0.8745663977648716,0.33250027814804467,True,True,False,True,False,True,True,False,False,False,0,True,False,False,False,False,False,False
-0.9234775702389325,-1.1188008067964355,-0.6381180087294758,True,False,False,False,False,False,False,False,False,False,1,False,False,False,True,True,False,False
0.08600297070619689,-0.06045170099299184,0.473530285643069,False,False,True,False,False,False,False,True,False,True,0,False,False,True,True,True,False,True
-0.9879092288087384,-1.2816237461508113,-0.4539494107065617,False,False,False,True,False,False,False,True,False,False,0,False,False,False,False,False,False,True
0.006818986903372427,-0.019745966154397852,0.2877025110613896,False,False,True,False,True,False,True,True,False,True,0,False,True,True,False,True,False,True
-0.6899210402477348,-0.8745663977648716,-0.12211409895356326,True,False,False,True,False,True,False,False,True,True,0,False,False,False,True,False,False,False
0.9723059865286073,0.6722515261016999,0.8601184238353119,False,True,False,False,False,True,False,False,False,False,1,True,False,True,False,True,True,False
1.5353750191204136,1.4049547531963917,0.7788187724558276,False,True,False,True,False,True,True,False,True,True,0,True,False,False,True,False,False,False
1.8781690050037252,1.5270719577121736,0.9613281939199768,False,True,True,False,True,False,True,True,False,True,0,True,True,True,False,False,False,False
-1.0018053923094836,-1.2816237461508113,-1.5042081724048018,False,False,False,False,False,True,False,False,False,False,0,False,False,False,False,False,False,True
-0.920601744933091,-0.9559778674420595,-1.449455345965557,False,False,False,True,False,True,True,False,False,False,1,False,False,False,False,False,False,True
-0.8335366826203653,-0.4675090493789317,-1.4743429943470319,False,False,False,True,False,False,False,False,False,False,0,False,False,False,False,False,True,False
-0.7753615905556343,-0.1825689055087738,-1.4826388771408567,False,False,False,False,False,False,False,False,False,False,0,False,True,False,False,False,False,True
2.058358120349881,1.4049547531963917,1.342938802435925,True,True,False,True,False,True,True,False,True,True,0,True,True,True,True,True,False,False
-0.4650139390389915,-0.7117434584104956,0.7572494771918825,False,True,False,True,True,True,False,False,False,False,0,True,False,False,True,False,False,False
-0.8329439552672528,-1.1188008067964355,0.6195378228143881,True,True,False,False,False,True,True,False,False,True,0,False,True,False,False,True,False,False
-0.20346750626193272,-0.30468611002455576,0.44532428414406383,False,False,False,False,True,True,False,True,False,True,0,True,False,True,True,False,False,False
-0.9740350181729234,-1.1595065416350294,-1.4760021709057967,False,False,False,False,False,False,False,False,False,False,0,False,False,False,False,False,True,False
-0.8124838851524117,-1.0373893371192475,0.19312944721178524,False,False,False,False,False,True,False,True,False,False,0,False,False,False,True,True,True,False
-0.9903020910861178,-1.2816237461508113,-0.634799655611946,True,False,False,False,False,False,False,False,False,False,0,False,False,False,False,False,False,False
-0.5016093648774469,1.0386031396490458,-1.4959122896109767,False,False,True,False,False,True,True,False,False,False,0,False,True,False,False,False,False,True
-0.47403656652525733,-0.5896262538947137,0.1616050925952503,True,True,False,False,False,True,False,False,False,False,0,False,False,False,False,False,False,False
1.3142218578147153,1.1200146093262338,0.8136614801898924,True,True,False,False,False,False,True,False,False,True,1,True,False,False,False,True,False,False
-0.8820305612509278,-0.7524491932490895,-1.477661347464562,False,False,True,False,False,False,True,False,False,False,0,False,False,False,False,False,False,True
-0.09807180173258422,0.387311382231542,-0.5103614137045716,True,False,False,False,False,True,False,False,False,True,0,False,False,False,False,False,False,False
-0.9946487583422751,-1.2816237461508113,-0.9633166142474143,True,False,False,True,False,False,False,False,False,False,0,False,False,False,False,True,False,False
0.39911668320403054,1.2828375486806096,-0.5004063543519814,True,False,True,False,False,False,True,True,False,True,0,False,True,True,False,True,False,False
1.4844224196176812,0.8350744654560759,1.3479163321122196,True,True,True,False,False,False,False,False,False,True,0,True,False,True,True,True,False,False
-0.9798525273793964,-1.2816237461508113,0.15496838636019022,True,True,False,False,False,True,False,False,False,False,1,False,False,False,False,False,False,False
1.0667252585929121,0.5094285867473239,1.3346429196421,True,True,False,False,True,True,True,False,False,True,0,True,True,False,True,True,False,False
0.38658159732895087,-0.10115743583158582,1.352893861788515,False,True,False,True,True,True,True,True,False,True,1,True,False,True,True,False,False,False
-0.4986457281118852,-0.6303319887333076,0.18483356441796028,False,True,False,False,False,False,False,False,False,False,0,False,False,False,False,False,False,False
-0.03695502576722135,-0.06045170099299184,0.29765757041397994,True,True,False,False,False,True,False,False,False,False,1,True,False,False,False,False,False,False
0.1885887085244944,0.26519417771576004,0.27276992203250505,False,True,False,True,False,True,False,False,False,False,0,True,False,False,False,False,True,False
1.4398800566745344,1.0793088744876398,1.0525829046520514,False,True,False,False,False,True,True,True,False,True,0,True,True,False,False,True,False,False
-0.5917917340102451,-0.9152721326034655,0.9928525485365113,True,True,False,False,False,True,False,False,False,True,0,True,False,True,False,True,False,False
-0.8989781729769551,-1.2002122764736234,0.5116913464946635,True,True,False,True,False,True,False,False,False,False,0,False,False,False,False,True,False,False
0.6750202896453664,0.428017117070136,0.8402083051301322,True,True,False,False,False,True,False,False,False,True,1,True,False,False,True,False,False,False
-0.9072104973257378,-1.2002122764736234,0.642766294637098,True,True,False,True,False,False,False,False,False,True,0,False,False,False,False,True,False,False
-0.06294721784444471,-0.4675090493789317,1.309755271260625,True,True,False,True,False,False,True,False,False,True,0,True,True,True,True,True,False,False
-0.2416874441052146,0.020959768684196134,-0.4954288246756865,True,False,False,True,False,True,True,True,False,True,1,False,False,True,True,False,False,False
-0.8963438291853447,-0.9559778674420595,-1.3548822821159523,False,False,False,True,False,False,True,False,True,False,0,False,False,False,False,False,False,False
-0.9614999322978435,-1.2409180113122174,-0.13538751142368316,True,False,False,False,False,False,False,False,False,False,0,False,False,True,False,True,False,False
-0.9008441664960125,-1.0373893371192475,-0.9765900267175343,False,False,False,True,False,True,False,True,True,False,0,False,False,True,False,False,True,False
-0.9553092243875589,-1.1188008067964355,-1.3233579274994176,False,False,False,False,False,False,True,False,False,False,0,False,True,False,False,False,False,True
-0.9472305700932868,-1.2409180113122174,0.16658262227154547,False,True,False,True,False,False,True,False,False,False,0,False,True,False,False,False,False,True
-0.48046875594977295,-0.6303319887333076,0.19478862377055015,True,True,False,True,False,True,False,False,False,False,0,False,False,False,False,False,False,False
1.7014703951814534,1.1200146093262338,1.2102046777347255,False,True,False,False,True,True,False,False,True,False,1,True,False,False,True,True,False,False
-0.629265274445904,0.46872285190873,-1.4942531130522119,False,False,True,False,False,False,False,False,False,False,0,False,True,False,False,False,False,True
1.759886968760415,1.6084834273893616,0.7008374741938728,False,False,True,True,True,False,False,True,False,True,0,True,False,False,True,True,True,False
1.8261407151194184,1.4863662228735797,0.9132120737157919,False,True,True,True,False,True,True,True,False,True,0,True,False,False,True,False,False,True
-0.9775255236968071,-1.2409180113122174,-0.6729607164635407,False,False,False,True,False,False,False,False,False,False,0,False,False,False,False,False,False,True
-0.9732666679003703,-1.2816237461508113,0.6527213539896879,True,True,False,False,False,True,False,False,False,False,0,True,False,False,True,False,False,False
1.610695298695543,0.9978974048104517,1.4275568069329394,True,True,True,True,False,False,True,True,False,False,0,True,False,True,True,True,False,False
-0.5514862739986051,-0.5489205190561197,-0.2233238690382277,True,False,False,False,False,False,False,False,True,True,0,False,False,False,True,False,False,False
0.6991025824736721,0.346605647392948,0.9746016063900964,False,True,False,False,True,True,True,False,False,True,0,True,True,False,True,False,False,False
2.2960417889479348,1.4049547531963917,1.535403283252664,False,True,True,True,False,True,True,True,False,True,0,True,True,True,True,True,False,False
-0.8110130432020958,-1.1188008067964355,0.7954105380434776,False,True,False,False,True,True,True,False,False,False,0,False,False,True,False,True,False,True
-0.4579451165315035,-0.7117434584104956,0.6012868806679732,True,True,False,False,False,True,True,True,False,False,1,True,False,True,False,False,False,False
2.711741239264066,1.5677776925507676,1.7826205905086479,True,True,True,False,True,True,False,True,False,True,0,True,False,True,True,True,False,False
-0.9879531345385986,-1.2002122764736234,-1.472683817788267,False,False,False,True,False,True,True,False,False,False,0,False,False,False,False,False,True,False
-0.21547572337869045,1.5677776925507676,-1.3349721634107725,False,False,True,False,False,False,True,False,False,False,0,True,True,False,False,False,False,False
1.8322436115699825,1.5270719577121736,0.904916190921967,False,False,True,False,True,True,True,True,False,True,1,True,False,True,True,True,False,False
-0.9461329268467824,-1.1595065416350294,-0.7476236616079653,False,False,False,True,True,False,False,True,False,True,0,False,False,False,False,False,False,True
-0.8310560088832654,-1.1188008067964355,0.6842457086062228,True,True,False,True,False,True,False,False,False,True,1,False,False,False,False,True,False,False
-0.44894444191016775,1.1607203441648277,-1.4826388771408567,False,False,True,False,False,False,True,False,False,False,0,False,False,False,False,False,True,False
-0.9571752179066163,-1.2002122764736234,-1.2785601604127628,False,False,True,True,False,True,False,False,False,False,0,True,True,False,False,False,False,True
-0.9513577087001432,-1.2002122764736234,-0.6845749523748957,False,False,False,False,False,False,True,False,False,False,0,False,True,False,False,False,False,True
0.25150561941412436,0.06166550352279012,0.7472944178392927,True,True,False,False,False,False,True,False,False,False,0,True,True,True,True,False,False,False
2.2702910783849424,1.5677776925507676,1.352893861788515,False,True,False,True,False,True,True,False,True,True,0,True,False,True,True,True,False,False
-0.04523125584586418,-0.38609757970174374,0.8684143066291369,False,False,True,False,True,True,True,True,False,True,0,True,True,True,True,True,True,False
-0.7378660972550453,0.14307697319997809,-1.5058673489635668,False,False,False,False,False,False,False,False,True,False,0,False,False,False,False,False,False,True
-0.5236719941321846,-0.7117434584104956,0.12178485518489039,False,True,False,True,False,True,True,False,False,False,0,False,False,False,False,False,False,False
-0.7433982192174272,-0.8745663977648716,-0.3278519922404224,False,False,False,True,False,True,True,False,False,False,0,False,False,False,True,False,False,False
-0.5066146180815068,-0.7117434584104956,0.3441145140593994,False,True,False,False,False,True,False,False,False,True,1,False,False,False,False,False,True,False
0.19642588130453548,1.2014260790034217,-0.7078034241976054,False,False,True,False,False,True,False,False,False,True,0,False,False,True,False,True,True,False
-0.7226088561286347,-1.0373893371192475,0.9978300782128064,False,True,False,True,False,False,False,False,False,False,0,True,False,False,True,True,False,True
-0.7896309527601909,-1.0780950719578415,0.5166688761709587,True,True,False,False,False,True,True,True,False,False,0,True,True,False,False,False,False,False
-0.7021926917436536,-0.1418631706701798,-1.3200395743818876,True,False,False,False,False,False,False,False,False,False,0,True,False,False,False,False,False,False
1.8825156722598824,1.6084834273893616,0.8219573629837174,True,True,False,True,False,True,True,False,True,True,0,True,True,False,True,False,False,False
1.5788855974118463,1.4863662228735797,0.6776090023711627,False,False,True,False,True,True,False,True,False,False,0,True,False,True,True,True,True,False
-0.3281378261998979,-0.7117434584104956,1.2085455011759603,True,True,False,True,False,True,False,True,False,False,0,False,False,True,True,True,False,False
-0.8780131869687219,-0.6710377235719016,-1.5008898192872717,False,False,True,False,False,False,True,False,False,False,0,False,True,False,False,False,False,True
0.4425394500357431,0.590840056424512,0.18649274097672516,False,True,False,False,False,False,True,False,False,False,1,False,True,False,False,False,False,False
0.31714468555508507,0.631545791263106,0.1582867394777205,False,False,False,False,True,False,True,True,True,False,0,False,True,True,True,False,False,False
1.1357889716629663,1.6084834273893616,0.12676238486118555,False,False,True,False,True,False,True,False,False,True,0,False,True,True,False,True,True,False
-0.3260523040315396,-0.4675090493789317,0.29102086417891987,True,True,False,True,False,True,False,False,False,False,0,True,False,False,False,False,False,False
2.501520604693551,1.6084834273893616,1.5005605755185993,True,True,True,False,False,True,True,True,False,True,0,True,False,True,True,True,False,False
-0.7837914906887876,-1.0373893371192475,0.1582867394777205,False,False,False,True,True,False,True,False,False,False,0,False,True,False,True,True,True,False
-0.006177109135239151,-0.22327464034736777,0.6742906492536329,True,True,False,False,False,True,False,False,False,False,1,True,False,False,False,True,False,False
-0.8780790455635121,-1.1595065416350294,0.32254521879545484,True,True,False,True,False,True,True,False,False,False,0,True,False,False,False,False,False,False
-0.9254094223527802,-1.1595065416350294,-0.6281629493768859,False,False,False,False,False,True,False,False,False,False,0,False,False,False,False,False,False,True
0.026554612475520933,-0.2639803751859618,0.858459247276547,True,True,False,False,False,True,True,False,False,False,0,False,True,False,True,True,False,False
0.4443615378249403,0.387311382231542,0.49675875746577897,True,True,False,True,False,False,False,False,False,False,0,True,False,True,False,False,False,False
1.44892463702573,1.4863662228735797,0.5647849963751436,False,False,True,True,False,True,True,True,False,True,0,True,True,True,True,True,False,False
-0.5605308543498009,0.6722515261016999,-1.4760021709057967,False,False,True,False,False,False,False,False,False,False,0,False,True,False,False,False,True,False
-0.9771303721280655,-1.2816237461508113,0.3607062796470494,True,True,False,False,False,False,False,False,False,True,0,False,False,False,False,False,False,False
0.1558569869137345,0.22448844287716607,0.10685226615600583,False,False,False,False,False,False,False,True,False,True,0,True,False,False,False,True,True,False
0.6626388738247974,0.18378270803857208,1.1654069106480704,True,True,False,False,False,True,False,False,False,False,0,True,False,True,True,True,False,False
-0.491554952739467,-0.7524491932490895,0.5647849963751436,False,False,True,True,False,False,True,True,False,True,0,False,False,True,True,True,False,True
-0.9756814830426799,-1.2816237461508113,0.4702119325255387,True,True,False,True,False,True,False,False,False,False,1,False,False,False,True,False,False,False
-0.9318855175071559,-0.9559778674420595,-1.5075265255223318,True,False,False,False,False,True,False,False,False,False,0,False,False,False,False,False,False,False
-0.4503055195358331,-0.3453918448631497,-0.45726776382409173,True,False,False,True,True,True,False,False,False,False,0,False,False,False,False,False,False,False
-0.8142401143468186,-0.9966836022806536,-0.3046235204177124,True,False,False,False,False,False,True,False,False,True,0,True,True,False,False,False,False,False
-0.972739799142048,-1.2816237461508113,0.6925415914000478,False,True,False,False,False,False,False,False,False,False,0,True,False,False,False,True,False,True
1.3613327059546823,1.6084834273893616,0.473530285643069,False,False,True,False,True,False,True,True,False,True,0,True,False,True,True,False,True,False
2.301837345289478,1.6084834273893616,1.3462571555534548,True,True,True,False,True,True,True,False,False,False,0,True,False,True,True,True,False,False
-0.6062586719991725,-0.6303319887333076,-0.3178969328878323,False,False,False,False,True,True,True,True,False,False,0,False,True,False,False,False,True,False
0.9827335973703988,1.4456604880349857,-0.019245152310133944,False,False,True,False,True,False,False,True,False,True,0,False,False,True,True,True,True,False
0.34831775375580887,0.631545791263106,0.02389343821775623,True,False,False,False,False,True,True,False,True,True,0,False,False,True,False,True,False,False
-0.7671512190717816,-1.0373893371192475,0.35738792652951956,True,False,False,False,True,True,True,True,False,True,0,False,True,True,True,False,False,False
-0.35652288055450065,0.5501343215859179,-1.1342117998002084,False,False,False,True,True,True,False,False,True,False,0,False,False,False,False,False,False,False
1.2160705987122955,0.7129572609402939,1.2865267994379153,True,True,False,True,False,False,True,True,False,True,0,True,True,False,True,True,False,False
-0.47408047225511757,-0.38609757970174374,-0.3543988171806622,True,False,False,False,False,False,True,True,False,False,0,False,False,True,False,False,False,False
-0.8986708328679339,-0.7931549280876836,-1.4760021709057967,False,False,False,False,False,True,True,False,False,False,0,False,True,False,False,False,False,True
-0.8107935145527949,-0.5896262538947137,-1.3150620447055927,False,False,True,False,False,False,False,False,False,False,0,True,True,False,False,False,True,False
-0.3073923688409655,1.2828375486806096,-1.3449272227633626,False,False,False,False,False,True,False,False,True,False,0,True,False,False,False,False,False,False
1.6137906526506849,1.3642490183577978,0.8120023036311275,False,True,False,True,False,False,False,False,False,True,0,True,False,False,False,True,True,False
-0.8249970181625613,-0.9559778674420595,-0.5418857683211062,False,False,False,False,True,False,True,False,True,False,0,False,True,False,False,False,False,True
-0.14382157224688585,-0.4675090493789317,0.9729424298313315,True,True,False,False,False,True,False,False,False,False,1,True,False,False,True,True,False,False
-0.6350608307874469,0.30589991255435406,-1.477661347464562,False,False,False,True,False,True,False,False,True,False,0,False,True,False,False,False,False,False
-0.8762569577743149,-1.0373893371192475,-0.5070430605870415,False,False,True,True,True,False,True,True,False,False,0,False,True,True,False,True,True,False
1.5773708497316703,0.9571916699718578,1.3827590398462843,False,True,False,False,True,True,False,False,False,True,0,True,False,False,True,True,True,False
-0.811803346339579,-0.4268033145403377,-1.466047111553207,False,False,False,False,False,False,True,False,True,False,0,False,True,False,False,False,False,False
-0.8905482728438017,-1.1595065416350294,0.1981069768880804,False,True,False,False,False,True,False,False,False,False,0,False,False,False,False,False,False,False
-0.977723099481178,-1.2816237461508113,0.31590851256039476,True,True,False,False,False,True,True,False,False,False,1,True,False,False,False,False,False,False
0.2503421175728297,-0.019745966154397852,0.866755130070372,True,True,False,True,False,False,False,False,False,False,0,False,False,False,True,True,False,False
-0.5609260059185425,-0.2639803751859618,-0.8289233129874498,False,False,False,True,False,True,False,False,True,True,0,False,True,False,True,False,False,False
-0.653720765978021,-0.5896262538947137,-0.614889536906766,False,False,False,True,False,False,True,False,True,True,0,False,True,True,True,False,True,False
0.6502794108691582,0.1023712383613841,1.4939238692835393,True,True,False,True,False,True,True,True,False,True,0,True,True,True,True,True,False,False
1.4984503003080067,1.6084834273893616,0.5067138168183688,False,False,True,False,True,False,True,True,False,True,0,True,True,True,True,False,False,False
1.1819777994758698,0.7943687306174818,1.102358201415001,False,True,False,False,True,False,True,False,False,True,0,True,True,True,False,True,False,False
-0.7264067017615398,-1.0373893371192475,0.651062177430923,True,True,False,False,False,True,True,False,False,False,1,True,False,False,False,True,False,False
0.6959633227886696,0.14307697319997809,1.3230286837307448,False,True,False,False,False,True,False,False,True,True,0,True,False,True,True,True,False,False
-0.9909167713041603,-1.2409180113122174,-1.5141632317573919,False,False,False,False,False,False,False,False,False,False,0,False,False,False,False,False,False,True
-0.894148542692336,-1.0373893371192475,-0.9832267329525943,False,False,False,True,True,False,False,False,True,False,0,False,False,True,False,False,False,True
-0.8607582351336734,-0.7117434584104956,-1.5091857020810966,False,False,False,True,False,True,True,False,False,False,0,False,False,False,False,False,True,False
-0.9466817484700346,-1.2409180113122174,0.48182616843689396,True,True,False,True,False,True,False,False,False,True,0,True,False,False,False,False,False,False
0.4726368278548927,1.5677776925507676,-0.5750692994964061,False,False,True,False,True,True,True,True,False,True,0,False,False,True,False,False,False,False
-0.16346938635931388,-0.22327464034736777,0.35904710308828447,False,True,False,True,False,True,True,False,False,False,0,True,True,False,False,False,False,False
0.10879004450362743,0.46872285190873,-0.33282952191671733,False,False,False,True,False,True,True,True,False,True,0,False,True,False,False,False,False,False
0.40820516928508677,0.5501343215859179,0.18815191753549007,False,False,False,False,True,False,True,True,True,True,0,False,False,False,False,True,False,True
-0.7516964021610002,-0.06045170099299184,-1.4876164068171518,False,False,False,False,False,False,False,False,True,False,0,False,True,False,False,False,True,False
1.341377551733233,1.4863662228735797,0.4536201669378888,False,False,False,True,True,True,False,True,True,True,0,True,False,True,False,True,True,False
-0.39368908088113824,-0.30468611002455576,-0.15197927701133307,True,False,False,True,False,False,True,False,False,False,0,True,True,False,True,False,False,False
-0.8007171495498849,-0.30468611002455576,-1.5191407614336867,False,False,False,True,False,True,True,False,False,False,0,False,True,False,False,False,False,True
2.4445529201999747,1.5270719577121736,1.5967928159269684,False,True,True,False,True,True,True,True,False,True,0,True,True,True,True,True,True,False
-0.3552935201184158,1.6084834273893616,-1.4677062881119718,False,False,True,True,False,False,True,False,False,False,0,False,False,False,False,False,False,False
-0.9747375098506861,-1.2409180113122174,-0.6829157758161306,True,False,False,True,False,False,False,False,False,False,0,False,False,False,False,False,False,False
-0.9498868667498274,-1.1595065416350294,-1.037979559391839,True,False,False,False,True,True,False,False,False,True,0,False,False,False,False,False,False,False
1.5932208182111933,1.3642490183577978,0.8634367769528422,False,True,True,False,True,True,False,True,False,False,0,True,True,True,False,False,True,False
-0.8611753395673449,-1.1188008067964355,0.02223426165899086,False,False,False,True,False,True,False,True,False,True,0,False,False,False,False,True,False,False
-0.9881068045931091,-1.2816237461508113,-0.4688819997354467,True,False,False,True,False,False,False,False,False,True,0,False,False,False,False,False,False,False
-0.968700471994912,-1.2816237461508113,0.9978300782128064,True,True,False,True,True,True,True,False,False,False,0,False,False,False,True,True,False,False
-1.0015419579303226,-1.2816237461508113,-1.4842980536996218,False,False,False,False,False,True,False,False,False,False,0,False,False,False,False,False,False,True
2.198636927253138,1.5270719577121736,1.3230286837307448,True,True,False,True,False,True,True,False,True,True,1,True,False,True,True,True,False,False
1.6392340231046563,1.0793088744876398,1.1654069106480704,False,True,True,False,False,True,True,True,False,True,0,False,False,False,True,True,False,True
-0.9141036969137852,-0.8338606629262776,-1.5125040551986266,False,False,False,False,False,True,False,False,True,False,0,False,False,False,False,False,False,False
-0.9881946160528295,-1.2409180113122174,-1.5108448786398618,False,False,False,True,False,False,False,False,False,False,0,False,False,False,False,False,False,True
-0.6241283040522635,0.346605647392948,-1.4909347599346818,False,False,True,True,False,True,True,False,False,False,0,False,True,False,False,False,False,True
0.7407691201109775,0.22448844287716607,1.2848676228791502,True,True,False,False,False,True,False,True,False,False,0,True,False,True,True,True,False,False
2.23692272369121,1.2828375486806096,1.6615007017188033,True,True,False,False,True,True,True,True,True,True,0,True,False,True,True,True,False,False
-0.9776572408863877,-1.2816237461508113,0.32088604223668943,False,True,False,True,False,True,True,False,False,False,0,True,False,False,False,False,False,False
-0.7941532429357888,-1.1188008067964355,1.0476053749757561,False,True,False,True,False,False,False,False,False,False,0,False,False,True,True,True,False,False
-0.9993247185723837,-1.2816237461508113,-1.3167212212643575,False,False,False,False,False,False,False,False,False,False,0,False,False,False,False,False,False,False
-0.6504058833735779,0.46872285190873,-1.5058673489635668,False,False,True,True,False,False,False,False,False,False,0,False,True,False,False,False,False,False
-0.9712689571917322,-1.2816237461508113,0.8037064208373025,False,True,False,True,False,False,True,False,False,False,0,False,True,False,True,True,False,True
0.2359410381786924,-0.10115743583158582,0.9779199595076267,True,True,False,True,True,True,True,False,False,True,0,True,True,False,True,False,False,False
0.842564554791792,0.346605647392948,1.152133498177951,False,True,True,True,False,True,False,True,False,True,0,False,False,False,True,True,True,False
-0.523035361049212,0.8350744654560759,-1.4942531130522119,False,False,True,True,False,False,True,False,False,False,0,False,False,False,False,False,True,False
2.6477925437227223,1.6084834273893616,1.6449089361311533,False,True,True,True,True,True,True,True,False,True,1,True,False,True,True,True,False,True
-0.7702685258918539,-1.0373893371192475,0.659358060224748,True,True,False,True,False,True,False,False,False,False,1,True,False,False,True,False,False,False
0.490374742718403,0.7129572609402939,0.15165003324266044,False,False,True,True,False,False,False,True,False,False,0,True,False,True,False,True,False,False
-0.9903899025458383,-1.2816237461508113,-0.6414363618470058,False,False,False,True,False,False,False,False,False,False,0,False,False,False,False,False,False,True
-0.7077467665709657,-0.06045170099299184,-1.461069581876912,False,False,True,False,False,False,False,False,False,False,0,False,False,False,False,False,True,False
0.8037518895953977,0.30589991255435406,1.3230286837307448,False,True,False,True,False,False,False,True,False,False,0,True,False,True,True,True,False,False
-1.0015200050653925,-1.2816237461508113,-1.4826388771408567,False,False,False,False,False,True,False,False,False,False,0,False,False,False,False,False,False,True
0.2661701331874226,1.1200146093262338,-0.5136797668221014,False,False,True,False,False,True,True,False,False,True,1,False,False,False,True,True,True,False
-0.5403122657491906,-0.6303319887333076,-0.09888562713085328,False,False,False,False,False,True,True,True,True,False,0,True,True,True,False,False,False,True
1.5799612877934208,1.6084834273893616,0.6477438243133932,False,False,True,True,True,False,True,False,False,True,1,True,False,True,True,True,True,False
-0.01039205920181585,-0.2639803751859618,0.8037064208373025,True,True,False,False,False,True,False,False,False,True,1,True,False,False,True,False,False,False
-0.9706542769736898,-1.2816237461508113,0.850163364482722,True,True,False,True,False,True,False,False,False,False,0,False,False,False,True,True,False,False
-0.781618157060709,-1.0373893371192475,0.32254521879545484,True,False,False,False,False,True,False,True,False,False,0,True,False,False,True,True,False,False
-0.9772840421825763,-1.2816237461508113,0.3490920437356946,True,True,False,True,False,True,False,False,False,False,0,True,False,False,False,False,False,False
1.4611084770619285,1.2828375486806096,0.8402083051301322,False,True,False,True,False,False,True,False,True,False,0,True,True,True,False,True,True,False
0.1324991386281216,0.020959768684196134,0.5697625260514383,False,False,True,True,False,False,True,True,False,True,0,False,True,True,True,True,True,False
-0.4014823479313192,1.4456604880349857,-1.4892755833759168,False,False,True,False,False,False,False,False,False,False,0,False,False,False,False,False,False,False
-0.6958702666437884,0.06166550352279012,-1.469365464670737,False,False,False,False,False,False,True,False,False,False,0,False,True,False,False,False,False,True
-0.9804013490026486,-1.2002122764736234,-1.5025489958460367,False,False,False,True,False,True,False,False,False,False,0,False,False,False,False,False,False,True
-0.9537066652476625,-1.0373893371192475,-1.4826388771408567,False,False,False,False,False,False,False,False,True,False,0,False,False,False,False,False,False,True
-0.7965680580780984,-1.0780950719578415,0.8070247739548323,True,True,False,False,False,True,False,True,False,False,0,False,False,True,False,True,False,False
-0.6427004277831173,-0.8338606629262776,0.16326426915401518,False,False,False,True,True,True,False,False,False,False,0,False,True,False,True,True,False,True
0.9839410049415536,1.0793088744876398,0.36568380932334454,False,False,True,False,False,True,True,True,False,True,0,False,True,False,True,True,True,False
-0.6299897189885968,-0.8338606629262776,0.5282831120823135,False,True,False,True,True,False,True,True,False,False,0,False,False,False,False,False,False,False
0.11140243543030794,0.7943687306174818,-0.5352490620860464,False,False,False,True,True,True,False,False,False,False,1,False,False,False,True,True,True,False
0.2867838733567744,-0.019745966154397852,0.866755130070372,False,True,False,False,False,True,True,False,False,False,0,True,True,True,False,True,False,False
2.1255558399008776,1.4049547531963917,1.3976916288751695,False,True,False,False,True,True,True,False,True,False,1,True,False,True,True,True,True,False
-0.5679289698312403,0.7536629957788878,-1.5207999379924515,True,False,False,True,False,False,False,False,True,False,0,False,False,False,False,False,False,False
-0.8311657732079158,-0.9966836022806536,-0.5153389433808665,True,False,False,False,False,False,False,True,False,False,0,False,False,False,False,False,False,False
-0.8902189798698503,-1.2002122764736234,0.7755004193382974,False,True,False,False,True,True,True,True,False,False,1,False,True,False,True,False,False,True
2.2096572654480418,1.6084834273893616,1.1853170293532507,False,True,True,False,True,False,True,False,False,True,0,True,False,True,True,False,False,False
0.3819056370988423,0.18378270803857208,0.689223238282518,True,True,False,True,False,True,True,False,False,False,1,True,False,False,True,False,False,False
-0.34530496657522614,1.2828375486806096,-1.3316538102932427,False,False,True,True,False,True,True,False,False,False,0,True,True,False,False,False,False,True
-0.05776634172094405,-0.2639803751859618,0.6643355899010431,True,True,False,False,False,False,True,False,False,True,1,False,False,False,False,True,False,False
-0.3591791772110412,-0.6710377235719016,0.9729424298313315,True,True,False,True,True,True,False,False,False,False,0,False,False,False,True,True,False,False
-0.9038078032615743,-1.2409180113122174,1.309755271260625,True,True,False,False,False,True,True,True,False,False,0,True,False,True,True,True,False,False
0.2966407097103835,0.18378270803857208,0.46357522629047915,False,False,False,False,True,True,False,True,False,True,0,True,False,True,True,False,True,False
2.231456460323618,1.3642490183577978,1.6382722298960932,False,True,False,True,True,True,False,True,True,True,0,True,False,True,True,True,False,False
1.930043624833521,1.6084834273893616,0.8767101894229619,False,False,True,False,True,True,False,True,False,True,0,True,False,True,True,True,False,False
-0.9906094311951391,-1.2816237461508113,-0.6580281274346557,False,False,False,False,False,False,False,False,False,False,1,False,False,False,False,False,False,True
0.9834360890481613,0.5501343215859179,1.1869762059120157,True,True,False,True,True,True,True,False,False,True,1,True,True,True,True,False,False,False
-0.3795075301363019,1.4863662228735797,-1.497571466169742,False,False,True,False,False,False,True,False,False,False,0,False,True,False,False,False,True,False
1.0374401367761759,0.5501343215859179,1.0193993734767515,False,True,False,False,True,True,False,False,True,True,0,False,False,True,True,False,True,False
-0.7208745797991578,-0.9966836022806536,0.6875640617237531,False,True,False,True,False,True,True,False,False,False,0,True,False,False,False,True,False,False
-0.7962607179690772,-0.9966836022806536,-0.16359351292268806,True,False,False,False,True,True,False,False,False,False,0,False,False,False,True,False,False,False
-1.0016078165251128,-1.2816237461508113,-1.4892755833759168,False,False,False,True,False,False,False,False,False,False,0,False,False,False,False,False,False,False
1.6857740967564412,1.4049547531963917,0.9132120737157919,False,True,True,False,True,True,False,True,False,True,1,False,False,False,True,False,False,False
-0.2736508154434215,1.4863662228735797,-1.3382905165283026,False,False,True,False,False,False,False,False,False,False,0,True,False,False,False,False,True,False
-0.6743345061473729,-0.7524491932490895,-0.4804962356468015,True,False,False,False,False,False,False,False,False,True,0,False,False,False,False,False,False,False
0.6087226375565031,1.4456604880349857,-0.3477621109456021,False,False,False,False,True,False,False,False,False,False,0,True,False,False,False,False,False,True
-0.1624595545725299,0.428017117070136,-0.6895524820511906,True,False,False,True,False,False,False,True,True,False,0,False,False,True,False,True,False,False
-0.9852090264223377,-1.2409180113122174,-1.4942531130522119,True,False,False,False,False,False,False,False,False,False,0,False,False,False,False,False,False,False
-0.8792645002697369,-1.0780950719578415,-0.6613464805521857,False,False,False,False,False,False,False,False,False,False,0,False,False,False,True,True,True,False
-0.8908336600878929,-0.7931549280876836,-1.462728758435677,False,False,True,False,False,False,True,False,False,False,0,False,True,False,False,False,False,True
-0.5675338182624987,0.8757802002946699,-1.5025489958460367,False,False,True,True,False,False,False,False,False,False,0,False,False,False,False,False,True,False
-0.9454084823040895,-1.2002122764736234,-0.6696423633460107,False,False,False,False,False,False,False,False,False,False,0,False,False,False,False,False,False,True
-0.12961806863711947,-0.2639803751859618,0.4602568731729489,True,True,False,False,False,True,False,False,False,False,1,False,False,False,False,True,False,False
0.38915008252577105,0.22448844287716607,0.6361295884020379,False,False,False,False,True,False,False,False,True,True,0,True,False,True,True,True,False,False
-0.8002122336564929,-0.38609757970174374,-1.477661347464562,False,False,True,False,False,False,True,False,False,False,0,False,True,False,False,False,False,False
-0.894653458585728,-0.7524491932490895,-1.5008898192872717,False,False,True,False,False,True,True,False,False,False,0,False,True,False,False,False,False,True
0.0004526560736471414,0.18378270803857208,-0.1154773927185032,False,False,True,True,True,False,False,True,False,True,0,False,True,False,False,False,True,False
-0.4954186569671623,-0.10115743583158582,-0.817309077076095,True,False,False,False,False,True,False,False,False,False,1,False,False,True,True,False,False,False
-0.7531013855165258,-1.0373893371192475,0.49012205123071895,True,True,False,False,False,True,False,False,False,False,0,False,False,False,True,False,False,False
-0.9254094223527802,-1.2409180113122174,0.8783693659817272,True,True,False,False,False,True,False,False,False,False,0,True,False,True,True,False,False,False
-0.6381781376075193,0.020959768684196134,-1.3283354571757127,False,False,False,True,False,True,False,False,True,False,1,True,False,False,False,False,False,False
0.6678636556781579,0.7129572609402939,0.33913698438310474,False,False,True,True,True,True,True,False,False,True,1,True,True,True,False,True,False,False
-0.7419493301320415,-0.38609757970174374,-1.3216987509406526,False,False,True,False,False,False,True,False,False,False,0,True,True,False,False,False,False,True
2.3417037480025162,1.6084834273893616,1.2848676228791502,True,True,True,True,False,True,False,False,False,True,0,True,False,True,True,True,False,False
2.054801756231207,1.3642490183577978,1.3645080976998696,False,True,True,True,True,True,True,False,False,False,0,True,False,True,True,True,True,False
-0.9973709135936061,-1.2816237461508113,-1.1690545075342733,False,False,False,True,True,False,False,False,False,False,0,False,False,False,False,False,False,True
-0.905476220996261,-0.8338606629262776,-1.5174815848749215,True,False,False,True,False,True,True,False,False,False,0,False,True,False,False,False,False,False
0.17352904318245468,1.1607203441648277,-0.7044850710800754,False,False,False,False,True,False,False,True,True,True,0,False,False,True,False,False,True,False
-0.5897281647068169,0.5501343215859179,-1.5108448786398618,False,False,True,False,False,False,True,False,False,False,0,False,True,False,False,False,True,False
-0.4767587217765882,-0.4675090493789317,-0.20175457377428285,False,False,False,False,False,True,True,False,True,True,0,False,True,False,True,False,True,False
-0.5050340118065405,-0.019745966154397852,-0.9517023783360593,False,False,False,True,False,True,True,True,True,False,0,False,True,True,False,False,False,True
-0.8321316992648397,-0.5082147842175256,-1.4892755833759168,False,False,False,False,False,False,True,False,False,False,0,False,True,False,False,False,False,True
-0.6721611725192943,-0.4675090493789317,-0.9898634391876541,False,False,True,False,True,False,False,True,False,False,0,False,False,False,False,False,False,True
-0.8833916388765933,-0.7117434584104956,-1.5108448786398618,False,False,False,False,False,False,False,False,False,False,0,False,False,False,False,False,False,False
-0.9845723933393652,-1.2002122764736234,-1.4992306427285067,True,False,False,False,False,False,False,False,False,False,0,False,False,False,False,False,False,False
-0.7080541066799868,-0.9152721326034655,0.2628148626799147,True,True,False,True,False,True,False,False,False,True,1,False,False,False,False,False,False,False
1.6239767819782456,1.3642490183577978,0.7954105380434776,False,True,False,False,False,True,False,False,True,True,0,True,False,False,True,False,False,False
-0.8798791804877794,-0.7117434584104956,-1.4992306427285067,False,False,False,False,False,False,False,False,False,False,0,False,False,False,False,False,False,False
-0.8267752002218984,-0.6303319887333076,-1.466047111553207,False,False,False,False,False,False,True,False,True,False,0,False,True,False,False,False,False,True
0.8099425975056824,0.7536629957788878,0.6394479415195682,True,True,False,True,False,True,True,False,False,True,1,True,True,True,False,False,False,False
-0.9469451828491956,-1.2409180113122174,0.5083729933771337,True,True,False,True,False,True,False,False,False,False,0,False,False,False,True,False,False,False
-0.9973050549988157,-1.2816237461508113,-1.1640769778579783,True,False,False,False,False,True,True,False,False,True,0,False,False,False,False,False,False,False
-1.001673675119903,-1.2816237461508113,-1.4942531130522119,False,False,False,False,False,False,False,False,False,False,0,False,False,False,False,False,False,True
-0.046109370443067677,0.631545791263106,-0.6613464805521857,False,False,False,False,True,False,True,False,True,False,0,False,True,True,False,True,True,False
-0.05302452289604514,-0.22327464034736777,0.48348534499565887,True,True,False,True,False,True,False,True,False,False,0,True,True,False,False,False,False,False
-0.4874058612676805,-0.5082147842175256,-0.19014033786292786,False,False,False,True,True,False,False,True,False,False,0,True,False,False,False,False,False,False
-0.9966464690509131,-1.2816237461508113,-1.1143016810950286,False,False,False,True,False,True,False,False,False,True,0,False,True,False,False,False,False,True
-0.9736398666041817,-1.1188008067964355,-1.4842980536996218,False,False,False,True,False,False,False,False,False,False,0,False,True,False,False,False,False,True
-0.7772056312097615,-0.8745663977648716,-0.45892694038285664,True,False,False,False,False,False,False,False,False,True,0,False,False,False,False,False,False,False
-0.9956585901290592,-1.2409180113122174,-1.472683817788267,False,False,False,False,False,True,False,False,False,False,0,False,False,False,False,False,False,True
-0.8292558739589982,-0.6303319887333076,-1.3200395743818876,False,False,True,True,False,True,True,False,False,False,0,True,True,False,False,False,False,True
-0.9217432939094556,-1.0373893371192475,-1.1657361544167435,False,False,False,False,True,False,False,False,False,False,0,False,True,False,False,False,False,True
-0.3524616005424345,-0.06045170099299184,-0.5219756496159262,False,False,False,False,False,True,True,True,False,False,0,False,False,False,False,False,False,True
1.2833780825879428,1.3642490183577978,0.5150096996121938,False,True,False,False,False,True,False,False,False,True,1,True,False,False,False,False,True,False
-0.9688760949143528,-1.2816237461508113,0.9845566657426863,True,True,False,False,False,True,False,False,False,False,0,True,False,False,True,True,False,False
-0.824184762160148,-1.1188008067964355,0.6759498258123978,True,True,False,True,False,True,False,False,False,True,0,True,False,True,False,False,False,False
0.7531724887964768,0.387311382231542,1.067515493680936,True,True,False,True,True,False,True,False,True,False,0,True,True,False,True,True,False,False
1.411341332265421,1.4456604880349857,0.4868036981131887,False,False,True,False,True,True,True,True,False,True,0,False,False,False,True,True,False,False
-0.9083739991670324,-0.8338606629262776,-1.4876164068171518,False,False,False,False,False,True,True,False,False,False,0,False,True,False,False,False,True,False
-0.977745052346108,-1.2816237461508113,0.31424933600162985,True,True,False,True,False,True,True,False,False,False,1,True,False,False,False,False,False,False
0.5869893012757168,1.1200146093262338,-0.11713656927726834,True,False,True,True,True,False,False,False,False,True,0,False,False,True,False,False,False,False
0.6324756374108574,0.22448844287716607,1.2019087949409006,True,True,False,True,False,False,True,False,False,True,1,True,True,False,True,True,False,False
-0.5440881585171656,-0.8338606629262776,1.0310136093881064,True,True,False,False,False,True,False,False,False,False,0,False,False,True,True,True,False,False
-0.5030363010979026,-0.7117434584104956,0.38393475146975936,False,False,False,False,False,False,True,True,False,True,0,False,True,True,True,True,False,False
2.156838672426252,1.5677776925507676,1.1372009091490658,True,True,True,False,False,True,True,False,False,True,1,False,False,True,True,True,False,False
1.0468140101013232,1.6084834273893616,-0.06072456627925851,False,False,True,True,True,True,True,True,False,True,1,False,False,True,True,True,False,False
-0.6510644693214804,-0.8745663977648716,0.26447403923868007,True,True,False,True,False,False,False,False,False,False,0,False,False,True,False,False,False,False
0.9842922507804346,1.5270719577121736,0.008960849188871207,False,False,False,False,True,False,True,False,True,False,0,True,True,False,False,True,False,False
-0.9862627639389818,-1.2816237461508113,-0.3295111687991873,False,False,False,False,False,True,False,False,False,False,0,False,False,False,True,False,True,False
-0.7335413828638181,-0.30468611002455576,-1.3084253384705327,False,False,True,True,False,False,True,False,False,False,0,True,True,False,False,False,True,False
2.3908342597160512,1.6084834273893616,1.4989013989598339,False,True,True,False,True,True,False,True,False,True,1,True,False,False,True,True,False,False
-0.8187184987925564,-0.9966836022806536,-0.18848116130416295,True,False,False,True,False,True,False,False,False,False,0,True,False,False,True,False,False,False
-0.29169607041595313,-0.1418631706701798,-0.3178969328878323,False,False,False,True,True,True,True,True,True,True,0,False,True,True,False,True,True,False
-0.8932045695003422,-1.1188008067964355,-0.3046235204177124,False,False,False,True,True,True,False,True,False,False,0,False,False,False,False,False,False,True
-0.2844516249890244,-0.019745966154397852,-0.47551870597050655,False,False,False,True,False,False,True,False,False,False,0,False,True,True,True,True,True,False
-0.9772620893176461,-1.2816237461508113,0.3507512202944595,True,False,False,True,False,True,False,True,False,False,0,False,False,True,True,True,False,False
1.6179836498523317,1.5270719577121736,0.7655453599857075,False,True,True,True,True,True,True,True,False,True,0,True,False,False,False,False,True,False
-1.0015858636601827,-1.2816237461508113,-1.4876164068171518,False,False,False,True,False,True,False,False,False,False,0,False,False,False,False,False,False,True
-0.16331571630480332,-0.22327464034736777,0.34079616094186965,False,True,False,False,True,True,True,False,False,False,1,False,False,False,False,False,False,False
-0.8691661824018967,-0.7524491932490895,-1.3316538102932427,False,False,False,True,False,True,False,False,True,False,0,True,False,False,False,False,True,False
0.2481248782148908,-0.10115743583158582,0.9663057235962715,False,True,False,True,False,True,True,False,False,False,0,True,False,False,True,True,True,False
0.6779619735459981,1.2828375486806096,-0.16193433636392318,False,False,True,True,True,True,True,True,False,False,0,False,True,True,True,True,False,False
-0.5286992002011744,0.387311382231542,-1.3216987509406526,False,False,False,True,False,True,True,False,False,False,0,False,False,False,False,False,True,False
-0.979742763054746,-1.2816237461508113,0.16326426915401518,True,True,False,False,False,True,False,False,False,False,1,False,False,False,False,False,False,False
-0.6831815107141981,0.30589991255435406,-1.477661347464562,False,False,False,True,False,True,True,False,False,False,0,False,True,False,False,False,False,False
1.92721170525754,1.3642490183577978,1.1902945590295455,True,True,False,False,False,True,True,False,False,True,1,True,False,False,True,True,False,False
-0.9881068045931091,-1.2816237461508113,-0.4688819997354467,True,False,False,False,False,True,False,True,False,False,0,False,False,False,False,False,False,False
-0.038974689340789334,-0.22327464034736777,0.5564891135813186,True,False,False,True,True,False,False,True,True,False,0,False,False,True,True,True,False,False
-0.47096316543504513,-0.1418631706701798,-0.6613464805521857,True,False,False,False,True,True,True,False,False,False,1,False,False,True,False,True,False,False
1.8068880525757318,1.3235432835192036,1.1322233794727707,False,True,True,False,True,True,True,True,False,True,0,True,True,False,True,False,True,False
-0.016363238462799527,-0.3453918448631497,0.9497139580086216,True,True,False,False,False,True,True,False,False,False,1,True,False,False,True,True,False,False
2.248316260589925,1.6084834273893616,1.135541732590301,True,True,True,True,True,True,True,False,False,True,0,True,False,True,False,True,False,False
0.17186062544776798,1.5270719577121736,-0.8554701379276899,False,False,True,True,True,True,True,True,False,False,0,False,False,True,False,False,True,False
-0.24511209103430817,-0.5489205190561197,1.057560434328346,True,True,False,False,False,True,True,False,False,False,0,False,False,True,True,True,False,False
-0.7498523615068728,-1.0373893371192475,0.8468450113651922,True,True,False,True,False,True,False,False,False,False,0,True,False,True,True,False,False,False
-0.5870060094554861,-0.9152721326034655,0.8684143066291369,True,True,False,False,False,True,False,True,False,False,0,False,True,True,True,False,False,False
-0.2304475772610099,1.6084834273893616,-1.3532231055571875,False,False,True,False,False,True,True,False,False,False,0,True,False,False,False,False,True,False
-0.9488989878279734,-1.2409180113122174,0.3076126297665698,True,True,False,True,False,True,True,False,False,False,1,False,False,True,False,False,False,False
1.8296751263731625,1.6084834273893616,0.8634367769528422,False,False,True,False,True,True,True,True,False,True,0,True,False,True,True,True,False,False
0.723492215410999,0.26519417771576004,1.2052271480584305,True,True,False,False,False,True,True,True,False,False,1,True,False,False,True,True,False,False
-0.6873086493210544,0.22448844287716607,-1.4842980536996218,False,False,True,False,False,False,False,False,False,False,1,False,False,False,False,False,False,True
-0.2764827350194028,-0.5082147842175256,0.5481932307874936,True,True,False,False,False,True,False,False,False,False,1,False,False,False,False,True,False,False
1.9188476637191765,1.4863662228735797,1.0044667844478665,False,True,True,True,False,True,True,True,False,False,0,False,True,False,True,True,True,False
0.10393846135407829,-0.10115743583158582,0.7141108866639929,True,True,False,False,False,False,True,False,True,False,0,False,True,True,False,True,False,False
0.4235282690062875,0.9978974048104517,-0.2465523408609377,False,False,True,True,False,True,True,True,False,True,0,False,False,True,True,True,False,False
-0.8171378925175901,-0.6303319887333076,-1.3034478087942378,False,False,False,True,False,True,False,False,False,False,0,False,False,False,False,False,False,True
-0.5072292982995492,0.8350744654560759,-1.461069581876912,False,False,True,False,False,False,True,False,False,False,0,False,True,False,False,False,False,True
-0.8380809256608933,-1.1188008067964355,0.6560397071072182,True,True,False,False,False,True,False,False,False,True,1,False,False,False,True,False,False,False
-0.5743611592557558,0.428017117070136,-1.3432680462045974,False,False,False,False,False,True,True,False,True,False,0,True,True,False,False,False,False,False
1.3273496710429074,1.3235432835192036,0.6394479415195682,False,False,True,True,False,True,True,True,False,True,0,True,True,True,True,True,False,False
-0.7102054874431354,0.18378270803857208,-1.5125040551986266,True,False,False,False,False,False,True,False,False,False,0,False,True,False,False,False,False,False
-0.9062226184038839,-0.8745663977648716,-1.4760021709057967,False,False,False,True,False,True,False,False,False,False,0,False,False,False,False,False,True,False
0.5704807468482912,0.5094285867473239,0.458597696614184,False,False,False,True,False,False,True,False,True,True,0,True,True,True,True,True,True,False
0.5907432411787618,0.18378270803857208,1.034331962505636,False,True,False,True,False,True,False,False,False,True,0,False,False,False,True,True,True,False
-0.5845911943131765,-0.5896262538947137,-0.2880317548300625,False,False,False,True,True,False,False,False,False,False,0,True,False,False,False,False,False,True
-0.20221619296091778,0.5094285867473239,-0.7509420147254954,False,False,False,True,True,False,False,True,True,False,0,False,False,True,False,False,False,False
-0.9634976430064814,-1.2002122764736234,-0.9782492032762992,False,False,False,True,True,True,False,False,False,True,0,False,False,False,False,False,False,True
-0.9337076052963532,-1.0373893371192475,-1.4826388771408567,False,False,False,True,False,True,True,False,False,False,0,False,True,False,False,False,False,False
0.028025454425836736,-0.10115743583158582,0.48846287467195404,False,True,False,True,False,True,True,False,False,True,1,False,False,True,False,False,False,True
-0.8750715030680902,-1.1188008067964355,-0.3560579937394271,True,False,False,False,True,False,False,True,False,False,0,False,False,False,False,False,False,False
0.2243060197657462,-0.1825689055087738,1.2068863246171952,False,True,False,False,False,True,True,True,False,False,1,True,False,False,True,True,True,False
-0.8811304937887943,-1.1595065416350294,0.31590851256039476,True,True,False,False,False,True,False,False,False,False,1,True,False,False,False,False,False,False
-0.4001871289004441,-0.22327464034736777,-0.3693314062095472,True,False,False,True,False,True,True,True,False,True,0,False,False,False,False,False,False,False
1.3376455646951182,0.7129572609402939,1.3893957460813444,True,True,False,False,False,True,False,True,True,True,1,True,False,False,True,True,False,False
0.8522238153610304,0.7536629957788878,0.5000771105833088,False,True,False,True,False,False,False,False,False,False,0,True,False,True,False,False,True,False
-0.7457032700350864,-0.10115743583158582,-1.5141632317573919,False,False,True,False,False,False,True,False,False,False,0,False,True,False,False,False,False,True
-0.5111808139869649,-0.7524491932490895,0.5150096996121938,False,False,False,False,False,False,True,True,False,True,0,True,True,False,True,True,True,False
2.107554490658206,1.5270719577121736,1.2616391510564402,True,True,False,True,False,True,True,False,False,True,1,True,False,True,True,True,False,False
2.4815215447422414,1.5677776925507676,1.6001111690444987,False,True,False,True,False,True,True,True,True,True,0,True,False,True,True,True,False,False
-0.6344241977044744,-0.1418631706701798,-1.1391893294765034,True,False,False,False,False,True,False,False,False,True,0,False,False,False,False,False,False,False
1.4839175037242893,1.0386031396490458,1.1753619700006603,False,True,False,True,False,False,True,False,True,False,0,True,False,True,True,True,True,False
-1.002134685283435,-1.2816237461508113,-1.5290958207862766,False,False,False,True,False,True,False,False,False,False,0,False,False,False,False,False,False,True
-0.5158787270820037,0.14307697319997809,-1.1242567404476187,False,False,True,False,True,False,False,False,False,False,0,False,False,False,False,False,False,False
-0.18190979290058712,1.6084834273893616,-1.3034478087942378,False,False,True,False,False,False,True,False,False,False,0,True,False,False,False,False,False,False
-0.4268159540606398,-0.6303319887333076,0.5498524073462585,False,True,False,True,False,False,True,False,False,False,1,False,False,False,False,True,False,False
-0.5449223673845089,-0.8338606629262776,1.1006990248562358,True,True,False,False,False,True,True,False,False,True,1,True,False,True,True,False,False,False
-0.13969443364002943,1.3642490183577978,-1.1773503903280982,False,False,False,True,False,False,False,True,True,False,0,False,False,False,False,False,True,False
-0.8899555454906893,-1.1188008067964355,-0.3029643438589475,False,False,False,True,True,True,False,False,False,False,0,False,False,True,False,False,False,True
-0.9907631012496497,-1.2816237461508113,-0.6696423633460107,True,False,False,True,False,True,False,False,False,False,0,False,False,False,False,False,False,False
-0.7288654226337096,-0.7524491932490895,-0.6746198930223056,True,False,False,True,False,False,True,False,True,False,0,False,False,False,False,False,False,False
-0.9465719841453841,-1.2409180113122174,0.2860433345026247,False,True,False,False,False,True,True,False,False,True,0,False,True,False,False,False,False,False
-0.9773499007773664,-1.2816237461508113,0.3441145140593994,True,True,False,True,False,True,False,False,False,False,0,True,False,False,False,False,False,False
-0.9969977148897944,-1.2816237461508113,-1.1408485060352684,False,False,False,False,False,False,False,True,False,False,0,False,False,False,False,False,False,True
-0.9442888861926552,-1.0373893371192475,-1.4793205240233267,False,False,False,False,False,False,False,False,False,False,0,False,False,False,False,False,False,True
-0.7859428714519362,-0.2639803751859618,-1.480979700582092,True,False,False,True,False,True,False,False,False,False,0,False,False,False,False,False,False,False
-0.930656157071071,-1.2409180113122174,0.7074741804289328,True,True,False,False,True,True,False,True,False,True,0,False,False,False,False,False,False,False
-0.7501597016158941,-0.6303319887333076,-1.013091911010364,False,False,False,True,True,False,True,False,False,False,0,False,False,True,False,False,False,True
-0.4976798020549613,-0.3453918448631497,-0.5053838840282764,False,False,False,True,False,True,False,False,False,False,0,False,False,True,False,False,False,True
-0.7729028696834644,-0.8338606629262776,-0.7011667179625456,False,False,False,False,False,False,False,False,False,False,0,False,False,False,False,False,False,False
-0.8040539850192582,-0.22327464034736777,-1.4959122896109767,False,False,True,True,False,False,False,False,False,False,0,False,False,False,False,False,True,False
-0.3951160171015939,1.5270719577121736,-1.5174815848749215,False,False,True,False,False,True,True,False,False,False,0,False,True,False,False,False,False,True
1.1103456012089954,0.428017117070136,1.4806504568134191,False,True,False,False,True,True,True,True,True,False,1,True,False,True,True,True,False,True
0.45691857656495016,0.22448844287716607,0.8020472442785371,False,True,False,False,False,True,False,False,True,False,0,False,False,False,True,True,False,True
-0.9404032291000298,-1.2409180113122174,0.5249647589647837,True,True,False,False,False,False,False,False,False,False,0,False,False,False,False,True,False,False
1.8188962696924897,1.2421318138420157,1.2433882089100254,True,True,False,True,False,True,True,False,False,True,0,True,False,True,True,True,False,False
1.9872527908413284,1.6084834273893616,1.050923728093286,False,True,True,False,True,True,True,True,False,True,1,True,False,True,False,False,False,False
-0.7680073808040551,-0.8338606629262776,-0.5004063543519814,False,False,True,False,True,False,False,True,False,False,0,False,False,True,False,True,False,True
-0.19328137693437233,0.1023712383613841,-0.26812163612488255,True,False,False,False,False,False,True,True,False,True,0,False,False,False,False,False,False,False
-0.4067510355145401,-0.6710377235719016,0.8551408941590172,True,True,False,False,True,False,True,False,False,True,0,True,False,True,False,False,False,False
0.34610051439787,-0.019745966154397852,1.1255866732377107,True,True,False,False,False,True,True,False,False,True,0,True,True,False,True,True,False,False
1.8486424016727578,1.6084834273893616,0.858459247276547,False,True,True,True,False,True,True,False,False,False,0,True,True,True,False,True,True,False
-0.4356849114923951,0.020959768684196134,-0.8571293144864547,True,False,False,True,False,True,False,False,True,True,0,False,False,False,True,False,False,False
1.2886687230360936,0.7129572609402939,1.2765717400853254,False,True,False,True,False,True,True,True,True,True,0,False,True,True,True,True,False,False
-0.18127315981761458,-0.10115743583158582,-0.014267622633838777,False,False,False,True,True,True,False,False,False,False,0,True,False,False,False,True,False,True
-0.9787987898627521,-1.2002122764736234,-1.462728758435677,False,False,False,False,False,False,True,False,False,False,0,False,False,False,False,False,False,True
-0.342516952729105,1.6084834273893616,-1.464387934994442,False,False,True,True,False,True,False,False,False,False,0,False,False,False,False,False,False,True
-0.9796329987300956,-1.2816237461508113,0.17156015194784016,True,True,False,False,False,True,False,False,False,False,0,False,False,False,False,False,False,False
-0.23470643305744682,1.5677776925507676,-1.3366313399695375,False,False,True,True,False,True,False,False,False,False,1,True,False,False,False,False,False,True
-0.9907850541145798,-1.2816237461508113,-0.6713015399047756,False,False,False,True,False,False,True,False,False,False,0,False,False,False,False,False,True,False
-0.9907411483847196,-1.2816237461508113,-0.6679831867872458,True,False,False,True,False,True,False,False,False,False,0,False,False,False,False,False,False,False
-0.40899022773740906,-0.7524491932490895,1.1703844403243657,True,True,False,False,False,True,True,False,False,True,1,True,False,False,True,True,False,False
-0.4530057219222339,-0.7117434584104956,0.695859944517578,False,True,False,False,False,True,False,False,False,True,0,False,True,False,False,True,False,False
-0.9193723844970062,-1.1595065416350294,-0.46390447005915153,False,False,False,True,False,True,False,False,False,True,1,False,False,False,True,True,True,False
-0.9433668658655916,-1.2409180113122174,0.48846287467195404,False,True,False,False,False,True,False,False,False,False,0,False,False,False,True,False,False,True
-0.81456940732077,-1.1188008067964355,0.6046052337855035,False,True,False,False,False,True,False,False,False,False,1,True,False,False,True,False,True,False
0.8707959390918838,0.9571916699718578,0.35904710308828447,False,False,False,True,False,True,False,True,True,True,0,False,False,False,True,True,False,False
-0.25736178966529677,1.5270719577121736,-1.3134028681468275,False,False,True,True,False,False,True,False,False,False,0,True,True,False,False,False,False,True
-0.782101120089171,-1.0373893371192475,0.2877025110613896,True,True,False,True,False,False,False,False,False,False,0,True,False,False,False,False,False,False
1.3095458975846066,0.9164859351332638,1.057560434328346,True,True,False,True,False,True,False,False,False,False,0,True,False,False,True,True,False,False
-0.6551037964686166,0.1023712383613841,-1.3100845150292975,False,False,True,True,False,False,True,False,False,False,0,True,True,False,False,False,False,False
-0.889362818137577,-0.6710377235719016,-1.4909347599346818,False,False,False,True,False,False,False,False,False,False,0,False,False,False,False,False,False,True
-0.9891824949746835,-1.2409180113122174,-1.5158224083161567,False,False,False,True,False,False,False,False,False,False,0,False,True,False,False,False,False,True
-0.9385372355809724,-0.9559778674420595,-1.4859572302583868,False,False,False,True,False,True,False,False,True,False,0,False,False,False,False,False,False,True
0.00945333069498289,-0.3453918448631497,0.9679649001550363,True,True,False,True,False,True,False,False,False,False,0,True,False,False,True,True,False,False
-0.9800720560286973,-1.2816237461508113,0.13837662077254032,False,True,False,False,False,True,True,False,False,False,0,False,True,False,False,False,False,True
-0.45998673297000153,1.2014260790034217,-1.4959122896109767,False,False,True,True,False,False,False,False,False,False,0,False,False,False,False,False,False,False
-0.8583214671264336,-1.1188008067964355,0.16990097538907525,True,False,False,True,False,True,False,False,False,False,0,False,False,True,True,True,False,False
-0.661996996056664,-0.9152721326034655,0.4751894622018339,True,True,False,True,False,True,False,False,False,False,1,False,False,False,False,True,False,False
1.3419483262214154,1.5677776925507676,0.2843841579438598,False,False,True,True,True,False,True,True,False,True,0,True,False,False,True,False,True,False
-0.7079004366254762,0.14307697319997809,-1.5390508801388667,False,False,True,True,False,True,False,False,False,False,0,False,False,False,False,False,True,False
0.3978873227679458,0.06166550352279012,1.085766435827351,True,True,False,False,False,True,True,False,False,False,0,True,False,False,True,True,False,False
-0.8721298191674585,-0.8338606629262776,-1.2785601604127628,False,False,False,True,False,False,True,False,True,False,0,True,True,False,False,False,False,True
-0.541431861860625,0.8350744654560759,-1.4842980536996218,False,False,False,True,False,False,True,False,True,False,0,False,True,False,False,False,True,False
-0.9343881441091858,-1.0373893371192475,-1.4942531130522119,False,False,False,False,False,False,False,False,True,False,0,False,False,False,False,False,False,True
-0.1597813050510592,1.6084834273893616,-1.3017886322354726,False,False,True,False,False,True,True,False,False,False,1,True,False,False,False,False,True,False
-0.2451559967641683,-0.5896262538947137,1.1438376153841259,True,True,False,True,True,True,True,False,False,False,0,True,False,False,True,True,False,False
0.05406155223292002,-0.06045170099299184,0.3507512202944595,False,False,False,True,True,True,True,True,True,True,0,False,False,True,False,True,True,False
0.5008901650199149,0.7129572609402939,0.1566275629189556,True,False,False,True,False,True,True,True,True,False,0,True,True,True,True,False,False,False
-0.8200795764182218,-0.4268033145403377,-1.4925939364934466,False,False,False,True,False,False,True,False,True,False,0,False,True,False,False,False,False,True
2.4574612047788658,1.6084834273893616,1.4856279864897142,False,True,True,True,False,False,True,True,False,True,1,True,False,True,True,True,True,False
-0.9796988573248858,-1.2816237461508113,0.16658262227154547,False,True,False,True,False,True,True,False,False,False,0,False,True,False,False,False,True,False
-1.0015639107952525,-1.2816237461508113,-1.4859572302583868,False,False,False,False,False,True,False,False,False,False,0,False,False,False,False,False,False,True
-0.8659830169870341,-0.9559778674420595,-0.8056948411647401,False,False,False,True,False,False,True,True,False,False,0,False,False,False,True,False,False,True
2.3010689950169247,1.6084834273893616,1.3479163321122196,False,True,True,True,True,True,True,False,False,False,0,True,True,True,True,True,False,False
1.7203498590213284,1.0386031396490458,1.3180511540544502,True,True,False,True,False,True,False,True,True,False,0,True,False,True,True,True,False,False
0.6255824378228101,0.1023712383613841,1.440830219403059,True,True,False,False,True,True,False,False,True,True,1,True,False,True,True,True,False,False
-0.3969161520258611,1.5677776925507676,-1.4942531130522119,False,False,True,False,False,False,True,False,False,False,0,False,True,False,False,False,True,False
1.5409071410827955,1.6084834273893616,0.4851445215544238,False,False,True,True,True,False,True,True,False,True,0,True,False,True,False,True,True,False
-0.41814457241325537,-0.6303319887333076,0.46357522629047915,True,True,False,False,True,False,True,False,False,False,0,True,False,False,False,False,False,False
1.8525939173601735,1.6084834273893616,0.7672045365444724,False,False,True,False,True,False,True,True,False,True,0,True,False,True,True,True,False,False
1.2111092512380957,0.7129572609402939,1.1438376153841259,True,True,False,True,False,False,True,True,True,False,0,True,False,False,True,True,False,False
-0.7839671136082283,-0.2639803751859618,-1.5191407614336867,False,False,True,True,False,True,True,False,False,False,0,False,True,False,False,False,True,False
-0.98830438037748,-1.2816237461508113,-0.48381458876433153,True,False,False,True,False,True,True,False,False,False,0,False,False,True,True,True,False,False
0.7340515434423708,0.46872285190873,0.7705228896620027,False,True,False,False,False,True,False,False,False,True,0,False,False,True,True,False,True,False
0.8913218678015153,0.7943687306174818,0.6261745290494481,False,True,False,True,False,True,False,False,False,False,0,False,False,True,False,True,True,False
0.4988485485814167,0.1023712383613841,1.1902945590295455,True,True,False,True,False,True,True,False,False,False,1,True,False,True,True,True,False,False
-0.9776133351565276,-1.2816237461508113,0.3242043953542197,True,True,False,True,False,False,False,True,False,False,1,False,False,False,False,False,False,False
-0.9629268685182991,-1.2409180113122174,-0.36767222965078206,False,False,False,True,True,True,False,False,False,True,0,False,False,False,False,False,False,True
-0.38053931478801606,0.1023712383613841,-0.8322416661049798,True,False,False,False,False,True,False,False,False,False,1,False,False,True,True,False,False,False
0.30831963385319006,0.14307697319997809,0.6942007679588127,False,False,False,False,True,False,False,True,True,True,0,False,False,True,True,True,False,False
1.9384954778316046,1.6084834273893616,0.8368899520126024,False,False,True,False,True,True,True,True,False,True,1,True,True,True,True,True,False,False
-0.4445758217890804,-0.3453918448631497,-0.47551870597050655,False,False,False,True,True,True,False,False,True,False,0,False,False,False,True,True,False,True
-0.022553946373084277,-0.4675090493789317,1.3661672742586346,True,True,False,True,False,True,True,True,False,False,0,True,False,True,True,True,False,False
0.6789059467379918,0.5501343215859179,0.6411071180783331,False,True,False,False,True,False,False,False,False,True,0,True,False,False,False,False,False,True
-0.801748934201599,-0.6303319887333076,-1.3316538102932427,False,False,False,False,False,False,False,False,False,False,0,True,False,False,False,False,False,True
-0.44620033379390683,-0.7117434584104956,0.9862158423014517,True,True,False,False,False,True,True,False,False,True,1,False,False,False,True,True,False,False
-0.7267579476004211,-0.6303319887333076,-0.9716124970412393,False,False,False,False,False,True,True,False,False,True,0,False,False,True,False,False,True,False
0.6830769910747084,1.3235432835192036,-0.20009539721551794,False,False,True,False,True,False,True,True,False,False,0,False,False,True,False,False,True,False
0.15186156549645846,0.06166550352279012,0.46523440284924406,False,True,False,True,False,True,True,False,True,False,0,False,True,False,False,True,False,False
1.074013609749701,0.7129572609402939,0.9480547814498567,False,True,False,True,True,True,False,True,False,True,0,False,False,False,False,True,True,False
-0.9797208101898158,-1.2816237461508113,0.16492344571278056,False,True,False,True,False,True,True,False,False,False,0,False,True,False,False,False,False,True
1.498472253172937,1.3642490183577978,0.6328112352845081,False,False,True,True,True,True,True,True,False,False,0,True,True,True,True,True,False,True
-0.9790841771068434,-1.2816237461508113,0.21303956591696496,True,True,False,False,False,False,False,False,False,False,0,False,False,False,False,False,False,False
-0.33880691855592027,1.6084834273893616,-1.4942531130522119,False,False,True,True,False,False,False,False,False,False,0,False,True,False,False,False,True,False
-0.33687506644207266,1.0793088744876398,-1.3100845150292975,False,False,True,False,False,False,True,False,False,False,0,True,True,False,False,False,False,True
-0.29694280513424404,-0.4675090493789317,0.4171182826450592,False,False,False,True,True,False,True,True,True,True,0,True,True,False,True,False,False,True
-0.6732588157657986,-0.9559778674420595,0.8435266582476619,True,True,False,True,False,True,True,False,True,False,0,True,True,True,True,False,False,False
-0.6536768602481609,0.1023712383613841,-1.3532231055571875,True,False,False,False,False,False,False,False,False,False,0,False,False,False,False,False,False,False
-0.7916506163337589,-0.9152721326034655,-0.4556085872653266,True,False,False,False,False,False,False,False,False,True,0,False,False,False,False,False,False,False
-0.39474281839778247,0.9571916699718578,-1.3532231055571875,False,False,True,True,False,False,True,False,False,False,0,True,True,False,False,False,False,False
0.8223679190561118,1.3642490183577978,-0.03583691789778363,False,False,False,False,True,True,False,True,True,True,1,True,False,False,False,False,True,False
-0.8343050328929184,-1.1188008067964355,0.6792681789299281,True,True,False,True,False,True,True,True,False,True,0,True,False,False,False,False,False,False
-0.9320391875616665,-0.9559778674420595,-1.4826388771408567,False,False,False,True,False,False,False,False,False,False,0,False,False,False,False,False,False,True
0.5362342775573552,0.590840056424512,0.2877025110613896,True,False,True,True,False,False,True,False,False,True,0,False,False,True,True,True,False,False
-0.7230479134272364,-0.8338606629262776,-0.3527396406218973,True,False,False,False,False,True,False,True,False,True,0,False,False,False,False,False,False,False
1.1057354995736772,1.2014260790034217,0.4984179340245439,False,False,True,False,True,True,True,True,False,False,1,False,False,True,True,True,True,False
0.0544786566665918,0.06166550352279012,0.3524103968532244,True,True,False,True,False,True,True,False,False,False,1,True,False,False,False,False,False,False
-0.8666416029349368,-0.6710377235719016,-1.4826388771408567,False,False,False,True,False,False,False,False,False,False,0,False,False,False,False,False,False,False
-1.0015200050653925,-1.2816237461508113,-1.4826388771408567,False,False,False,True,False,True,False,False,False,False,0,False,True,False,False,False,False,True
-0.10369173515468642,0.5501343215859179,-0.6547097743171256,False,False,False,True,False,True,False,False,False,False,0,False,False,False,False,False,True,False
-0.8004976209005841,-0.38609757970174374,-1.5025489958460367,False,False,False,False,False,True,False,False,True,False,0,False,False,False,False,False,True,False
-0.40128477214694847,-0.6303319887333076,0.4950995809070136,False,False,False,False,True,False,False,True,True,True,0,False,False,False,True,True,True,False
-0.09763274443398247,-0.22327464034736777,0.44034675446776916,False,False,False,False,False,False,False,True,True,True,0,False,False,True,True,True,False,True
-0.6823473018468548,-0.5896262538947137,-0.6397771852882409,False,False,False,True,False,True,False,False,False,False,0,False,True,False,False,False,True,False
-0.7570089954740813,-0.5489205190561197,-1.016410264127894,False,False,False,True,False,True,True,False,False,True,1,False,False,True,False,False,True,False
0.10101873031837665,0.020959768684196134,0.47187110908430413,True,False,False,False,False,True,True,True,True,False,0,True,True,True,True,True,False,False
1.0796335431718036,1.6084834273893616,0.06039532251058587,False,False,True,False,True,False,True,True,False,True,0,True,True,False,False,False,True,False
-0.9113376359325942,-1.2002122764736234,0.19147027065302033,False,False,False,True,False,False,False,True,False,False,0,False,True,False,True,True,False,True
2.3762795102674037,1.5677776925507676,1.4126242179040545,True,True,False,True,True,True,True,False,False,True,1,True,False,True,True,True,False,False
-0.8549626787921304,-1.0373893371192475,-0.4622452935003867,False,False,False,True,True,True,False,False,False,False,0,False,False,False,False,False,False,True
1.7918942458284826,0.9164859351332638,1.7112759984817532,True,True,False,True,True,True,False,True,False,True,1,True,False,True,True,True,False,False
0.029847542215034013,-0.10115743583158582,0.5266239355235486,False,False,True,False,False,False,True,True,False,True,0,False,True,True,True,True,False,False
2.2223240685127017,1.6084834273893616,1.2699350338502653,False,True,False,False,False,True,True,False,True,True,0,True,True,True,True,True,True,False
1.0429283530086977,1.2421318138420157,0.35738792652951956,False,False,True,True,True,False,True,True,False,False,0,True,True,True,False,True,False,True
-0.8680685391553924,-1.1595065416350294,0.5100321699358986,False,True,False,False,False,True,False,False,False,True,0,True,False,False,False,False,False,True
-0.6470031893094144,-0.8745663977648716,0.47187110908430413,False,True,False,True,False,True,False,False,False,False,1,False,False,False,False,True,True,False
-0.5700144919995986,-0.5082147842175256,-0.4954288246756865,False,False,False,True,False,False,False,True,False,False,0,False,False,False,False,False,False,True
-0.8373784339831305,-0.7931549280876836,-1.1308934466826785,False,False,False,False,True,True,False,False,False,False,0,False,False,False,False,False,False,False
-0.7683586266429364,-0.9152721326034655,-0.3112602266527725,False,False,False,False,False,True,True,False,False,True,0,False,True,True,False,False,False,True
1.047845794753037,0.428017117070136,1.520470694223779,False,True,False,True,False,True,True,True,False,True,1,True,True,True,True,True,False,False
-0.31022428841694677,-0.5896262538947137,0.7937513614847123,True,True,False,False,False,True,True,True,False,False,0,True,False,False,True,False,False,False
-0.9902801382211879,-1.2816237461508113,-0.6331404790531808,False,False,False,True,False,True,False,False,False,False,1,False,False,False,False,False,False,True
-0.42203022950588087,-0.6710377235719016,0.7074741804289328,True,True,False,False,False,True,False,False,False,True,0,False,False,False,False,True,False,False
-0.9995662000866148,-1.2816237461508113,-1.3349721634107725,False,False,False,False,False,False,False,False,False,False,0,False,True,False,False,False,False,True
-0.9723885533031668,-1.2816237461508113,0.7190884163402875,True,True,False,True,False,True,False,False,False,False,0,True,False,False,False,True,False,False
0.6829233210201978,0.428017117070136,0.8169798333074222,False,True,False,True,False,True,False,False,False,False,1,False,False,False,True,True,False,True
-0.9894678822187747,-1.2409180113122174,-1.4925939364934466,False,False,False,True,False,False,False,False,True,False,0,False,False,False,False,False,False,True
-0.34585378819847834,1.0386031396490458,-1.3432680462045974,False,False,True,True,False,True,False,False,False,False,0,True,False,False,False,False,True,False
0.29225013672436606,0.8757802002946699,-0.31457857977030224,True,False,False,True,False,True,False,False,True,True,1,False,False,True,True,True,False,False
-0.7112372720948494,-0.6303319887333076,-0.6746198930223056,False,False,False,True,False,False,False,False,True,False,0,False,True,False,False,False,False,True
2.0067469348992457,1.3642490183577978,1.1654069106480704,False,True,False,True,False,True,True,True,False,False,1,True,False,False,True,True,True,False
-0.8019465099859698,-1.1188008067964355,0.6726314726948681,True,True,False,False,False,True,False,False,False,False,0,True,False,False,True,False,False,False
0.769615184629112,0.9571916699718578,0.27608827515003487,False,False,True,False,True,False,False,True,False,False,1,True,False,True,False,True,False,False
-0.9144768956175967,-0.9152721326034655,-1.4892755833759168,False,False,False,True,False,True,True,False,False,False,0,False,True,False,False,False,True,False
-0.6450932900604968,-0.9152721326034655,0.6560397071072182,False,True,False,False,True,True,False,False,False,False,0,False,False,False,True,False,False,True
2.4870975724344837,1.6084834273893616,1.5652684613104335,False,True,True,False,True,False,True,True,False,True,0,True,False,True,True,True,True,False
-0.9406227577493307,-1.0373893371192475,-1.469365464670737,False,False,False,False,False,False,True,False,False,False,0,False,True,False,False,False,False,True
-0.9682394618313802,-1.1595065416350294,-1.3499047524396575,False,False,False,False,False,True,False,False,False,False,0,False,False,False,False,False,False,True
0.514017978248107,0.6722515261016999,0.22797215494585,True,False,False,False,True,False,True,False,True,True,0,True,False,True,False,True,False,False
2.099212401984773,1.3642490183577978,1.4706953974608292,False,True,True,False,True,False,True,False,False,True,0,True,True,True,True,True,False,False
1.3986964820656906,0.7943687306174818,1.3728039804936945,True,True,True,True,True,True,True,True,False,True,0,False,False,True,True,True,False,False
1.5501712500832923,0.7943687306174818,1.520470694223779,True,True,False,True,False,True,False,True,False,True,1,True,False,True,True,True,False,False
-0.9799403388391167,-1.2816237461508113,0.14833168012513065,False,True,False,True,False,False,False,False,False,False,0,False,False,False,False,False,False,True
-0.8304413286652229,-0.6303319887333076,-1.3548822821159523,False,False,False,False,False,False,True,False,False,False,0,True,True,False,False,False,False,True
1.0407111136507587,1.4049547531963917,0.14169497389007057,False,False,True,True,True,True,True,True,False,True,0,False,False,False,False,True,True,False
-0.46894350186147715,-0.3453918448631497,-0.5186572964983965,False,False,False,False,False,True,False,False,False,False,0,False,False,True,False,False,True,False
0.571710107284376,1.1200146093262338,-0.1370466879824483,False,False,True,False,False,False,True,True,False,True,0,False,False,True,True,True,True,False
-0.7683366737780063,-0.9966836022806536,0.17156015194784016,False,True,False,True,False,True,False,False,False,False,0,False,False,False,False,False,False,True
-0.2466268387144842,-0.019745966154397852,-0.3560579937394271,True,False,False,False,False,True,False,False,False,True,0,True,False,False,False,False,False,False
-0.4901280165190113,-0.7524491932490895,0.5880134681978536,True,True,False,True,False,True,True,False,False,True,0,True,False,True,False,False,False,False
-0.9706323241087598,-1.2816237461508113,0.8518225410414869,True,True,False,False,False,True,True,False,False,True,1,True,False,False,True,False,False,False
-0.9697322566466261,-1.2409180113122174,-0.6895524820511906,True,False,False,True,False,True,False,False,False,False,1,False,False,False,False,False,False,False
0.9163481338218148,0.428017117070136,1.1969312652646056,True,True,False,True,False,True,True,False,False,True,1,True,False,False,True,True,False,False
-0.24089714096773138,-0.30468611002455576,0.15165003324266044,False,False,False,False,True,True,True,True,False,False,1,True,False,False,True,False,True,False
-0.6695926873224741,0.428017117070136,-1.5174815848749215,False,False,False,True,False,True,True,False,True,False,0,False,True,False,False,False,False,True
-0.6269382707633147,0.590840056424512,-1.4826388771408567,False,False,True,False,False,False,True,False,False,False,0,False,True,False,False,False,True,False
1.4214396501332611,1.2421318138420157,0.8186390098661871,False,True,False,False,False,True,False,False,False,False,1,True,False,True,False,True,False,False
-0.555767082659972,1.0386031396490458,-1.5191407614336867,False,False,True,True,False,True,False,False,False,False,0,False,False,False,False,False,False,False
-0.8917995861448166,-0.9152721326034655,-1.3416088696458326,False,False,False,False,False,True,False,False,False,False,0,True,False,False,False,False,False,True
-0.33417486405567187,-0.30468611002455576,-0.12875080518862334,True,False,False,False,True,False,False,False,True,True,0,False,False,True,True,True,False,False
0.7214505989725009,0.387311382231542,0.9994892547715714,True,True,False,False,False,True,True,False,False,False,1,True,False,False,True,True,False,False
1.0898196724993638,0.6722515261016999,1.0177401969179862,True,True,False,False,False,True,True,False,False,False,0,True,True,False,True,True,False,False
2.2977321595475515,1.5270719577121736,1.478991280254654,False,True,False,True,True,True,True,True,True,True,0,False,False,True,True,True,False,False
-0.9950000041811566,-1.2409180113122174,-1.4793205240233267,False,False,False,False,False,False,False,False,False,False,0,False,False,False,False,False,True,False
1.504750772542942,1.6084834273893616,0.5266239355235486,True,False,True,True,True,True,True,True,False,False,0,False,True,True,True,True,False,False
0.7386177393478289,1.6084834273893616,-0.3195561094465974,False,False,True,True,True,False,True,False,False,False,0,True,True,False,False,False,False,False
-0.9840674774459731,-1.2816237461508113,-0.16359351292268806,True,False,False,False,True,True,False,True,False,True,0,False,True,False,False,False,False,False
1.7916527643142515,1.4863662228735797,1.0094443141241611,False,True,False,True,False,True,True,False,False,True,1,True,False,True,False,True,False,False
-0.6548842678193156,-0.9559778674420595,0.858459247276547,False,True,False,False,False,True,False,False,False,False,0,False,False,False,True,True,False,False
-0.9232141358597715,-0.9152721326034655,-1.4909347599346818,False,False,False,True,False,True,False,False,False,False,0,False,False,False,False,False,True,False
1.9176841618778822,1.5270719577121736,1.0824480827098208,False,True,False,True,True,True,True,False,False,True,0,True,True,False,True,False,True,False
-0.7577553928817042,-1.0780950719578415,0.9812383126251565,False,True,False,True,False,False,False,False,False,False,0,False,True,True,True,True,False,True
0.690540965150938,1.3235432835192036,-0.11879574583603324,False,False,False,False,True,False,True,False,True,True,0,False,True,True,False,False,False,False
1.5478222935357728,0.8757802002946699,1.3578713914648095,True,True,False,True,True,True,False,True,True,True,0,False,True,False,True,True,False,False
0.17014830198322115,0.5501343215859179,-0.30794187353524244,False,False,False,False,False,False,False,False,True,False,0,False,False,False,False,True,True,False
1.228408108803004,0.9164859351332638,0.8451858348064274,False,True,False,True,False,True,True,False,False,False,0,True,True,True,True,False,True,False
-0.3258547282471688,1.2828375486806096,-1.3565414586747175,False,False,True,False,False,True,True,False,False,False,0,True,True,False,False,False,False,True
0.9562145365348532,1.2421318138420157,0.23129050806338025,False,False,True,True,True,True,False,True,False,False,0,True,False,True,False,True,False,False
-0.34923452939771166,1.1200146093262338,-1.3532231055571875,False,False,False,True,False,False,True,False,True,False,0,True,False,False,False,False,False,False
1.2133484434609647,0.8757802002946699,1.0011484313303363,False,True,True,False,False,True,False,True,False,False,0,True,False,True,False,True,False,False
-0.8914483403059352,-1.0780950719578415,-0.6696423633460107,True,False,False,True,False,False,False,False,False,False,0,False,False,False,False,False,False,False
2.0900580573089265,1.5677776925507676,1.1305642029140057,False,True,True,False,True,True,True,False,False,True,0,True,True,True,True,False,True,False
0.6790815696574326,0.346605647392948,0.9945117250952766,False,True,False,False,False,True,True,False,False,False,0,False,True,True,True,True,False,False
0.7743570034540109,0.590840056424512,0.6112419400205631,False,True,False,True,False,True,True,False,False,True,0,True,False,True,False,False,False,False
-0.911249824472874,-0.9152721326034655,-1.5075265255223318,False,False,False,True,False,False,False,False,True,False,0,False,False,False,False,False,False,True
0.9071059776862483,0.7129572609402939,0.7672045365444724,True,True,False,False,False,True,True,False,False,True,1,True,False,False,True,False,False,False
-0.8129448953159435,-0.9559778674420595,-0.3178969328878323,True,False,False,True,False,False,False,False,False,False,0,False,True,False,True,False,False,False
1.1805947689852745,0.7943687306174818,1.0393094921819312,False,True,True,True,False,True,True,True,False,False,0,True,True,True,False,True,False,False
-0.6898551816529446,0.22448844287716607,-1.4876164068171518,False,False,False,True,False,False,False,False,True,False,0,False,False,False,False,False,False,True
-0.2897861711670356,-0.5082147842175256,0.4602568731729489,True,True,False,True,False,False,False,False,False,False,0,False,False,False,True,False,False,False
-0.8932704280951325,-1.2002122764736234,0.8982794846869069,True,True,False,True,False,True,False,False,False,False,0,False,False,False,True,True,False,False
1.244214171552667,0.590840056424512,1.2998002119080347,True,True,False,True,False,True,True,False,False,True,0,True,False,True,True,True,False,False
-0.8193112261456688,-0.4675090493789317,-1.462728758435677,False,False,True,False,False,True,False,False,False,False,0,False,False,False,False,False,True,False
-0.9443986505173056,-0.9559778674420595,-1.5075265255223318,False,False,False,False,False,False,False,False,False,False,0,False,False,False,False,False,False,False
2.269391010922809,1.6084834273893616,1.3230286837307448,False,True,True,True,False,True,True,False,False,True,0,True,False,True,True,True,False,False
-0.9225116441820087,-1.2002122764736234,0.15330920980142534,True,True,False,False,False,True,True,False,False,False,0,False,True,False,False,False,False,False
-0.5745587350401267,-0.5896262538947137,-0.24157481118464275,False,False,False,False,True,False,False,False,False,False,0,True,True,False,False,False,False,True
-0.3013772838501216,1.4456604880349857,-1.3266762806169474,False,False,True,False,False,True,True,False,False,False,0,True,False,False,False,False,True,False
1.1552392099910238,1.1607203441648277,0.5299422886410788,False,False,True,True,False,False,True,False,False,True,0,True,False,True,True,True,False,False
-0.3930963535280259,-0.38609757970174374,-0.16525268948145297,False,False,False,True,True,True,True,False,False,False,0,False,False,False,False,True,False,False
0.9810871325006422,0.590840056424512,0.9911933719777464,False,True,False,True,True,False,False,False,True,True,0,True,False,False,True,False,False,False
-0.5125638444775604,-0.7117434584104956,0.3076126297665698,False,True,False,True,False,True,False,False,False,False,1,True,False,False,False,False,True,False
-0.6992071021131617,0.1023712383613841,-1.5025489958460367,False,False,False,False,False,False,True,False,True,False,0,False,True,False,False,False,False,True
-0.7499621258315233,-0.019745966154397852,-1.5141632317573919,False,False,False,False,False,False,True,False,True,False,0,False,False,False,False,False,False,True
1.925938439091595,1.5677776925507676,1.085766435827351,False,True,False,True,True,False,False,True,True,False,0,True,False,False,False,True,True,False
1.4592205306779413,0.7943687306174818,1.3313245665245697,True,True,False,False,False,True,True,False,False,True,0,True,False,True,True,True,False,False
0.9498921114349882,1.6084834273893616,-0.04081444757407856,False,False,True,True,True,True,False,True,False,True,0,False,False,True,True,True,False,False
-0.8715809975442064,-0.8338606629262776,-1.3250171040581826,True,False,False,True,False,False,False,False,False,False,0,True,False,False,False,False,False,False
-0.6384196191217503,0.46872285190873,-1.5125040551986266,False,False,True,True,False,True,True,False,False,False,1,False,False,False,False,False,True,False
2.4494703619443143,1.6084834273893616,1.4839688099309494,True,True,True,True,True,True,True,False,False,True,0,True,False,True,True,True,False,False
-0.34925648226264183,-0.5896262538947137,0.680927355488693,True,True,False,False,False,True,False,True,False,True,1,True,False,False,False,False,False,False
-0.7859428714519362,-1.0373893371192475,0.29599839385521454,True,True,False,False,False,True,False,False,False,False,0,True,False,False,False,False,False,False
-0.6539842003571821,-0.9152721326034655,0.30595345320780487,False,True,False,True,False,True,False,False,False,False,0,True,False,False,False,False,False,True
-0.6350608307874469,0.387311382231542,-1.4826388771408567,False,False,False,True,False,False,True,False,True,False,0,False,True,False,False,False,False,True
2.214991811626053,1.6084834273893616,1.28818597599668,False,True,True,True,False,True,True,False,False,True,0,True,False,True,True,True,False,False
0.1743193463199377,-0.1418631706701798,0.8053655973960674,True,True,False,True,False,True,True,False,False,False,0,True,True,True,False,True,False,False
1.3507514250583803,1.2421318138420157,0.6543805305484532,False,True,True,True,True,True,True,True,False,False,0,True,False,False,False,False,True,False
-1.001673675119903,-1.2816237461508113,-1.4942531130522119,False,False,False,False,False,True,False,False,False,False,0,False,False,False,False,False,False,True
0.004931040519385048,-0.2639803751859618,0.8352307754538371,False,False,False,False,True,True,True,True,True,True,0,True,False,True,True,True,True,False
1.5557253249106042,1.3235432835192036,0.8269348926600121,True,True,False,False,True,True,False,True,True,True,0,True,False,False,False,False,False,False
1.0498874111915355,1.5677776925507676,0.04214438036417105,True,False,False,True,True,True,True,False,True,False,0,True,True,False,True,False,False,False
1.6113099789135852,1.1607203441648277,1.1985904418233704,False,True,True,False,False,True,True,False,False,True,0,True,False,False,True,True,False,False
0.8764817311087767,0.7943687306174818,0.5067138168183688,False,True,False,False,False,True,False,False,True,True,0,True,False,False,False,False,False,True
-0.9677784516678485,-1.2409180113122174,-0.6746198930223056,True,False,False,False,False,False,True,False,False,False,0,False,False,False,True,True,False,False
0.19488918075942938,-0.1418631706701798,1.0276952562705766,True,True,False,True,False,True,True,False,False,True,1,True,False,True,False,True,False,False
-0.8876944004028904,-0.6303319887333076,-1.4876164068171518,False,False,False,True,False,True,False,False,True,False,0,False,False,False,False,False,False,True
-0.536382702926705,1.0386031396490458,-1.5058673489635668,False,False,True,False,False,False,True,False,False,False,0,False,True,False,False,False,True,False
-0.8700882027289605,-1.1595065416350294,0.5946501744329131,False,True,False,False,False,True,False,False,False,False,0,False,False,True,False,True,True,False
-0.05045603769922498,-0.38609757970174374,1.1388600857078308,True,True,False,True,True,True,True,False,False,True,0,True,False,True,True,False,False,False
0.045148689071304746,-0.06045170099299184,0.4950995809070136,False,True,False,False,False,True,False,True,False,False,0,True,False,False,False,False,True,False
1.8096541135569228,1.1607203441648277,1.2948226822317401,True,True,False,False,False,True,False,False,True,True,0,True,False,True,True,True,False,False
-0.7919360035778501,-1.0780950719578415,0.49012205123071895,True,True,False,True,False,True,False,False,False,False,1,False,False,False,True,False,False,False
1.2618423220915271,1.1607203441648277,0.7141108866639929,False,False,True,False,True,False,False,True,False,False,0,True,False,True,True,True,True,False
1.626062304146604,1.0386031396490458,1.3313245665245697,False,True,False,True,False,True,True,True,True,False,0,True,True,True,True,True,False,False
-0.923367805914282,-0.9152721326034655,-1.497571466169742,False,False,False,False,False,True,False,False,True,False,0,False,False,False,False,False,False,True
1.2045453446239998,0.9164859351332638,0.8468450113651922,True,True,False,False,False,False,True,True,False,True,1,True,False,True,False,False,False,False
2.650207358865032,1.6084834273893616,1.7145943515992828,False,True,True,True,True,True,True,True,False,True,0,True,True,True,True,True,False,False
2.3183019939870433,1.6084834273893616,1.3495755086709846,False,True,True,True,True,False,True,True,False,True,0,True,False,True,False,True,False,False
0.6171525376896565,0.30589991255435406,1.067515493680936,False,True,False,True,False,True,True,False,False,False,0,True,False,False,True,True,False,False
-0.8683978321293437,-1.0780950719578415,-0.6397771852882409,False,False,False,False,False,False,True,False,False,False,0,False,False,False,False,False,False,True
2.2372959223950213,1.5270719577121736,1.3794406867287545,True,True,False,False,False,True,True,False,True,True,0,True,True,True,True,True,False,False
0.1993456123402371,-0.10115743583158582,0.8402083051301322,True,True,False,True,False,True,False,False,False,False,0,False,False,False,True,True,False,False
-0.9706542769736898,-1.2816237461508113,0.850163364482722,True,True,False,False,False,False,False,False,False,False,0,False,False,False,True,True,False,False
2.393292980588221,1.4049547531963917,1.7013209391291633,False,True,True,True,True,False,False,True,False,True,0,True,False,True,True,True,True,False
-0.7123788210712141,0.06166550352279012,-1.5042081724048018,False,False,False,True,False,False,True,False,True,False,0,False,True,False,False,False,True,False
-0.9353979758959698,-1.2409180113122174,0.9596690173612115,True,True,False,False,False,True,False,False,False,False,1,True,False,False,True,True,False,False
-0.8051296754008325,-1.0373893371192475,0.17156015194784016,False,True,False,True,False,True,True,False,False,False,1,False,False,False,False,False,False,True
-0.7641656294412897,-0.9966836022806536,0.1582867394777205,True,True,False,True,False,True,False,False,False,False,1,False,False,False,False,False,False,False
0.3775370169777548,0.1023712383613841,0.8269348926600121,False,True,False,True,False,True,True,True,False,False,0,True,False,False,False,True,False,False
-0.6585943019925005,-0.9559778674420595,0.7672045365444724,True,True,False,True,True,True,True,False,False,False,0,True,False,False,False,True,False,False
-0.9672296300445963,-1.0780950719578415,-1.4842980536996218,False,False,False,True,False,True,False,False,False,False,0,False,True,False,False,False,False,True
-0.9151793872953595,-1.1188008067964355,-0.5219756496159262,True,False,False,True,False,True,False,True,False,False,0,False,False,False,False,False,False,False
-0.9096472653329776,-1.2002122764736234,0.3258635719129846,False,True,False,False,False,True,True,False,False,False,0,True,False,False,False,False,True,False
-0.7302923588541652,0.1023712383613841,-1.5191407614336867,False,False,False,True,False,True,False,False,True,False,0,False,False,False,False,False,False,True
-0.6981753174614476,-0.7117434584104956,-0.45892694038285664,True,False,False,False,False,True,True,False,False,False,0,True,False,False,False,False,False,False
-0.46887764326668685,-0.6303319887333076,0.38227557491099445,True,True,False,True,False,True,True,False,False,True,1,False,False,False,False,False,False,False
-0.6590333592911022,0.020959768684196134,-1.3532231055571875,False,False,False,False,False,False,True,False,True,False,0,True,True,False,False,False,True,False
-0.9422033640242969,-1.2002122764736234,-0.47551870597050655,True,False,False,False,False,True,False,False,False,True,0,False,False,False,True,True,False,False
1.0713573130931604,1.4456604880349857,0.1997661534468453,False,False,True,True,True,False,True,False,False,True,0,False,False,True,False,True,False,False
1.956935884372878,1.1200146093262338,1.6697965845126284,False,True,True,False,True,False,True,True,False,True,0,True,True,True,True,True,True,False
-0.21534400618910995,-0.38609757970174374,0.5614666432576133,False,True,False,False,True,False,True,False,True,False,0,True,True,False,False,False,True,False
-0.649681438830885,0.1023712383613841,-1.3482455758808924,False,False,True,False,False,False,True,False,False,False,0,True,True,False,False,False,False,False
-0.47948087702791903,1.2421318138420157,-1.4909347599346818,False,False,True,False,False,False,True,False,False,False,0,False,True,False,False,False,True,False
-0.9741008767677136,-1.2409180113122174,-0.6795974226986006,True,False,False,False,False,False,False,False,False,False,0,False,False,False,False,False,False,False
-0.9013490823894046,-1.2002122764736234,0.8269348926600121,True,True,False,True,True,False,True,False,False,True,0,False,True,False,True,False,False,False
1.800104617312335,1.1200146093262338,1.359530568023575,True,True,False,False,False,True,True,False,False,True,1,True,False,True,True,True,False,False
-0.9930022934725186,-1.2816237461508113,-0.8388783723400399,True,False,False,True,False,True,False,False,False,False,1,False,False,True,False,True,False,False
1.7524449475491157,0.9164859351332638,1.6150437580733834,True,True,True,True,False,True,True,True,False,True,1,True,False,True,True,True,False,False
-0.8811304937887943,-1.2002122764736234,1.3296653899658049,True,True,False,True,False,True,False,False,False,True,1,True,False,True,True,True,False,False
-0.9770864663982054,-1.2816237461508113,0.36402463276457964,True,True,False,True,False,True,False,True,False,False,0,False,False,False,False,False,False,False
-0.7172523570856933,-0.7524491932490895,-0.6165487134655309,True,False,False,True,False,False,True,False,False,False,0,False,False,False,True,True,False,False
0.39661405660200066,-0.019745966154397852,1.1488151450604207,False,True,False,True,True,True,True,False,False,False,0,True,True,False,True,True,True,False
-0.6855524201266474,0.1023712383613841,-1.466047111553207,False,False,False,True,False,False,False,False,False,False,0,False,False,False,False,False,False,False
0.38003964357978487,1.0386031396490458,-0.3129194032115374,False,False,True,False,False,True,True,True,False,False,0,False,True,True,True,True,True,False
-0.2806757322210494,0.1023712383613841,-0.6165487134655309,False,False,True,False,True,True,True,True,False,False,0,False,True,False,True,False,True,False
1.0265734686357826,1.0793088744876398,0.5415565245524336,False,True,False,False,True,True,True,False,True,False,0,False,False,True,False,False,True,False
-0.9424448455385277,-1.2409180113122174,0.1815152113004305,False,True,False,False,False,True,True,False,False,False,0,False,False,False,False,False,True,False
0.08578344205689602,-0.3453918448631497,1.2616391510564402,False,True,False,True,False,True,False,False,False,True,1,True,False,True,True,True,True,False
-0.5540328063304951,0.8350744654560759,-1.4959122896109767,False,False,False,False,False,True,True,False,True,False,0,False,True,False,False,False,False,False
-0.8388053702035863,-0.5896262538947137,-1.4859572302583868,False,False,False,False,False,False,False,False,True,False,0,False,True,False,False,False,False,False
-0.9888751548656621,-1.2816237461508113,-0.5269531792922214,False,False,False,True,False,False,False,True,False,False,0,False,False,False,False,False,False,True
1.3806731799580891,1.5270719577121736,0.44532428414406383,False,False,False,True,True,False,True,True,True,True,0,True,True,True,False,True,False,False
1.2824999679907394,0.7129572609402939,1.32800621340704,True,True,False,False,False,True,False,True,False,False,1,True,False,True,True,True,False,False
1.1053183951400056,1.2828375486806096,0.3706613389996392,False,False,True,True,False,True,True,True,False,True,0,True,False,True,True,False,False,False
0.2900768030962875,1.6084834273893616,-0.7575787209605552,False,False,True,True,True,False,True,False,False,True,0,False,False,True,False,False,False,False
1.6861253425953222,1.6084834273893616,0.659358060224748,False,True,True,True,True,True,True,True,False,True,1,False,False,False,False,False,True,False
-0.41963736722850137,-0.7117434584104956,0.6859048851649877,False,True,False,True,False,True,True,False,False,False,1,True,False,False,False,True,False,False
1.9692075358687966,1.3235432835192036,1.3379612727596297,False,True,False,False,True,False,True,False,False,False,1,True,False,True,True,True,False,False
-0.10358197083003598,-0.1825689055087738,0.3855939280285242,False,True,False,True,False,False,True,True,False,False,0,False,False,False,False,False,False,False
-0.89768295394608,-1.2002122764736234,0.689223238282518,False,True,False,True,False,False,False,False,False,False,0,False,False,True,False,True,True,False
1.009559998314965,0.428017117070136,1.4341935131679995,False,True,False,False,True,True,False,True,False,True,1,False,False,False,True,True,True,False
-0.15113187626860491,-0.22327464034736777,0.22133544871078992,False,False,False,True,False,False,True,True,False,False,0,True,True,False,True,True,False,False
2.365917758020402,1.6084834273893616,1.3014593884668002,False,True,True,True,False,True,True,False,False,True,1,True,False,True,True,True,False,False
-0.9972831021338856,-1.2816237461508113,-1.1624178012992135,False,False,False,False,True,False,False,False,False,False,0,False,False,False,False,False,False,True
0.3259477843920499,0.7943687306174818,-0.18184445506910288,True,False,False,False,False,True,False,False,False,False,0,False,False,True,False,True,False,False
-0.9307220156658612,-1.2409180113122174,0.6875640617237531,True,True,False,True,False,True,False,False,False,False,0,True,False,False,True,False,False,False
-0.9753741429336585,-1.2002122764736234,-1.3216987509406526,True,False,False,True,False,False,False,False,False,False,0,False,False,False,False,False,False,False
0.02477643041618379,-0.1418631706701798,0.642766294637098,True,True,False,True,False,True,True,False,False,False,1,True,False,False,False,True,False,False
-0.283836944770982,1.3235432835192036,-1.2918335728828827,False,False,True,False,False,False,True,False,False,False,0,True,True,False,False,False,True,False
0.5096493581270196,0.9164859351332638,0.03716685068787588,False,False,False,False,True,True,True,True,True,True,0,True,False,False,False,False,True,False
1.0619395340381532,1.6084834273893616,-0.015926799192603674,False,False,True,True,True,False,True,False,False,True,0,True,True,True,False,False,True,False
-0.440207201667993,1.2421318138420157,-1.4710246412295018,False,False,True,False,False,True,False,False,False,False,0,False,False,False,False,False,False,True
-0.8965194521047853,-1.1188008067964355,-0.3062826969764773,False,False,False,True,False,True,True,True,False,False,0,True,True,False,False,False,False,True
-0.5276235098196003,1.0793088744876398,-1.5125040551986266,False,False,True,True,False,False,False,False,False,False,0,False,False,False,False,False,False,True
0.28924259422894416,1.4863662228735797,-0.6961891882862504,False,False,True,False,True,True,True,False,False,False,0,False,True,True,False,True,True,False
-0.16421578376693688,-0.22327464034736777,0.14667250356636527,False,False,False,True,True,False,False,True,True,False,0,False,False,True,True,False,True,False
-0.7082516824643577,-0.7117434584104956,-0.4705411762942116,True,False,False,True,False,False,False,False,True,False,0,False,False,True,True,True,False,False
-1.0019371094990641,-1.2816237461508113,-1.5141632317573919,False,False,False,True,False,True,False,False,False,False,0,False,True,False,False,False,False,True
-0.12195651877651902,0.30589991255435406,-0.4871329418818615,False,False,False,False,False,True,False,False,True,False,0,False,False,True,False,False,False,True
-0.9032370287733921,-1.2002122764736234,0.3441145140593994,True,False,False,False,False,True,False,True,False,True,0,False,False,False,True,True,False,False
-0.8881773634313522,-1.0373893371192475,-0.6978483648450156,False,False,False,True,False,False,False,False,False,False,0,False,False,False,False,False,False,True
0.1681725441395133,-0.1825689055087738,1.050923728093286,False,True,False,True,False,False,True,False,False,True,0,True,False,True,True,False,True,False
0.21739086731276874,0.5094285867473239,-0.07897550842567357,False,False,False,False,True,True,False,True,True,True,0,False,False,False,False,False,True,False
-0.9178795896817602,-1.1188008067964355,-0.8438559020163349,True,False,False,False,False,False,False,False,False,False,0,False,False,True,False,True,False,False
-0.7228942433727258,-0.8338606629262776,-0.27475834235994256,False,False,False,True,True,False,False,True,False,False,0,False,False,False,False,False,False,True
-0.15497362763137018,-0.4675090493789317,0.9746016063900964,True,True,False,False,False,True,True,False,False,False,0,True,False,False,True,True,False,False
-0.22798885638884017,1.5270719577121736,-1.3117436915880627,False,False,True,True,False,False,True,False,False,False,0,True,True,False,False,False,False,True
2.0553066721245985,1.5270719577121736,1.085766435827351,True,True,False,False,False,True,True,False,True,False,0,True,False,True,True,True,False,False
1.8651729089651135,1.2828375486806096,1.1388600857078308,False,True,True,True,True,False,False,True,False,False,0,True,False,True,False,True,True,False
1.6020678227780183,1.5270719577121736,0.7141108866639929,False,False,True,False,True,False,True,True,False,True,0,False,False,True,True,True,True,False
2.6887785425471944,1.6084834273893616,1.679751643865218,True,True,True,True,True,True,True,True,False,True,0,True,False,True,True,True,False,False
-0.8609777637829743,-0.6303319887333076,-1.5008898192872717,False,False,False,False,False,False,False,False,False,False,0,False,False,False,False,False,True,False
-1.0013004764160915,-1.2816237461508113,-1.466047111553207,False,False,False,True,False,False,False,False,False,False,0,False,True,False,False,False,False,True
-0.7131471713437672,0.18378270803857208,-1.497571466169742,False,False,False,True,False,False,True,False,True,False,0,False,True,False,False,False,True,False
-0.9391519157990147,-0.9966836022806536,-1.4760021709057967,False,False,False,True,False,True,False,False,False,False,0,False,False,False,False,False,True,False
0.5170913793383193,0.22448844287716607,0.888324425334317,False,True,False,True,True,False,True,False,False,False,0,True,False,False,True,False,False,False
-0.040006473992503594,-0.3453918448631497,0.8070247739548323,True,True,False,True,True,True,True,True,False,False,0,False,False,False,False,True,False,False
-0.7847354638807814,-1.1188008067964355,1.1803394996769556,True,True,False,False,False,True,False,False,False,False,0,True,False,True,True,True,False,False
-0.5483689671785327,0.8350744654560759,-1.4992306427285067,False,False,True,True,False,False,False,False,False,False,0,False,True,False,False,False,False,False
-0.8746983043642788,-0.8338606629262776,-1.185646273121923,False,False,False,False,False,False,True,False,False,True,0,False,True,False,False,False,False,True
-0.7122910096114937,0.06166550352279012,-1.4892755833759168,False,False,True,True,False,False,True,False,False,False,0,False,False,False,False,False,True,False
2.450458240866168,1.5270719577121736,1.6482272892486831,True,True,True,True,True,True,False,True,False,True,0,True,True,True,True,True,False,False
-0.9851651206924775,-1.2002122764736234,-1.4677062881119718,False,False,False,True,False,False,False,False,False,False,0,False,False,False,False,False,False,True
1.034696028659915,0.9164859351332638,0.6693131195773377,False,False,True,False,True,True,True,True,False,False,0,True,True,True,True,True,False,False
1.3775778260029468,0.631545791263106,1.742800353098288,True,True,False,False,True,False,True,True,False,True,1,True,False,True,True,True,False,False
1.4859810730277174,1.4456604880349857,0.5996277041092083,True,True,False,False,False,True,True,False,True,False,0,True,True,False,True,False,False,False
-0.45645232171625755,0.9571916699718578,-1.3482455758808924,True,False,False,False,False,False,True,False,True,False,0,True,False,False,False,False,False,False
-0.754660038926562,-1.0373893371192475,0.7157700632227577,True,True,False,False,False,True,True,False,False,False,0,True,False,False,True,False,False,False
0.5816547550977056,0.1023712383613841,1.24172903235126,False,True,False,True,False,True,False,False,True,True,0,False,False,True,True,True,False,False
-0.9317098945877151,-1.2409180113122174,0.7837963021321224,True,True,False,False,False,True,False,False,False,False,1,True,False,True,False,True,False,False
-0.19249107379688912,-0.4675090493789317,0.8335715988950722,True,True,False,False,False,True,False,False,False,True,0,False,False,True,False,True,False,False
-0.20335774193728226,0.6722515261016999,-0.8538109613689248,True,False,False,True,True,True,True,False,False,False,0,False,True,False,False,True,False,False
-0.5003360987115019,1.1200146093262338,-1.5025489958460367,False,False,True,True,False,False,True,False,False,False,0,False,True,False,False,False,True,False
0.1395899140005398,-0.019745966154397852,0.5365789948761385,False,True,False,True,False,True,False,False,False,False,1,True,False,True,False,False,True,False
1.3069993652527163,0.8757802002946699,1.3064369181430948,True,True,False,True,False,True,True,False,False,True,0,True,False,True,True,True,False,False
0.20518507441164038,0.590840056424512,-0.16359351292268806,False,False,True,False,True,True,True,False,False,True,0,False,True,True,True,True,True,False
-0.45441070527775945,-0.30468611002455576,-0.3378070515930122,False,False,False,False,False,True,False,True,True,True,0,False,True,False,False,False,True,False
-0.9330490193484505,-1.1595065416350294,-0.6679831867872458,False,False,False,True,False,True,False,False,False,False,0,False,False,False,False,False,True,False
-0.380758843437317,1.6084834273893616,-1.4959122896109767,False,False,True,True,False,False,False,False,False,False,0,False,False,False,False,False,False,False
-0.9793256586210742,-1.2816237461508113,0.19478862377055015,False,True,False,False,False,True,False,False,False,False,0,False,False,False,False,False,False,True
-0.33518469584245586,-0.5896262538947137,0.642766294637098,False,True,False,True,False,False,False,False,False,False,0,True,False,False,True,False,False,False
-0.9993686243022438,-1.2816237461508113,-1.3200395743818876,False,False,False,False,False,True,False,False,False,False,0,False,False,False,False,False,False,True
-0.8059419314032457,-1.0373893371192475,-0.20175457377428285,False,False,False,True,True,False,True,False,False,True,0,False,True,True,True,True,False,True
-0.45256666462363215,1.1200146093262338,-1.459410405318147,False,False,True,True,False,True,True,False,False,False,0,False,True,False,False,False,False,False
-0.6773420486427949,-0.9559778674420595,0.6776090023711627,True,True,False,True,False,True,False,False,False,False,0,True,False,False,True,False,False,False
-0.3772902907783631,-0.1418631706701798,-0.4423351747952067,True,False,False,True,False,True,True,False,False,False,1,True,False,False,False,False,False,False
0.9894292211740754,0.7536629957788878,0.8368899520126024,True,True,False,False,False,True,True,False,True,False,0,True,True,True,False,True,False,False
-0.965407542255399,-1.1595065416350294,-1.3183803978231226,False,False,False,True,False,True,False,False,False,False,1,False,False,False,False,False,False,False
-0.6660802289336601,0.18378270803857208,-1.4959122896109767,False,False,True,False,False,False,False,False,False,False,0,False,False,False,False,False,False,True
-0.576161294180023,0.7129572609402939,-1.4992306427285067,False,False,False,False,False,False,False,False,True,False,0,False,False,False,False,False,False,False
-0.14480945116873978,0.9571916699718578,-0.9566799080123543,False,False,False,True,False,True,True,False,True,True,0,False,True,True,False,False,True,False
-0.8930289465809016,-0.8745663977648716,-1.459410405318147,False,False,False,True,False,False,True,False,False,False,0,False,True,False,False,False,False,False
0.37771263989719556,0.1023712383613841,0.8202981864249524,False,True,False,True,False,True,True,False,False,True,0,True,True,False,True,False,False,False
1.1927347032916125,0.7129572609402939,1.2915043291142099,False,True,False,True,False,True,True,False,False,True,0,True,True,True,True,True,False,False
-0.9777670052110381,-1.2816237461508113,0.3125901594428645,True,True,False,True,False,True,False,False,False,False,0,True,True,False,False,False,False,False
0.3131931698676694,0.7536629957788878,-0.18682198474539805,True,False,False,True,True,False,True,False,True,True,0,False,True,True,True,True,False,False
0.5246651177391993,0.590840056424512,0.3026351000902746,False,False,True,False,True,False,False,True,False,True,0,True,False,False,False,True,False,True
-0.20689215319102638,-0.019745966154397852,-0.34112540471054226,False,False,False,False,False,False,False,True,False,True,1,False,False,False,False,False,False,False
0.7914363323696186,1.4049547531963917,-0.1785261019515731,True,False,True,False,False,True,True,True,False,True,0,False,True,True,True,True,False,False
0.7643464970458911,0.7129572609402939,0.5017362871420736,False,False,False,False,True,True,True,True,True,True,0,True,True,True,False,True,False,False
-0.8794181703242475,-1.2002122764736234,1.2151822074110203,False,True,False,True,False,True,False,False,False,False,0,True,False,True,True,True,False,False
-0.8639633534134661,-1.1595065416350294,0.634470411843273,False,True,False,False,False,False,False,False,False,True,0,True,True,True,False,False,False,False
-0.41930807425455,-0.7524491932490895,1.0243769031530463,True,True,False,False,False,True,True,False,False,False,1,True,True,False,True,True,False,False
0.4882014090903244,0.26519417771576004,0.8551408941590172,True,True,False,True,False,False,False,False,False,True,1,True,False,False,False,True,False,False
-0.9868993970219543,-1.2816237461508113,-0.37762728900337217,False,False,False,False,True,True,True,False,False,True,0,False,False,False,False,False,False,True
0.03972633143357325,-0.3453918448631497,1.1985904418233704,True,True,False,True,False,True,True,False,False,False,0,True,False,True,True,True,False,False
-0.04490196287191288,-0.30468611002455576,0.695859944517578,True,True,False,True,False,False,True,True,False,False,0,False,True,False,True,False,False,False
1.2025256810504314,1.2421318138420157,0.5000771105833088,False,False,False,True,True,False,True,True,True,True,0,True,False,True,False,True,True,False
-0.8276313619541719,-1.1188008067964355,0.5432157011111984,True,True,False,True,False,True,True,False,False,True,0,True,False,False,False,False,False,False
-0.7120495280972627,-0.7117434584104956,-0.5252940027334563,True,False,False,False,False,True,False,False,False,False,0,True,False,False,False,False,False,False
-0.86495123233532,-1.0373893371192475,-0.5037247074695115,True,False,False,True,True,True,True,False,True,False,0,False,True,False,False,False,False,False
2.0671612191868456,1.4049547531963917,1.3860773929638146,False,True,True,False,True,False,True,True,False,False,0,True,True,False,True,True,True,False
-0.9800281502988372,-1.2816237461508113,0.14169497389007057,True,True,False,False,False,True,False,False,False,False,0,False,False,False,False,False,False,False
-1.001410240740742,-1.2816237461508113,-1.4743429943470319,False,False,False,False,False,True,True,False,False,False,0,False,True,False,False,False,False,True
-0.7894553298407502,-0.9152721326034655,-0.2714399892424126,False,False,False,True,False,True,False,False,False,False,0,False,False,False,False,True,False,False
-0.6155008281347393,0.346605647392948,-1.4992306427285067,True,False,True,True,False,True,True,False,False,False,0,False,False,False,False,False,False,False
0.984643496619316,1.1200146093262338,0.39886734049864436,False,False,True,True,False,False,True,True,False,True,0,False,True,False,True,True,False,False
-0.1877492549719903,-0.4268033145403377,0.6693131195773377,True,True,False,True,False,True,True,False,False,False,0,True,False,False,False,True,False,False
-0.7469106776062412,-0.9966836022806536,0.3026351000902746,False,True,False,False,False,True,False,False,False,False,1,False,False,True,False,False,False,False
-0.6456860174136091,-0.9152721326034655,0.5017362871420736,False,True,False,False,False,True,False,False,False,True,0,True,False,False,False,False,False,False
1.8131226662158766,1.2828375486806096,1.064197140563406,False,True,False,False,True,False,True,False,True,True,1,False,False,True,False,True,False,False
-0.47539764415092284,-0.8338606629262776,1.2085455011759603,True,True,False,True,False,True,True,False,False,True,1,True,False,False,True,True,False,False
0.7929071743199346,0.590840056424512,0.6759498258123978,False,False,True,False,True,True,True,True,False,True,0,True,True,False,True,True,True,False
-0.3017504825539331,-0.3453918448631497,0.14999085668389553,False,False,False,False,False,True,True,False,False,True,0,False,False,False,True,True,False,False
-0.950808887076891,-1.2409180113122174,0.2229946252695553,True,True,False,False,False,True,True,False,False,False,0,False,True,False,False,False,False,False
0.12905253883409795,-0.22327464034736777,1.0177401969179862,False,True,False,False,False,True,False,False,False,False,0,True,False,False,True,True,False,False
-0.613678740345542,-0.4268033145403377,-0.7028258945213105,False,False,False,True,False,True,False,False,True,True,0,False,False,True,False,True,False,False
2.530871585105077,1.6084834273893616,1.517152341106249,False,True,True,False,True,True,True,False,False,True,0,True,False,True,True,True,True,False
-0.9473403344179372,-1.2409180113122174,-0.024222681986428636,False,False,False,True,False,True,True,True,False,True,0,False,False,False,False,True,False,True
-0.020687952854026866,-0.2639803751859618,0.6311520587257433,True,True,False,True,False,True,False,False,False,False,0,True,False,False,False,True,False,False
-0.933685652431423,-1.2409180113122174,0.8568000707177821,False,True,False,True,True,False,False,False,False,False,0,True,False,False,False,True,False,True
-1.001871250904274,-1.2816237461508113,-1.5091857020810966,True,False,False,False,False,True,False,False,False,False,1,False,False,False,False,False,False,False
-0.3028042200705772,-0.22327464034736777,-0.18184445506910288,True,False,False,True,False,False,False,True,False,False,0,True,False,True,False,False,False,False
-0.9691395292935139,-1.2816237461508113,0.9646465470375066,True,True,False,True,False,True,False,False,False,False,1,True,False,False,True,True,False,False
-0.5242866743502269,0.7943687306174818,-1.457751228759382,False,False,True,True,False,False,False,False,False,False,0,False,False,False,False,False,False,False
-0.3688823435101397,-0.6710377235719016,0.9862158423014517,False,True,False,False,False,True,True,False,False,True,0,False,False,False,True,True,False,False
-0.959107070020464,-1.0780950719578415,-1.5025489958460367,False,False,True,False,False,False,False,False,False,False,0,False,False,False,False,False,True,False
-0.07870937486424716,-0.22327464034736777,0.5481932307874936,True,True,False,True,False,True,False,False,False,True,1,True,False,False,False,False,False,False
-0.828158230712494,-0.38609757970174374,-1.4892755833759168,False,False,False,False,False,False,True,False,True,False,0,False,True,False,False,False,False,True
-1.0018273451744135,-1.2816237461508113,-1.5058673489635668,False,False,False,True,False,False,False,False,False,False,0,False,True,False,False,False,False,True
-0.7044757896963827,-0.019745966154397852,-1.4743429943470319,False,False,True,True,False,False,False,False,False,False,0,False,True,False,False,False,False,True
-0.21927356901159548,1.5677776925507676,-1.2934927494416477,False,False,True,False,False,True,True,False,False,False,0,True,False,False,False,False,True,False
-0.8532064495977234,-0.6303319887333076,-1.5108448786398618,False,False,True,False,False,False,False,False,False,False,0,False,False,False,False,False,False,True
0.7323611728427541,0.590840056424512,0.6726314726948681,False,True,False,False,False,True,False,False,False,True,1,True,False,True,False,False,False,False
0.22801605393893107,-0.10115743583158582,0.8451858348064274,False,True,False,True,True,False,False,False,True,True,0,True,False,True,False,False,False,False
-0.7325095982121039,-0.9966836022806536,0.3341594547068096,True,True,False,True,True,False,True,False,False,False,0,False,False,False,False,False,False,False
-0.7288215169038493,0.020959768684196134,-1.497571466169742,False,False,True,False,False,False,True,False,False,False,0,False,True,False,False,False,True,False
-0.4735316506318654,-0.7931549280876836,0.7771595958970623,True,True,False,False,False,False,True,False,False,False,0,False,True,False,True,True,False,False
-0.8419665827535187,-1.1188008067964355,0.32254521879545484,True,True,False,True,False,True,False,False,False,True,0,False,False,False,False,False,False,False
-1.001629769390043,-1.2816237461508113,-1.4909347599346818,False,False,False,True,False,False,False,False,False,False,0,False,False,False,False,False,False,True
1.0902367769330354,1.6084834273893616,0.008960849188871207,False,False,True,False,True,True,True,True,False,True,0,False,True,True,True,True,True,False
-0.6780006345906975,-0.7117434584104956,-0.3295111687991873,False,False,False,False,False,False,False,True,False,False,1,True,False,False,False,False,True,False
-0.9799622917040468,-1.2816237461508113,0.14667250356636527,True,True,False,True,False,True,False,False,False,False,0,False,False,False,False,False,False,False
0.6271630440977763,0.346605647392948,0.8169798333074222,True,True,False,True,False,True,False,True,True,True,0,False,False,False,True,False,False,False
2.1425693102216954,1.5677776925507676,1.152133498177951,False,True,False,False,True,True,False,True,True,True,1,True,False,False,True,False,True,False
-0.9778328638058285,-1.2409180113122174,-0.6530505977583607,False,False,False,False,False,True,False,False,False,False,0,False,False,False,False,False,False,True
-0.8336464469450158,-0.9152721326034655,-0.6430955384057709,True,False,False,True,False,True,False,False,False,False,0,False,False,False,False,False,False,False
1.2963741786265541,0.9571916699718578,0.9364405455385019,True,True,False,True,True,True,True,False,True,True,0,True,False,True,False,False,False,False
-0.9796988573248858,-1.2816237461508113,0.16658262227154547,True,True,False,False,False,True,False,False,False,False,1,False,False,False,False,False,False,False
1.5437829663886369,1.2828375486806096,0.8518225410414869,False,False,True,False,True,True,True,True,False,True,0,True,True,True,True,True,False,True
2.0594338107314547,1.2421318138420157,1.4458077490793544,False,True,True,True,True,False,True,False,False,True,1,True,False,True,True,True,True,False
-1.0019371094990641,-1.2816237461508113,-1.5141632317573919,False,False,False,True,False,False,False,False,False,False,0,False,False,False,False,False,True,False
-0.6200889769051274,-0.6710377235719016,-0.3593763468569571,True,False,False,False,True,True,False,False,False,False,1,True,False,False,False,False,False,False
-0.10154035439153783,-0.2639803751859618,0.5647849963751436,True,True,False,False,True,False,True,False,False,True,0,False,True,False,False,False,False,False
1.0451455923666364,1.5677776925507676,0.007301672630106309,False,False,True,True,True,False,True,True,False,True,0,True,False,False,False,False,False,False
1.6821957797728366,1.4456604880349857,0.7937513614847123,False,False,True,True,True,True,True,True,False,True,0,True,True,True,True,True,True,False
-0.5078659313825218,-0.5489205190561197,-0.1785261019515731,True,False,False,True,False,False,False,True,False,False,0,True,False,True,False,False,False,False
-0.48180788071050823,0.631545791263106,-1.3399496930870676,False,False,False,False,False,False,False,False,True,False,0,True,False,False,False,False,False,False
1.8013120248834897,1.5677776925507676,0.850163364482722,False,False,True,True,True,False,True,True,False,True,0,True,False,True,True,True,False,False
2.6772971941887587,1.6084834273893616,1.686388350100278,False,True,True,True,True,True,True,True,False,True,1,True,True,True,True,True,True,False
-0.27626320637010193,-0.6303319887333076,1.3844182164050498,False,True,False,True,True,True,False,True,False,True,0,True,False,True,True,False,False,False
-0.5766442572084849,0.26519417771576004,-1.3183803978231226,False,False,True,True,False,False,True,False,False,False,0,True,True,False,False,False,False,True
-0.8904385085191513,-0.7931549280876836,-1.4842980536996218,False,False,False,False,False,False,False,False,True,False,0,False,False,False,False,False,False,True
1.1362719346914285,0.590840056424512,1.266616680732735,True,True,False,True,False,True,False,False,True,True,0,True,False,True,True,True,False,False
-0.7006779440634775,0.1023712383613841,-1.442818639730497,False,False,True,True,False,False,False,False,False,False,0,False,False,False,False,False,False,False
-0.6540500589519723,-0.9559778674420595,0.9663057235962715,True,True,False,True,False,True,False,False,False,False,0,False,False,True,True,True,False,False
1.5188445118280578,0.8757802002946699,1.4292159834917044,False,True,True,True,True,True,False,True,False,True,0,True,False,False,True,True,True,False
1.8855671204851643,1.6084834273893616,0.8236165395424823,False,False,True,False,True,False,True,True,False,True,0,True,True,True,True,True,True,False
1.6366435850429057,1.5677776925507676,0.680927355488693,False,True,False,True,True,True,False,False,True,True,0,True,True,False,False,False,True,False
0.6237164443037527,0.6722515261016999,0.31590851256039476,False,False,True,False,False,True,False,True,False,False,0,False,False,True,True,True,False,False
-0.5576989347738197,0.8757802002946699,-1.5257774676687466,False,False,True,False,False,True,True,False,False,False,1,False,False,False,False,False,False,True
-0.2915424003614426,-0.5489205190561197,0.7423168881629976,True,True,False,True,True,True,False,False,False,False,1,False,False,False,False,True,False,False
1.9690758186792163,1.6084834273893616,0.911552897157027,True,False,True,False,True,True,True,True,False,True,0,True,False,True,True,True,False,False
-0.05982991102437217,-0.3453918448631497,0.8269348926600121,False,True,False,True,False,True,False,False,False,False,0,True,False,True,True,False,False,True
-0.9633220200870407,-1.2002122764736234,-0.7824663693420301,False,False,False,True,True,False,False,True,False,False,0,False,False,True,False,False,False,True
-1.0014980522004622,-1.2816237461508113,-1.480979700582092,False,False,False,False,False,True,True,False,False,False,0,False,False,False,False,False,False,False
-0.7943947244500198,-0.8745663977648716,-0.6547097743171256,False,False,False,True,False,False,False,False,False,False,0,False,False,False,False,False,True,False
-0.34348287878602884,1.0386031396490458,-1.3349721634107725,False,False,True,False,False,True,False,False,False,False,0,True,False,False,False,False,True,False
-0.9960537416978008,-1.2409180113122174,-1.4909347599346818,False,False,False,True,False,False,False,False,False,False,0,False,False,False,False,False,False,True
1.1003350948008757,1.6084834273893616,0.020575085100225963,False,False,True,True,True,True,False,True,False,True,0,False,False,True,True,True,False,False
1.5110512447778768,1.1200146093262338,1.0227177265942813,True,True,False,True,False,True,True,False,False,True,0,True,False,True,True,False,False,False
1.4492978357295416,1.6084834273893616,0.450301813820359,False,True,True,False,True,False,True,False,False,False,1,True,False,False,False,False,False,False
-0.8776619411298405,-1.1595065416350294,0.35572874997075465,True,True,False,False,False,True,False,False,False,False,0,True,False,False,False,False,False,False
-0.977723099481178,-1.2816237461508113,0.31590851256039476,False,True,False,False,False,True,False,False,False,False,1,True,False,False,False,False,False,True
-0.6314605609389127,-0.9152721326034655,0.8153206567486573,True,True,False,True,False,True,False,False,False,False,0,False,False,False,True,True,False,False
0.6334415634677814,0.18378270803857208,1.2002496183821352,True,True,False,True,False,True,False,False,False,False,1,True,False,True,True,True,False,False
-0.9221603983431272,-1.1595065416350294,-0.5435449448798714,True,False,False,True,False,True,True,False,False,True,0,False,False,False,True,True,False,False
-0.9528724563803191,-1.2409180113122174,0.27608827515003487,False,True,False,True,False,True,False,False,False,False,0,True,False,False,False,False,True,False
-1.0012565706862315,-1.2816237461508113,-1.462728758435677,False,False,False,False,False,True,True,False,False,False,1,False,False,False,False,False,False,True
-0.06685482780200007,-0.1418631706701798,0.33250027814804467,True,True,False,False,False,True,True,False,False,False,0,True,False,False,False,False,False,False
0.318900914749492,0.020959768684196134,0.7970697146022425,True,True,True,True,True,True,False,True,False,False,0,False,False,False,True,False,False,False
1.5756365734021935,1.0793088744876398,1.1471559685016557,True,True,False,False,False,True,False,False,True,False,1,True,False,True,True,True,False,False
-0.8289704867149071,-1.1188008067964355,0.8037064208373025,True,True,False,True,True,True,True,False,False,False,0,True,False,False,False,True,False,False
-0.5266356308977463,-0.7524491932490895,0.46523440284924406,True,True,False,False,False,True,False,False,False,True,1,True,False,False,False,False,False,False
-0.7542429344928903,-0.9966836022806536,0.5150096996121938,False,True,False,True,False,True,True,False,False,False,1,False,True,False,True,False,True,False
-0.5656239190135812,0.590840056424512,-1.472683817788267,False,False,False,True,False,False,False,False,True,False,0,False,True,False,False,False,True,False
-0.36910187215944057,-0.6303319887333076,0.7738412427795325,True,True,False,False,False,False,True,False,False,False,0,True,True,True,True,False,False,False
2.226604877174069,1.6084834273893616,1.2765717400853254,True,True,True,True,False,True,True,False,False,True,0,True,True,True,True,True,False,False
-0.9856700365858695,-1.2409180113122174,-1.3233579274994176,True,False,False,True,False,True,False,False,False,False,0,False,False,False,False,False,False,False
1.6931283065080203,1.1200146093262338,1.2467065620275553,False,True,False,True,False,False,True,False,True,True,0,True,False,True,True,True,False,False
-0.39061567979092604,-0.5896262538947137,0.5183280527297236,False,True,False,True,False,True,False,False,False,True,1,True,False,False,False,False,True,False
-0.15326130416682335,-0.30468611002455576,0.3109309828840996,False,True,False,True,True,False,False,False,False,False,0,False,False,False,False,False,False,False
1.7843424602925326,1.5677776925507676,0.7638861834269426,False,False,True,False,True,False,True,True,False,True,0,True,False,True,True,True,False,False
-1.001146806361581,-1.2816237461508113,-1.4544328756418519,False,False,False,True,False,False,False,False,False,False,0,False,False,False,False,False,False,True
-0.3887716391367988,1.5677776925507676,-1.5008898192872717,False,False,True,False,False,False,True,False,False,False,0,False,True,False,False,False,True,False
1.2115922142665578,1.4049547531963917,0.35738792652951956,False,True,False,True,False,True,False,False,False,False,1,True,False,False,False,False,False,True
2.696857196841467,1.6084834273893616,1.686388350100278,False,True,True,False,True,True,True,True,False,True,1,True,False,True,True,True,True,False
-0.2737386269031419,0.346605647392948,-0.8156499005173299,True,False,False,False,False,True,False,False,False,True,0,False,False,False,False,True,False,False
-0.008240678438667267,-0.3453918448631497,0.850163364482722,False,True,False,True,False,True,False,False,False,True,0,True,False,False,True,False,True,False
0.3474396391586054,0.8757802002946699,-0.3295111687991873,False,False,False,True,False,True,False,False,False,True,0,True,True,False,False,False,True,False
-0.6532597558144893,-0.38609757970174374,-1.006455204775304,False,False,True,False,True,False,True,True,False,False,0,False,True,False,False,False,False,True
-0.6252039944338378,-0.7931549280876836,-0.005971739840013817,True,False,False,True,False,True,True,False,True,False,0,False,True,False,True,True,False,False
1.6914818416382638,1.3235432835192036,1.0144218438004564,True,True,False,False,False,True,False,False,True,True,0,True,False,True,True,False,False,False
-0.4932233704741536,0.9164859351332638,-1.4743429943470319,False,False,True,True,False,False,True,False,False,False,0,False,True,False,False,False,False,True
-0.6435785423803208,0.46872285190873,-1.5075265255223318,False,False,False,True,False,False,False,False,True,False,0,False,False,False,False,False,True,False
0.6244847945763058,1.4456604880349857,-0.34942128750436724,True,False,False,False,True,True,True,False,True,False,0,False,False,True,True,True,False,False
-0.7331901370249366,-0.7117434584104956,-0.5335898855272813,False,False,False,False,False,False,False,False,False,False,0,True,False,False,False,False,False,True
-0.5295114562035877,-0.7931549280876836,0.634470411843273,True,True,False,True,True,False,True,False,False,False,0,False,True,False,False,True,False,False
-0.7468667718763811,0.020959768684196134,-1.5091857020810966,False,False,False,True,False,True,True,False,True,False,0,False,True,False,False,False,False,False
-0.9883921918372003,-1.2816237461508113,-0.49045129499939155,False,False,False,True,False,True,False,False,False,True,0,False,False,False,False,False,False,True
-0.39340369363704714,-0.30468611002455576,-0.3112602266527725,False,False,False,True,False,False,True,False,False,False,0,True,False,True,False,False,True,False
-0.571397522490194,-0.8745663977648716,0.9712832532725666,True,True,False,False,False,True,False,True,False,True,0,False,False,True,False,True,False,False
-0.8294754026082991,-1.1188008067964355,0.458597696614184,True,True,False,True,False,True,True,False,False,True,0,True,False,False,False,False,False,False
-0.5367778544954466,0.7943687306174818,-1.4876164068171518,False,False,True,False,False,False,True,False,False,False,0,False,True,False,False,False,False,False
-0.35312018649033716,-0.4675090493789317,0.22465380182832018,False,False,False,False,False,False,True,False,True,True,1,True,False,True,False,True,False,False
0.7636659582330585,0.26519417771576004,1.376122333611225,True,True,False,True,True,True,False,False,False,True,0,True,False,False,True,True,False,False
-0.9956146843991991,-1.2409180113122174,-1.4942531130522119,False,False,False,True,False,True,False,False,False,False,0,False,False,False,False,False,True,False
0.24882736989265375,0.346605647392948,0.17653768162413533,False,True,False,False,False,False,False,False,False,False,0,False,False,False,False,False,False,False
-0.9523455876219972,-1.1188008067964355,-1.3482455758808924,False,False,False,False,False,True,True,False,False,False,0,True,True,False,False,False,False,True
-0.1931057540149316,-0.3453918448631497,0.5083729933771337,True,True,False,True,False,True,False,False,False,True,0,True,False,False,False,False,False,False
-1.0015419579303226,-1.2816237461508113,-1.4842980536996218,False,False,False,True,False,False,False,False,False,False,0,False,False,False,False,False,False,True
-0.7808059010582958,-1.0373893371192475,0.46689357940800896,True,True,False,False,False,True,False,False,False,False,0,False,False,False,True,False,False,False
0.6388639211055128,0.30589991255435406,0.9447364283323268,False,True,False,False,False,True,False,False,False,True,0,True,False,True,True,False,False,False
-0.1811853483578942,-0.5489205190561197,1.1637477340893057,False,True,False,True,False,False,True,True,True,True,0,False,True,False,True,True,False,False
-0.7991804490047788,-0.38609757970174374,-1.4760021709057967,False,False,False,True,False,False,False,False,True,False,0,False,False,False,False,False,False,True
-0.9905216197354186,-1.2816237461508113,-0.6513914211995958,False,False,False,False,False,True,False,False,False,False,0,False,False,False,False,False,False,True
-0.7456593643052262,-0.7117434584104956,-0.8670843738390448,False,False,True,False,False,True,False,False,False,True,0,False,False,False,False,True,False,True
-0.9714226272462428,-1.2816237461508113,0.7920921849259474,True,True,False,True,False,True,False,False,False,False,1,True,False,True,True,False,False,False
2.076798526891154,1.2421318138420157,1.4756729271371243,False,True,False,True,True,True,False,False,False,True,1,True,False,True,True,True,False,False
-0.9777670052110381,-1.2816237461508113,0.3125901594428645,True,True,False,True,False,True,False,False,False,True,0,False,False,False,False,False,False,False
-0.9134890166957428,-1.1595065416350294,-0.6762790695810708,False,False,False,True,False,False,False,False,False,False,0,False,False,False,False,False,False,True
0.47535898310622343,0.387311382231542,0.4320508716739442,False,True,False,False,False,True,True,False,False,False,0,False,True,False,True,False,True,False
-0.18741996199803898,-0.22327464034736777,0.04048520380540615,False,False,False,False,True,False,True,True,True,True,0,False,True,True,False,False,False,True
2.6326670197858917,1.5677776925507676,1.696343409452868,False,True,True,True,True,True,True,True,False,True,0,True,True,True,True,True,False,False
-0.714881447673244,-1.0373893371192475,0.9878750188602166,False,True,False,True,True,True,True,False,False,True,1,True,False,False,False,True,True,False
-0.8290802510395575,-0.5082147842175256,-1.5075265255223318,False,False,False,False,False,True,False,False,False,False,0,False,False,False,False,False,False,False
0.9206289424831817,0.46872285190873,1.1819986762357204,True,True,False,True,False,False,False,True,False,True,0,False,False,False,True,True,False,False
-0.5659093062576722,0.7943687306174818,-1.5042081724048018,False,False,False,False,False,False,True,False,True,False,0,False,True,False,False,False,True,False
-0.752640375352994,-1.0373893371192475,0.7074741804289328,True,True,False,False,False,True,True,False,False,False,0,False,False,True,True,False,False,False
1.374636142102315,0.9571916699718578,1.0625379640046413,False,True,False,True,False,True,True,True,False,True,0,True,True,False,True,False,True,False
0.30588286584595026,-0.1825689055087738,1.3562122149060447,True,True,False,True,False,True,True,True,False,True,1,True,False,False,True,True,False,False
-0.5308066752344629,0.8757802002946699,-1.4793205240233267,False,False,True,False,False,True,True,False,False,False,0,False,True,False,False,False,False,False
1.076999199380193,1.6084834273893616,0.0056424960713409395,False,False,True,True,True,True,True,True,False,True,0,False,True,True,True,True,True,False
-0.6756516780431782,0.26519417771576004,-1.4677062881119718,False,False,True,False,False,False,False,False,False,False,0,False,False,False,False,False,True,False
-0.8959486776166031,-0.8338606629262776,-1.4859572302583868,True,False,False,False,False,False,False,False,True,False,0,False,False,False,False,False,False,False
0.6920996185609744,0.7943687306174818,0.3009759235315097,False,False,False,False,True,False,False,True,True,False,0,True,False,True,True,False,True,False
-0.8568286723111878,-1.0373893371192475,-0.5352490620860464,True,False,False,False,False,False,True,False,False,False,0,True,True,False,False,False,False,False
-0.6786592205386002,-0.06045170099299184,-1.3001294556767078,False,False,True,True,False,False,True,False,False,False,0,True,True,False,False,False,False,True
-0.3719118388704918,-0.3453918448631497,-0.2880317548300625,False,False,False,True,True,True,True,False,True,False,0,False,True,True,False,False,True,False
-0.9103058512808802,-1.2002122764736234,0.3042942766490395,False,True,False,False,False,True,True,False,False,False,0,True,False,False,False,False,True,False
-0.5951944280744086,0.590840056424512,-1.472683817788267,False,False,True,False,False,True,False,False,False,False,0,False,False,False,False,False,False,True
-0.40372154015418815,-0.1825689055087738,-0.4622452935003867,True,False,False,True,False,True,True,False,True,False,1,True,True,False,False,False,False,False
0.11796634204440393,-0.019745966154397852,0.4768486387605988,False,True,False,False,False,False,True,False,False,False,1,True,False,True,False,False,False,True
0.5441373089321866,0.06166550352279012,1.3412796258771595,True,True,False,True,False,True,False,True,False,True,0,True,False,False,True,True,False,False
-0.9365834306021945,-1.2002122764736234,-0.49045129499939155,True,False,False,True,False,True,True,False,False,False,0,False,True,True,False,False,False,False
-0.6603724840518375,-0.9152721326034655,0.4950995809070136,True,True,False,True,False,False,False,False,False,True,0,True,False,False,False,False,False,False
0.9121770894850982,1.3642490183577978,0.025552614776521126,False,False,True,True,True,False,False,True,False,True,0,True,True,False,False,False,False,False
-0.9905435726003489,-1.2816237461508113,-0.6530505977583607,False,False,False,True,False,False,False,False,False,False,1,False,False,False,False,False,False,False
0.7029882395662974,0.6722515261016999,0.4768486387605988,False,False,True,False,False,False,True,True,False,True,0,True,True,False,True,True,False,False
-1.0015639107952525,-1.2816237461508113,-1.4859572302583868,False,False,False,True,False,True,True,False,False,False,0,False,True,False,False,False,False,False
-0.7133008413982777,-1.0373893371192475,0.8153206567486573,True,True,False,True,False,True,True,False,False,False,1,False,False,False,True,True,False,False
-0.9886117204865011,-1.2002122764736234,-1.4909347599346818,False,False,False,True,False,False,True,False,False,False,0,False,False,False,False,False,False,False
0.36331156050305846,0.06166550352279012,0.8368899520126024,False,True,False,True,True,False,True,True,True,False,1,False,False,False,True,False,False,True
1.6806590792277305,1.6084834273893616,0.6759498258123978,False,False,True,False,True,False,True,True,False,True,0,False,True,True,True,True,False,False
-0.9198992532553282,-1.2002122764736234,0.41379992952752936,True,False,False,True,True,True,False,False,False,False,0,False,False,True,True,True,False,False
-0.4625771710317519,-0.5896262538947137,0.20474368312314,True,True,False,False,False,True,False,False,False,False,0,False,False,False,False,False,False,False
0.7432058881182173,1.4049547531963917,-0.16193433636392318,False,False,False,True,True,False,True,True,True,True,0,False,True,False,False,False,False,True
-0.5228377852648413,0.46872285190873,-1.3017886322354726,False,False,False,True,False,False,True,False,True,False,0,True,True,False,False,False,False,True
-0.800739102414815,-1.0373893371192475,0.14169497389007057,False,True,False,False,False,True,True,False,False,False,0,False,False,False,False,False,False,False
1.3961719025987307,0.7943687306174818,1.31141444781939,False,True,False,True,True,True,True,True,True,False,1,False,False,True,True,True,False,False
-0.48112734189767553,-0.6710377235719016,0.16658262227154547,False,True,False,True,False,True,False,False,False,False,0,False,False,False,False,False,True,False
-0.8146572187804904,-0.9966836022806536,-0.3378070515930122,False,False,False,True,False,True,True,False,False,True,0,False,False,True,False,False,False,True
-0.8146133130506301,-1.0373893371192475,-0.02090432886889884,False,False,False,True,False,False,False,True,False,False,0,False,False,True,True,False,False,False
-0.38929850789512077,1.6084834273893616,-1.497571466169742,False,False,True,True,False,True,True,False,False,False,0,False,True,False,False,False,True,False
-0.9136207338853234,-1.0373893371192475,-1.1657361544167435,False,False,False,True,True,False,True,False,False,False,1,False,False,False,False,False,False,False
-0.8248213952431206,-0.4675090493789317,-1.4793205240233267,False,False,False,True,False,True,False,False,True,False,0,False,False,False,False,False,False,True
0.07460943380748172,0.1023712383613841,0.2677923923562099,True,False,False,True,False,True,False,True,True,False,1,False,False,True,True,True,False,False
0.3372535098310448,1.1200146093262338,-0.5037247074695115,True,False,False,False,False,True,True,False,False,True,0,False,True,False,True,True,False,False
-0.6506473648878088,-0.9966836022806536,1.1836578527944854,True,True,False,True,False,True,False,False,False,False,1,True,False,True,True,True,False,False
-0.946023162522132,-1.2409180113122174,0.1616050925952503,True,True,False,True,False,True,False,False,False,False,0,False,False,False,False,False,False,False
-0.8484646307728245,-0.8338606629262776,-1.1508035653878583,False,False,False,False,False,False,True,True,True,False,0,False,True,False,False,False,True,False
-0.9755278129881693,-1.2002122764736234,-1.1723728606518034,True,False,False,True,False,True,False,False,False,True,0,False,False,False,False,False,False,False
1.1897710665260508,1.6084834273893616,0.18981109409425545,False,False,True,False,True,True,True,False,False,True,0,False,True,True,True,False,True,False
1.5872496389502095,0.7943687306174818,1.5370624598114289,False,True,False,False,True,True,False,True,True,True,0,True,False,False,True,True,True,False
-0.6116810296369041,0.5501343215859179,-1.5174815848749215,False,False,True,True,False,False,False,False,False,False,0,False,False,False,False,False,True,False
-0.6254674288129989,-0.8338606629262776,0.4619160497317138,True,False,False,False,True,False,True,False,True,False,0,True,False,True,True,True,False,False
0.5444666019061379,0.18378270803857208,1.1737027934418955,False,True,False,False,False,False,False,True,False,False,0,True,False,False,True,True,True,False
-0.6372561172804556,0.387311382231542,-1.497571466169742,False,False,False,True,False,False,False,False,True,False,0,False,False,False,False,False,False,False
1.1002911890710156,1.0386031396490458,0.5216464058472539,False,True,False,True,False,False,False,True,False,False,0,True,False,False,False,False,False,False
-0.8931826166354121,-0.8338606629262776,-1.4892755833759168,False,False,False,True,False,False,False,False,True,False,0,False,False,False,False,False,True,False
-0.40552167507845527,1.4456604880349857,-1.4925939364934466,False,False,True,True,False,False,True,False,False,False,0,False,True,False,False,False,False,False
-0.9900825624368169,-1.2816237461508113,-0.618207890024296,False,False,False,True,False,False,False,False,False,False,0,False,False,False,False,False,False,True
0.051910171469771636,0.46872285190873,-0.2880317548300625,False,False,False,False,True,False,True,True,False,False,0,False,True,False,False,False,False,False
2.460007737110756,1.5677776925507676,1.4856279864897142,False,True,True,False,True,True,True,True,False,True,1,False,False,True,True,True,False,False
-0.5692680945919756,-0.1418631706701798,-1.016410264127894,True,False,False,True,False,False,False,True,False,True,0,False,False,False,False,False,False,False
-0.5799810926778582,0.06166550352279012,-1.2885152197653527,False,False,True,True,False,False,False,False,False,False,0,True,False,False,False,False,False,False
-0.7772714898045517,-1.0780950719578415,0.8650959535116071,True,True,False,True,False,True,True,False,False,True,0,False,False,True,False,True,False,False
1.5960746906521048,1.2014260790034217,1.095721495179941,False,True,False,False,False,True,True,False,True,True,1,True,False,True,True,False,True,False
-0.8273240218451505,-0.4268033145403377,-1.4892755833759168,False,False,False,False,False,True,False,False,True,False,1,False,False,False,False,False,False,True
1.9837183795875841,1.3642490183577978,1.3163919774956847,False,True,False,False,False,False,True,False,True,True,1,True,False,True,True,True,True,False
-0.9956585901290592,-1.2816237461508113,-1.0396387359506039,False,False,False,True,False,False,False,True,False,True,0,False,True,False,False,False,False,True
1.3349453623087175,0.7129572609402939,1.3611897445823398,False,True,False,True,True,False,True,False,False,False,0,True,True,True,True,True,True,False
1.8102029351801752,1.3642490183577978,1.050923728093286,False,True,True,True,True,False,True,True,False,True,0,True,False,True,False,False,False,True
2.6554760464482525,1.6084834273893616,1.6664782313950985,False,True,True,True,True,False,True,True,False,True,0,True,False,True,True,True,False,False
-0.7744834759584307,-0.22327464034736777,-1.5191407614336867,False,False,False,True,False,False,False,False,False,False,0,False,True,False,False,False,False,True
-0.9503698297782893,-1.0373893371192475,-1.5091857020810966,False,False,False,True,False,False,False,False,True,False,0,False,True,False,False,False,False,True
-0.6734124858203093,-0.7524491932490895,-0.3129194032115374,False,False,False,True,False,True,False,False,False,True,0,True,False,False,False,False,True,False
-0.5614748275417947,-0.2639803751859618,-0.9682941439237093,True,False,False,True,False,False,False,True,False,False,0,False,False,True,False,False,False,False
-0.620242646959638,-0.8745663977648716,0.34245533750063456,True,True,False,False,False,False,False,False,False,False,0,True,False,False,False,False,False,False
-0.12513968419138166,0.020959768684196134,-0.1785261019515731,False,False,True,False,True,False,True,True,False,False,0,False,False,True,True,True,False,False
0.885592170054763,0.590840056424512,0.8485041879239571,False,False,True,True,True,True,True,True,False,True,0,True,True,True,True,True,False,True
-1.0020249209587846,-1.2816237461508113,-1.5207999379924515,False,False,False,False,False,True,False,False,False,False,0,False,False,False,False,False,False,True
-0.6743125532824429,-0.7117434584104956,-0.44399435135397186,True,False,False,True,False,False,False,False,False,False,0,True,False,False,False,False,False,False
2.0965121995983726,1.3642490183577978,1.4441485725205894,True,True,False,True,False,True,True,True,True,True,1,True,True,True,True,True,False,False
-0.6016705232287843,0.14307697319997809,-1.3216987509406526,False,False,True,True,False,False,True,False,False,False,0,True,True,False,False,False,True,False
0.9463137944513837,0.5094285867473239,1.0293544328293414,False,True,False,True,False,True,True,False,False,True,0,True,True,True,False,True,False,False
0.08488337459476256,-0.3453918448631497,1.3014593884668002,True,True,False,False,False,True,False,False,False,True,0,True,False,True,True,True,False,False
-0.9241800619166952,-1.2002122764736234,0.29599839385521454,True,True,False,False,False,False,False,False,False,False,1,False,False,True,False,False,False,False
2.066568491833733,1.1607203441648277,1.664819054836333,False,True,True,False,True,False,True,True,False,True,0,True,True,True,True,True,True,False
-0.6077295139494884,0.06166550352279012,-1.3051069853530026,False,False,False,False,False,True,True,False,True,False,0,True,True,False,False,False,True,False
1.1459531481255971,1.4456604880349857,0.1981069768880804,False,False,True,False,True,False,True,True,False,True,0,True,False,True,False,False,True,False
-0.4964943473487366,-0.6710377235719016,0.3192268656779245,False,True,False,True,False,True,False,True,False,False,0,False,False,False,False,False,True,False
0.07979030993098238,-0.019745966154397852,0.5100321699358986,False,True,False,True,False,True,True,False,False,False,1,False,False,False,False,True,True,False
-0.5603113257005,-0.2639803751859618,-0.8654251972802797,False,False,False,False,True,False,True,True,False,True,0,False,True,False,False,False,True,False
-0.7017975401749119,0.14307697319997809,-1.5174815848749215,False,False,False,False,False,False,True,False,False,False,0,False,True,False,False,False,False,False
-0.9791500357016337,-1.2002122764736234,-1.4826388771408567,False,False,False,False,False,False,False,False,True,False,0,False,False,False,False,False,False,True
-0.6449615728709163,-0.9966836022806536,1.1737027934418955,False,True,False,True,True,False,False,True,False,False,1,False,False,False,True,True,True,False
0.07812189219629567,0.18378270803857208,0.10519308959724047,False,False,False,False,True,False,True,True,True,False,0,True,False,True,False,False,True,False
-1.0014321936056723,-1.2816237461508113,-1.4760021709057967,False,False,True,True,False,False,False,False,False,False,0,False,False,False,False,False,False,True
0.7231848753019776,1.4456604880349857,-0.28305422515376755,False,False,True,True,True,True,True,True,False,True,0,False,True,True,False,True,False,True
-0.11321927853434428,-0.30468611002455576,0.659358060224748,True,True,False,True,False,True,False,False,False,False,0,True,False,False,False,True,False,False
-0.42973568509634147,-0.6303319887333076,0.34743286717692967,False,False,False,False,False,True,True,False,False,True,0,True,False,False,True,True,False,False
2.0809256654980106,1.4049547531963917,1.2998002119080347,True,True,False,True,False,False,True,False,True,True,0,True,False,True,True,True,False,False
-0.9528724563803191,-1.1188008067964355,-1.2105339215033981,True,False,False,False,False,False,False,False,False,True,1,False,False,False,False,False,False,False
0.8073302065790021,0.9978974048104517,0.20474368312314,False,False,False,True,False,True,True,False,True,True,1,True,False,True,True,False,True,False
-0.7674366063158726,-0.9966836022806536,0.19147027065302033,False,True,False,True,False,False,False,False,False,False,0,False,False,False,False,False,False,False
0.0780340807365754,0.9164859351332638,-0.6663240102284806,True,False,False,True,True,True,False,False,False,True,1,False,False,False,True,False,False,False
0.11361967478824661,0.9571916699718578,-0.6596873039934208,False,False,True,False,True,False,False,True,False,True,0,False,False,True,False,False,False,False
-0.23756030549835816,-0.5489205190561197,0.9961709016540415,True,True,False,False,False,True,True,False,False,False,1,True,False,False,True,True,False,False
0.7539627919339601,0.7536629957788878,0.47187110908430413,False,True,False,False,True,True,True,False,False,True,0,False,True,False,False,False,False,False
0.10729724968838146,1.4049547531963917,-0.9699533204824742,False,False,True,False,True,False,True,True,False,False,0,False,True,False,False,False,True,False
0.8986541246881649,0.8350744654560759,0.5199872292884885,False,True,False,True,False,True,False,True,False,True,0,False,False,False,False,False,False,True
-1.0017395337146933,-1.2816237461508113,-1.4992306427285067,False,False,False,False,False,False,False,False,False,False,0,False,False,False,False,False,False,True
-0.8600776963208406,-0.6710377235719016,-1.5008898192872717,False,False,False,True,False,True,False,False,False,False,0,False,False,False,False,False,False,True
-0.3927012019592843,-0.2639803751859618,-0.3378070515930122,False,False,False,False,False,True,False,False,False,True,0,False,False,True,False,False,True,False
0.4269748688003113,0.5094285867473239,0.36568380932334454,True,False,False,True,True,True,False,False,False,False,0,False,False,True,True,True,False,False
-0.5102368407949711,0.590840056424512,-1.3117436915880627,True,False,False,True,False,False,True,False,False,False,0,True,False,False,False,False,False,False
0.35310347831056793,0.020959768684196134,0.9812383126251565,True,True,False,True,False,True,True,False,False,False,1,True,False,False,True,True,False,False
-0.444970973357822,-0.7117434584104956,0.6477438243133932,False,False,False,False,True,False,False,True,False,True,0,False,False,True,True,True,False,True
-0.6444347041125942,0.387311382231542,-1.4909347599346818,False,False,True,False,False,False,True,False,False,False,0,False,True,False,False,False,False,True
-1.0016078165251128,-1.2816237461508113,-1.4892755833759168,False,False,False,True,False,False,False,False,False,False,0,False,True,False,False,False,False,True
1.4090801871776217,0.9571916699718578,1.32136950717198,False,True,False,False,False,True,False,False,True,True,1,True,False,True,True,True,False,False
1.2755628626728317,0.8350744654560759,1.0559012577695812,False,True,False,False,True,True,False,True,True,True,1,False,False,False,False,True,False,True
-0.3154929760001677,-0.7117434584104956,1.3329837430833347,True,True,False,False,True,False,False,True,False,False,0,False,False,True,True,True,False,False
-0.6081685712480901,-0.6710377235719016,-0.33448869847548224,False,False,True,True,True,False,False,True,False,True,0,False,False,True,True,False,False,True
-0.8278069848736125,-0.5082147842175256,-1.5008898192872717,False,False,False,True,False,True,False,False,True,False,0,False,False,False,False,False,False,True
-0.3991333913837999,-0.7117434584104956,1.0476053749757561,True,True,False,True,True,True,True,False,False,False,1,True,False,True,True,False,False,False
0.37817365006072745,0.22448844287716607,0.5150096996121938,False,True,False,True,True,True,False,False,False,False,1,True,True,False,False,False,False,True
-0.9857139423157296,-1.2816237461508113,-0.2880317548300625,True,False,False,False,False,True,False,False,False,False,0,False,False,False,False,True,False,False
-0.5124101744230498,0.9978974048104517,-1.5042081724048018,False,False,True,False,False,True,True,False,False,False,0,False,False,False,False,False,False,False
2.4672302296727544,1.6084834273893616,1.4806504568134191,False,True,True,True,True,True,True,False,False,True,1,True,False,True,True,True,False,False
1.3784559406001502,0.8757802002946699,1.1670660872068355,True,True,False,False,False,True,False,True,False,False,0,True,False,False,True,True,False,False
-0.3128805850734873,-0.10115743583158582,-0.3477621109456021,False,False,False,True,True,True,True,False,False,False,0,True,True,False,False,False,False,False
-0.8336903526748759,-1.1188008067964355,0.3540695734119893,True,True,False,False,False,False,False,False,False,False,0,True,False,False,False,False,False,False
2.162853757417096,1.3235432835192036,1.4756729271371243,False,True,False,False,True,True,True,False,False,True,1,True,False,True,True,True,True,False
-0.7065393589998109,-0.30468611002455576,-1.3333129868520075,False,False,True,False,False,False,False,False,False,False,0,True,False,False,False,False,True,False
-0.6324484398607666,0.46872285190873,-1.4909347599346818,False,False,False,True,False,False,True,False,True,False,0,False,True,False,False,False,False,False
1.4816783115014203,1.5677776925507676,0.5233055824060188,False,True,True,False,True,True,True,False,False,False,1,True,False,False,False,False,True,False
-0.20588232140424229,-0.3453918448631497,0.44698346070282924,True,False,False,False,True,False,True,False,True,True,0,True,True,False,True,True,False,False
1.0156409419005994,0.7536629957788878,0.8435266582476619,False,True,False,True,False,True,True,False,True,True,0,True,False,False,False,True,True,False
1.4423607304116342,1.2014260790034217,0.8551408941590172,False,True,False,True,True,False,False,False,False,True,0,True,False,True,False,False,False,False
0.6693564504934039,0.590840056424512,0.5116913464946635,True,True,False,False,True,False,True,False,False,False,1,True,False,False,False,False,False,False
-0.9171990508689275,-0.8338606629262776,-1.5125040551986266,False,False,True,True,False,False,False,False,False,False,0,False,True,False,False,False,False,False
-0.9995662000866148,-1.2816237461508113,-1.3349721634107725,True,False,False,True,False,True,False,False,False,False,0,False,True,False,False,False,False,False
2.1405057409182673,1.4456604880349857,1.4441485725205894,True,True,False,True,False,False,False,True,True,True,0,True,False,True,True,True,False,False
1.3501367448403376,0.7943687306174818,1.3329837430833347,False,True,False,True,False,True,True,False,True,True,1,True,False,True,True,True,False,False
-0.30082846222686943,-0.2639803751859618,-0.16193433636392318,True,False,False,False,False,True,True,True,False,True,0,True,True,False,False,False,False,False
-0.601319277389903,-0.7931549280876836,0.1732193285066055,True,True,False,True,False,True,False,False,False,False,0,False,False,False,False,False,False,False
0.7336344390086992,1.0386031396490458,0.1151481489498308,True,False,False,False,True,True,True,True,True,False,0,True,False,False,False,True,False,False
-0.6825448776312255,0.1023712383613841,-1.4892755833759168,False,False,False,True,False,False,True,False,True,False,0,False,True,False,False,False,False,False
1.143494427253427,0.7536629957788878,0.9646465470375066,False,True,False,True,False,True,False,False,True,False,1,False,False,True,True,True,False,False
-0.4541033651687382,1.3235432835192036,-1.4959122896109767,False,False,True,True,False,True,True,False,False,False,0,False,True,False,False,False,True,False
-0.4274086814137522,-0.38609757970174374,-0.3029643438589475,False,False,False,False,False,False,False,False,True,True,0,False,False,True,False,False,False,False
-0.8702857785133312,-1.1595065416350294,0.5199872292884885,False,True,False,True,False,True,True,True,False,False,0,False,False,True,False,False,False,True
0.4888160893083669,0.06166550352279012,1.1786803231181906,True,True,False,False,False,True,True,False,False,False,0,True,False,True,True,True,False,False
-0.5759856712605823,-0.7931549280876836,0.3441145140593994,False,False,False,True,False,True,True,False,True,False,0,True,False,True,True,True,False,True
1.8448665089047827,1.4456604880349857,1.0276952562705766,True,True,False,True,False,True,False,False,False,True,1,True,False,True,False,True,False,False
0.20994884610146924,1.4863662228735797,-0.8571293144864547,False,False,True,True,True,False,True,True,False,False,0,False,True,True,False,False,False,True
-0.6951897278309558,0.14307697319997809,-1.4826388771408567,False,False,True,False,False,False,True,False,False,False,0,False,True,False,False,False,False,False
-0.9757034359076098,-1.1595065416350294,-1.4743429943470319,False,False,False,False,False,False,True,False,True,False,0,False,False,False,False,False,False,False
-0.5289187288504753,-0.6303319887333076,-0.09390809745455836,False,False,False,True,True,True,True,True,True,False,0,True,True,False,False,False,False,True
-0.46793367007469316,-0.7524491932490895,0.7024966507526377,True,True,False,True,False,True,True,False,False,False,0,True,False,False,True,False,False,False
1.122836781354215,1.5270719577121736,0.13339909109624562,False,False,True,True,True,False,True,False,False,False,0,True,True,True,True,False,True,False
0.9709229560380116,0.387311382231542,1.3678264508173998,False,True,False,True,False,True,True,True,False,False,0,True,False,True,True,True,False,False
0.562116705309928,0.428017117070136,0.5067138168183688,True,False,False,True,True,True,True,False,True,False,0,True,False,True,True,True,False,False
-0.7214673071522701,-0.9966836022806536,0.3341594547068096,False,True,False,True,True,True,True,False,False,False,0,False,False,False,False,False,False,True
1.9493401931070675,1.2828375486806096,1.4690362209020642,False,True,True,True,False,True,True,True,False,True,0,True,True,True,True,True,True,False
0.32531115130907745,0.7943687306174818,-0.23161975183205266,False,False,False,False,True,False,False,True,True,False,0,False,False,True,False,False,True,False
0.8877874565477717,0.9164859351332638,0.427073341997649,False,False,True,True,False,True,False,False,False,False,0,True,False,True,True,True,False,False
-0.8873212016990789,-1.1595065416350294,0.17487850506537042,True,True,False,True,False,True,True,False,False,False,1,False,False,False,False,False,False,False
-0.8930289465809016,-1.0780950719578415,-0.5070430605870415,False,False,False,False,False,True,False,True,False,False,0,False,False,False,False,False,False,False
-0.9776133351565276,-1.2816237461508113,0.3242043953542197,True,True,False,True,False,True,False,False,False,False,1,True,False,False,False,False,False,False
-0.9395251145028263,-1.0780950719578415,-1.1773503903280982,False,False,False,False,True,False,False,False,False,False,0,False,False,False,False,False,False,False
-0.9796329987300956,-1.2816237461508113,0.17156015194784016,True,True,False,False,False,False,False,False,False,False,0,False,False,False,False,False,False,False
-1.0018932037692039,-1.2816237461508113,-1.5108448786398618,False,False,False,False,False,True,False,False,False,False,0,False,False,False,False,False,False,True
-0.5794981296493963,-0.7931549280876836,0.37397969211716947,True,False,False,False,True,True,True,True,False,True,0,True,False,False,True,False,False,False
-0.5223328693714492,-0.7931549280876836,0.4751894622018339,True,True,False,False,False,True,False,False,False,True,0,False,False,True,False,False,False,False
-0.7525086581634134,-0.3453918448631497,-1.3548822821159523,False,False,True,True,False,True,True,False,False,False,0,True,True,False,False,False,False,False
-0.23786764560737939,1.4049547531963917,-1.2885152197653527,False,False,True,False,False,True,False,False,False,False,0,True,False,False,False,False,False,True
0.9837434291571825,1.0793088744876398,0.3922306342635843,False,False,False,True,False,False,True,True,True,True,0,False,True,True,True,True,True,False
1.6370606894765773,1.5677776925507676,0.680927355488693,False,False,True,True,True,False,True,True,False,True,0,False,True,True,True,True,False,False
2.111857252184503,1.2828375486806096,1.4607403381082393,False,True,False,False,True,True,False,True,False,False,1,True,False,True,True,True,False,False
-0.7893016597862396,-1.0780950719578415,0.6709722961361032,False,True,False,True,True,True,False,False,False,False,1,False,False,False,True,False,False,False
0.31514697484644705,0.18378270803857208,0.5017362871420736,True,True,False,False,False,False,False,False,True,True,0,False,False,True,False,False,False,False
0.09434505937963002,-0.1418631706701798,0.6626764133422782,True,True,False,True,False,True,False,False,False,False,0,True,False,False,False,True,False,False
-0.23345511975643188,1.6084834273893616,-1.3333129868520075,False,False,True,True,False,False,True,False,False,False,0,True,True,False,False,False,False,False
-0.07853375194480662,-0.3453918448631497,1.0310136093881064,True,True,False,True,False,True,False,True,False,False,0,False,False,False,True,True,False,False
-0.194971747533989,-0.4675090493789317,0.7174292397815226,False,True,False,True,False,False,True,False,False,False,1,False,False,True,True,False,False,False
-0.9216554824497352,-1.1188008067964355,-0.6928708351687206,False,False,False,False,False,True,False,False,False,False,0,False,False,False,False,False,True,False
1.7350143727946266,1.2421318138420157,1.079129729592291,False,True,True,False,False,False,False,False,False,True,0,True,False,False,True,True,False,False
1.480668479714636,1.1607203441648277,1.0476053749757561,False,True,False,True,False,True,True,False,True,False,0,True,False,False,True,True,False,False
-0.568850990158304,0.8350744654560759,-1.5340733504625714,False,False,True,False,False,False,False,False,False,False,0,False,False,False,False,False,False,True
-0.9990832370581527,-1.2816237461508113,-1.2984702791179428,False,False,False,False,False,True,False,False,False,False,1,False,False,False,False,False,False,True
-0.0512463408367082,-0.2639803751859618,0.6726314726948681,True,True,False,True,False,True,False,True,True,True,0,False,False,True,False,False,False,False
-0.9377469324434892,-0.9966836022806536,-1.4859572302583868,False,False,True,True,False,False,True,False,False,False,0,False,True,False,False,False,False,True
0.9102671902361809,1.1200146093262338,0.22631297838708508,True,False,False,True,True,True,False,False,True,True,1,True,False,False,False,True,False,False
-0.1690893197814162,-0.5082147842175256,1.0144218438004564,False,True,False,False,False,True,True,True,False,False,0,True,True,True,False,True,False,False
1.458715614784549,1.0793088744876398,1.145496791942891,False,True,False,False,True,True,False,False,False,True,0,True,False,True,False,True,False,False
-0.9859554238299607,-1.1595065416350294,-1.4842980536996218,True,False,False,True,False,True,False,False,False,False,0,False,False,False,False,False,False,False
-0.9931559635270292,-1.2409180113122174,-1.4992306427285067,False,False,False,True,False,False,False,False,False,False,0,False,False,False,False,False,False,True
-0.2135219183999127,0.14307697319997809,-0.46058611694162177,False,False,False,False,True,False,True,False,False,False,0,False,True,False,False,False,True,False
-0.7749225332570325,-0.30468611002455576,-1.4859572302583868,False,False,False,True,False,True,False,False,False,False,0,False,False,False,False,False,False,True
1.6792980016020653,1.5677776925507676,0.6062644103442684,True,False,True,True,True,False,True,True,False,False,0,True,False,True,True,True,False,False
1.5991919974721769,1.1607203441648277,1.1438376153841259,False,True,False,True,True,False,True,True,False,False,0,True,False,True,True,False,False,False
0.15695463016023886,0.18378270803857208,0.3374778078243394,False,False,False,False,True,False,True,False,True,True,0,False,True,False,True,True,False,False
0.8995322392853683,0.8757802002946699,0.5813767619627935,False,False,False,False,True,False,False,True,True,True,1,True,False,False,True,True,False,False
2.575282230858644,1.5677776925507676,1.6167029346321486,False,True,True,False,True,False,True,True,False,True,0,True,True,True,True,True,True,False
-0.9756595301777496,-1.2816237461508113,0.47187110908430413,True,True,False,True,False,True,False,False,False,True,0,True,False,False,False,False,False,False
1.7226329569740575,1.6084834273893616,0.7207475928990529,False,False,True,True,True,False,False,True,False,True,0,True,False,True,True,True,False,False
0.1430804195244236,-0.10115743583158582,0.8335715988950722,True,True,False,False,False,True,True,False,False,True,1,True,False,False,True,False,False,False
-0.3773122436432932,-0.10115743583158582,-0.49874717779321653,True,False,False,True,False,False,True,False,False,False,0,True,False,False,False,False,False,False
0.9534923812835224,0.7536629957788878,0.7439760647217625,True,True,False,True,False,True,False,True,False,True,0,True,False,True,False,False,False,False
-0.21275356812735963,-0.4268033145403377,0.6576988836659831,True,True,False,False,False,True,False,False,False,False,0,True,True,False,False,True,False,False
2.191085141717188,1.5677776925507676,1.3379612727596297,True,True,True,True,False,True,True,True,False,True,0,False,False,True,True,True,False,False
0.14894183446075704,0.428017117070136,-0.1503201004525682,False,False,False,False,True,True,True,True,True,False,0,False,True,True,True,True,True,False
-0.9796110458651653,-1.2816237461508113,0.1732193285066055,False,True,False,False,False,True,False,False,False,False,0,False,False,False,False,False,False,True
2.1368615653398724,1.5677776925507676,1.1438376153841259,True,True,True,False,True,True,True,True,False,True,1,False,False,True,True,False,False,False
0.4475886089696631,0.346605647392948,0.4950995809070136,False,False,False,False,True,True,False,True,True,False,0,False,False,True,True,True,False,False
-0.43702403625313035,-0.5896262538947137,0.27276992203250505,True,True,False,True,False,True,True,False,False,False,0,True,False,False,False,False,False,False
-0.2761534420454515,1.3642490183577978,-1.3150620447055927,False,False,True,True,False,True,True,False,False,False,0,True,True,False,False,False,True,False
-0.9761424932062116,-1.2816237461508113,0.435369224791474,True,True,False,False,False,False,False,False,False,False,0,False,False,False,True,False,False,False
0.6413226419776826,0.18378270803857208,1.1471559685016557,True,True,False,False,False,True,True,False,False,False,0,True,False,True,True,True,False,False
-0.8395737204761393,-1.0780950719578415,-0.2880317548300625,True,False,False,False,True,False,False,False,False,True,0,False,False,False,False,False,False,False
-1.0013882878758118,-1.2816237461508113,-1.472683817788267,False,False,False,False,False,False,True,False,False,False,0,False,True,False,False,False,False,True
0.31033929742675803,0.020959768684196134,0.9978300782128064,False,True,False,False,False,True,True,True,False,False,0,True,False,True,False,True,True,False
0.8830236848579426,0.5501343215859179,0.9862158423014517,True,True,False,True,False,True,True,False,True,True,0,True,False,True,True,False,False,False
2.008569022688443,1.1607203441648277,1.5486766957227835,False,True,True,True,True,True,False,True,False,False,0,True,False,True,True,True,True,False
-0.5721878256276772,0.9164859351332638,-1.5191407614336867,False,False,False,False,False,False,True,False,True,False,0,False,True,False,False,False,True,False
0.23635814261236418,0.18378270803857208,0.46523440284924406,False,True,False,False,False,True,True,False,False,False,0,True,False,True,False,False,True,False
-0.5489397416667149,-0.019745966154397852,-0.9882042626288892,True,False,False,False,True,True,True,False,False,True,0,False,True,False,False,False,False,False
-0.9532237022192006,-0.9966836022806536,-1.5008898192872717,False,False,True,True,False,False,True,False,False,False,0,False,True,False,False,False,False,True
2.0607070768974003,1.5270719577121736,1.2002496183821352,False,True,True,True,True,True,True,True,False,True,0,False,True,True,True,False,True,False
-0.339750891747914,-0.10115743583158582,-0.4821554122055666,False,False,False,True,False,True,True,False,False,True,1,False,False,False,False,False,False,False
1.0816971124752317,1.1200146093262338,0.473530285643069,False,True,False,False,False,True,False,False,True,False,0,True,False,True,False,False,False,False
-1.0014541464706022,-1.2816237461508113,-1.477661347464562,False,False,False,False,False,False,False,False,False,False,0,False,False,False,False,False,False,True
0.6117740857817852,0.020959768684196134,1.4922646927247742,False,True,False,True,True,True,True,True,False,False,1,True,False,True,True,True,False,False
1.9538185775528056,1.1607203441648277,1.3744631570524595,True,True,False,False,False,True,True,True,False,False,0,True,False,True,True,True,False,False
-0.7612678512705182,-1.0780950719578415,1.102358201415001,False,True,False,False,True,True,False,True,False,True,0,False,False,True,False,True,False,False
-0.22566185270625094,1.6084834273893616,-1.3183803978231226,False,False,True,False,False,False,True,False,False,False,0,True,True,False,False,False,False,False
-0.973442290819811,-1.1595065416350294,-1.5290958207862766,False,False,False,True,False,False,True,False,False,False,0,False,True,False,False,False,False,True
1.7700291923581155,1.0386031396490458,1.4209201006978793,True,True,False,False,True,True,False,False,True,True,0,True,False,True,True,True,False,False
-1.001366335010882,-1.2816237461508113,-1.4710246412295018,False,False,False,True,False,False,False,False,False,False,0,False,False,False,False,False,False,True
-0.6505815062930186,-0.9966836022806536,1.1919537355883103,True,True,False,True,False,False,False,False,False,True,0,True,False,False,True,True,False,False
-0.9760327288815611,-1.1595065416350294,-1.4992306427285067,False,False,False,True,False,False,False,False,False,False,0,False,False,False,False,False,False,True
2.4503484765415178,1.6084834273893616,1.522129870782544,False,True,True,False,False,True,True,True,False,True,1,True,False,True,True,True,True,False
-0.4799638400563809,-0.3453918448631497,-0.4124699967374369,False,False,True,False,True,True,True,True,False,True,0,False,True,True,False,True,False,True
-0.7878527707008538,-1.0373893371192475,0.13505826765501053,True,True,False,False,False,True,True,False,False,False,0,False,True,False,False,False,False,False
-0.6940920845844514,-0.9152721326034655,0.3441145140593994,True,True,False,True,True,False,True,False,False,False,1,False,False,False,False,False,False,False
-0.9408642392635614,-1.2409180113122174,0.3490920437356946,False,True,False,False,False,True,False,False,False,False,1,True,False,False,False,False,False,True
-0.32686456003395287,-0.6303319887333076,0.9215079565096169,False,True,False,False,False,True,False,True,False,True,0,True,True,True,False,False,True,False
0.7883629312794065,1.0793088744876398,0.13837662077254032,False,False,False,True,True,True,True,True,True,False,0,True,False,False,False,True,False,True
2.582285194771342,1.6084834273893616,1.6167029346321486,False,True,True,False,True,True,True,True,False,True,0,True,False,True,True,True,False,False
1.87942031830474,1.4456604880349857,1.0492645515345211,False,True,False,False,True,True,True,False,True,True,1,True,False,False,False,True,True,False
-0.7720028022213309,-0.1825689055087738,-1.4942531130522119,False,False,False,False,False,False,True,False,True,False,0,False,True,False,False,False,False,True
-0.04312378081257594,0.18378270803857208,-0.20507292689181286,False,False,False,True,True,True,True,True,True,False,0,False,True,True,False,False,False,True
-0.559784456942178,0.9164859351332638,-1.5075265255223318,False,False,False,True,False,False,True,False,True,False,0,False,True,False,False,False,False,True
1.1693768550059997,0.5094285867473239,1.4441485725205894,False,True,False,True,True,True,False,True,False,False,0,True,False,True,True,True,True,False
1.4433925150633482,1.4049547531963917,0.6278337056082129,False,True,False,True,True,False,True,False,False,True,1,True,False,False,False,False,False,False
1.9013512303698974,1.3235432835192036,1.3329837430833347,False,True,True,True,False,False,False,False,False,True,0,True,False,True,True,True,True,False
1.377072910109555,1.5270719577121736,0.3457736906181643,False,False,True,False,True,False,True,True,False,False,0,False,True,False,True,True,True,False
-0.27569243188191955,1.4863662228735797,-1.3051069853530026,False,False,True,False,False,True,True,False,False,False,0,True,True,False,False,False,False,False
-0.24269727589199858,1.3235432835192036,-1.3150620447055927,False,False,True,False,False,True,True,False,False,False,0,True,True,False,False,False,False,False
1.690845208555291,1.5677776925507676,0.659358060224748,True,True,True,True,False,True,True,True,False,True,0,True,True,False,False,False,False,False
0.8067155263609594,1.5270719577121736,-0.15197927701133307,True,False,False,True,False,False,True,True,True,True,0,False,True,True,True,True,False,False
0.5076077416885214,0.9571916699718578,-0.17023021915774814,False,False,True,True,True,True,True,False,False,True,0,False,True,True,False,False,False,False
0.7724031984752333,0.46872285190873,1.0011484313303363,False,True,False,False,True,True,True,True,False,True,0,True,False,True,False,False,True,False
-0.7500279844263136,-0.8338606629262776,-0.5269531792922214,False,False,False,True,False,True,False,False,False,True,0,False,False,False,False,False,False,False
-0.9903459968159781,-1.2816237461508113,-0.6381180087294758,True,False,False,False,False,True,True,False,False,False,0,False,True,False,False,False,False,False
0.19510870940873024,0.020959768684196134,0.704155827311403,False,True,False,False,False,False,True,False,False,False,0,True,True,False,False,True,True,False
-0.3273914287922749,-0.6710377235719016,1.0177401969179862,False,True,False,False,False,True,False,False,False,True,0,True,False,True,False,True,True,False
0.5902163724204396,0.428017117070136,0.6610172367835129,True,True,False,True,False,True,False,False,False,False,1,True,False,False,True,False,False,False
0.06415987010076013,0.020959768684196134,0.2594965095623849,False,False,False,True,True,True,True,False,False,True,0,True,False,True,True,False,False,False
0.22197901608315707,-0.06045170099299184,0.8285940692187774,True,True,False,False,False,True,False,False,False,False,0,True,False,True,False,True,False,False
-0.8834794503363137,-1.2002122764736234,0.866755130070372,True,True,False,True,False,False,False,False,False,False,1,True,False,True,True,False,False,False
0.7718763297169111,0.6722515261016999,0.6444254711958629,True,False,False,True,True,False,True,True,True,False,0,True,False,True,True,True,False,False
-0.9692712464830945,-1.2409180113122174,-0.6713015399047756,True,False,False,True,False,True,False,False,False,False,1,False,False,False,False,False,False,False
-0.6707342362988385,-0.9966836022806536,0.9646465470375066,True,True,False,True,False,True,False,False,False,True,0,True,False,True,True,False,False,False
0.014919594062574721,-0.2639803751859618,0.8252757161012472,True,True,False,True,False,False,False,False,False,True,0,False,False,True,True,False,False,False
-1.0018273451744135,-1.2816237461508113,-1.5058673489635668,False,False,False,True,False,False,False,False,False,False,0,False,False,False,False,False,False,True
0.809591351666801,1.5677776925507676,-0.2083912800093429,False,False,True,False,True,False,True,True,False,True,0,False,True,False,True,True,False,True
0.861729405875758,1.6084834273893616,-0.16359351292268806,True,False,True,False,False,True,True,True,False,True,0,False,True,True,True,True,False,False
1.2131728205415238,1.4049547531963917,0.3374778078243394,False,False,False,False,True,False,True,False,True,True,0,True,False,True,False,True,False,True
-0.5901891748703487,-0.5896262538947137,-0.34942128750436724,False,False,False,False,False,True,True,True,True,False,0,False,True,True,False,False,True,False
1.6245695093313577,1.2014260790034217,1.034331962505636,True,True,False,True,True,False,True,False,True,True,0,True,False,False,False,True,False,False
0.25317403714881087,-0.06045170099299184,1.050923728093286,False,True,False,True,False,True,False,True,False,False,1,True,False,True,True,False,False,False
-0.9408861921284917,-0.9966836022806536,-1.4826388771408567,False,False,False,True,False,False,True,False,False,False,0,False,False,False,False,False,False,True
0.3322921623568452,1.5270719577121736,-0.6746198930223056,False,False,True,False,True,True,False,True,False,True,0,False,False,True,False,False,False,False
0.8614659714965968,1.4863662228735797,-0.1370466879824483,False,False,False,True,False,True,True,True,True,True,0,False,False,True,True,True,True,False
-0.9706323241087598,-1.2816237461508113,0.8518225410414869,True,True,False,False,False,False,False,False,False,False,0,False,False,False,True,True,False,False
-0.2012063611741338,-0.38609757970174374,0.4519609903791239,True,False,False,False,True,True,False,False,True,False,0,True,False,True,True,True,False,False
1.6653140266415996,1.6084834273893616,0.7207475928990529,False,False,True,True,True,False,True,True,False,False,0,True,False,True,True,True,True,False
0.5516232358733463,0.7129572609402939,0.1599459160364854,False,True,False,False,False,True,True,False,False,False,0,False,True,False,False,False,False,False
0.7734788888568075,0.46872285190873,0.8451858348064274,False,True,False,True,False,True,False,False,False,False,0,True,False,True,False,True,False,True
-0.3853469922077051,1.6084834273893616,-1.4892755833759168,False,False,True,False,False,False,True,False,False,False,0,False,False,False,False,False,False,False
-0.9107668614444121,-0.9966836022806536,-1.1839870965631583,False,False,False,False,False,True,False,False,False,True,0,False,False,False,False,False,False,True
-0.4356190528976048,0.26519417771576004,-0.9749308501587693,False,False,False,True,False,False,False,True,True,False,0,False,False,True,False,False,False,True
-0.618464464900301,-0.5896262538947137,-0.4954288246756865,False,False,False,False,False,True,False,False,False,False,0,False,False,True,False,False,False,True
0.24592959172188208,-0.019745966154397852,0.9629873704787417,False,True,False,True,False,True,True,False,False,True,1,False,True,False,True,True,False,True
2.0466791962070747,1.5677776925507676,1.118949967002651,False,True,False,True,False,True,True,False,True,False,0,True,False,True,True,True,True,False
-0.9483062604748612,-1.2409180113122174,0.19147027065302033,True,True,False,False,False,True,True,False,False,False,0,False,False,False,False,False,False,False
-0.4502396609410429,1.2421318138420157,-1.5008898192872717,False,False,True,True,False,False,True,False,False,False,0,False,True,False,False,False,False,True
0.1085485629893966,0.428017117070136,-0.16359351292268806,True,False,True,True,False,True,False,False,False,True,0,False,False,False,False,True,False,False
0.6271630440977763,0.387311382231542,0.695859944517578,False,True,False,False,False,True,True,True,False,False,0,True,False,True,False,False,True,False
-0.7676122292353134,-0.3453918448631497,-1.3200395743818876,False,False,True,False,False,False,False,False,False,False,0,True,False,False,False,False,True,False
0.6174379249337477,1.2421318138420157,-0.1967770440979879,True,False,True,True,True,False,True,False,False,True,0,False,True,True,True,True,False,False
-0.9470329943089161,-1.0373893371192475,-1.4826388771408567,False,False,False,True,False,False,True,False,False,False,0,False,True,False,False,False,False,True
-0.8459839570357247,-0.5082147842175256,-1.5108448786398618,True,False,False,True,False,True,False,False,False,False,0,False,True,False,False,False,False,False
-0.6306043992066392,0.46872285190873,-1.4743429943470319,False,False,False,True,False,True,True,False,True,False,0,False,True,False,False,False,False,False
-0.22640825011387383,-0.1825689055087738,-0.13372833486491825,False,False,False,True,True,False,True,True,False,True,0,False,False,False,False,False,False,True
-0.7680732393988452,-0.9966836022806536,-0.13372833486491825,False,False,False,True,True,False,True,False,False,False,1,False,False,False,True,False,False,False
2.365851899425612,1.5270719577121736,1.5022197520773641,True,True,True,False,False,True,True,True,False,True,0,True,True,True,True,True,False,False
1.3432654981172205,1.6084834273893616,0.31424933600162985,False,False,True,True,True,False,True,True,False,True,1,False,False,True,True,False,False,False
-0.983562561552581,-1.2816237461508113,-0.1254324520710933,True,False,False,True,True,False,False,False,False,True,0,True,False,False,False,False,False,False
-0.22673754308782512,1.4049547531963917,-1.3051069853530026,False,False,True,True,False,False,True,False,False,False,0,True,False,False,False,False,True,False
0.3794688690916025,0.1023712383613841,0.8219573629837174,True,True,False,True,False,True,True,True,True,True,0,False,True,False,True,False,False,False
0.5176621538265014,0.5094285867473239,0.33913698438310474,False,False,True,True,True,False,True,True,False,False,1,True,False,True,False,True,True,False
-0.9154867274043809,-0.8745663977648716,-1.5008898192872717,False,False,False,False,False,False,False,False,False,False,0,False,True,False,False,False,True,False
-0.9009100250908028,-1.1595065416350294,-0.12045492239479837,True,False,False,True,False,True,False,True,False,False,0,False,False,False,True,False,False,False
-0.8803840963811713,-0.6710377235719016,-1.4876164068171518,False,False,False,False,False,False,False,False,True,False,0,False,False,False,False,False,False,True
-0.839507861881349,-0.5896262538947137,-1.5058673489635668,False,False,False,False,False,True,False,False,False,False,0,False,False,False,False,False,False,True
-0.8240530449705675,-1.1595065416350294,0.9746016063900964,True,True,False,False,False,True,False,False,False,False,1,True,False,False,True,True,False,False
-0.8377955384168021,-0.5082147842175256,-1.4793205240233267,False,False,False,False,False,False,True,False,True,False,0,False,False,False,False,False,False,True
1.5814101768788063,1.4049547531963917,0.7920921849259474,False,False,False,True,True,True,False,True,True,True,0,True,False,True,True,True,False,False
0.7971001715215814,0.30589991255435406,1.102358201415001,False,True,False,True,True,True,True,True,True,True,1,False,False,True,True,False,True,False
-0.9623341411651868,-1.0780950719578415,-1.459410405318147,False,False,False,False,False,True,False,False,False,False,0,False,False,False,False,False,False,True
1.3545712235562155,1.0793088744876398,0.9430772517735615,True,True,False,False,False,False,True,True,False,False,0,True,False,True,True,False,False,False
-0.16182292148955735,0.7129572609402939,-0.8372191957812748,False,False,True,False,False,False,False,True,False,True,0,False,False,True,False,False,True,False
-0.9731788564406498,-1.2816237461508113,0.659358060224748,True,True,False,True,False,True,True,True,False,False,0,False,False,False,True,False,False,False
-0.7502036073457542,-0.7931549280876836,-0.7011667179625456,True,False,False,False,False,False,True,False,True,False,0,False,False,False,False,False,False,False
-0.8053052983202731,-0.4675090493789317,-1.3349721634107725,False,False,False,True,False,False,False,False,False,False,0,True,True,False,False,False,False,True
0.9405182381098408,0.346605647392948,1.3728039804936945,True,True,False,False,False,True,False,False,False,True,0,True,False,True,True,True,False,False
0.6090958362603145,0.06166550352279012,1.3412796258771595,False,True,False,False,True,True,False,False,False,True,0,False,True,True,True,True,False,False
0.22206682754287735,-0.1418631706701798,1.1239274966789456,False,True,False,True,False,True,False,True,False,False,0,False,False,True,True,True,True,False
0.12499125882203183,0.30589991255435406,0.0056424960713409395,False,False,False,False,True,False,False,False,False,True,0,False,False,False,True,False,False,True
-0.9796988573248858,-1.2816237461508113,0.16658262227154547,True,True,False,True,False,False,False,False,False,False,0,False,False,False,False,False,False,False
1.1362280289615683,0.6722515261016999,1.1089949076500607,True,True,False,False,False,True,True,False,False,True,0,True,True,False,True,True,False,False
-0.09062978052128454,0.1023712383613841,-0.17686692539280796,True,False,False,True,True,True,False,False,False,False,0,True,False,True,False,False,False,False
-0.8180818657095839,-0.9966836022806536,-0.3378070515930122,False,False,False,True,False,True,False,False,False,False,0,False,False,False,False,True,True,False
-0.43972423863953114,-0.5896262538947137,0.11348897239106542,True,False,False,True,True,True,False,True,False,False,0,False,False,True,True,False,False,False
1.2565736345083063,0.7129572609402939,1.3313245665245697,False,True,True,True,True,True,True,False,False,False,1,True,False,True,True,True,True,False
0.14369509974246608,-0.019745966154397852,0.697519121076343,False,True,False,False,False,True,True,False,False,False,1,True,False,False,True,False,True,False
-0.5356802112489423,-0.38609757970174374,-0.5053838840282764,False,False,False,False,False,False,False,False,False,False,0,False,False,True,False,False,True,False
-0.9041370962355256,-1.2002122764736234,0.450301813820359,True,True,False,True,False,True,False,False,False,False,0,False,False,False,True,False,False,False
0.24641255475034415,0.22448844287716607,0.46523440284924406,False,False,False,True,False,False,True,False,True,True,0,True,True,True,True,True,True,False
1.1458214309360164,0.7536629957788878,1.0442870218582263,False,True,False,True,True,True,True,False,True,True,0,True,False,False,False,True,True,False
-0.8824476656845995,-1.1188008067964355,-0.29135010794759253,True,False,False,True,False,False,False,True,False,False,0,False,False,True,False,False,False,False
1.6721194147699268,1.2421318138420157,1.0310136093881064,True,True,False,False,False,True,True,False,True,True,0,False,False,False,True,True,False,False
-0.9789524599172628,-1.2816237461508113,0.2229946252695553,True,True,False,True,False,True,False,False,False,False,1,False,False,False,False,False,False,False
-0.9418740710503456,-1.1595065416350294,-0.8753802566328698,False,False,False,True,True,False,True,False,False,False,0,False,True,False,True,False,True,False
0.0528102389319051,0.387311382231542,-0.15861598324639314,False,False,False,False,True,True,False,False,True,True,0,True,False,False,False,False,False,False
2.0764472810522725,1.5677776925507676,1.1803394996769556,False,True,True,False,True,False,True,False,False,True,0,True,True,True,True,False,False,False
-0.9903459968159781,-1.2816237461508113,-0.6381180087294758,False,False,False,True,False,True,False,False,False,False,0,False,False,False,False,False,False,True
0.15603260983317505,-0.1418631706701798,0.8352307754538371,False,True,False,True,True,False,True,False,True,False,1,False,False,True,False,True,False,False
0.2976285886322374,-0.06045170099299184,0.9812383126251565,True,True,False,True,False,True,False,False,False,True,0,False,False,False,True,True,False,False
-0.7698953271880425,-0.9559778674420595,0.0006649663950462456,False,False,False,True,True,False,False,True,False,False,0,False,False,False,False,True,False,True
-0.5608601473237522,-0.6710377235719016,-0.18350363162786804,True,False,False,False,False,False,False,True,False,False,1,False,False,False,True,False,False,False
-1.0014541464706022,-1.2816237461508113,-1.477661347464562,False,False,False,True,False,False,False,False,False,False,0,False,False,False,False,False,False,True
0.2209033257015827,-0.10115743583158582,0.9679649001550363,False,True,False,False,False,True,True,True,False,True,0,True,False,False,True,False,True,False
-0.6070489751366557,0.6722515261016999,-1.5241182911099815,False,False,False,False,False,False,True,False,True,False,0,False,False,False,False,False,True,False
-0.2850443523421368,-0.38609757970174374,0.15165003324266044,False,False,False,False,False,True,True,True,False,True,0,True,True,False,True,False,True,False
-0.9775255236968071,-1.2816237461508113,0.33084110158927976,True,True,False,False,False,True,False,False,False,False,0,False,False,True,False,False,False,False
-0.8015513584172282,-0.9152721326034655,-0.5103614137045716,False,False,False,True,False,False,True,False,True,True,0,False,True,False,False,False,False,True
-0.456562086040908,0.7129572609402939,-1.3266762806169474,False,False,True,True,False,False,True,False,False,False,0,True,True,False,False,False,False,True
1.3938229460512113,1.1200146093262338,0.9679649001550363,False,True,False,False,True,True,True,False,False,True,0,True,False,False,False,True,True,False
-1.0014980522004622,-1.2816237461508113,-1.480979700582092,False,False,False,False,False,True,False,False,False,False,0,False,False,False,False,False,False,True
-0.9584704369374913,-1.2409180113122174,-0.09556727401332349,False,False,False,True,False,False,False,False,False,False,0,True,False,False,False,True,False,False
0.0008917133722488853,-0.019745966154397852,0.33084110158927976,True,True,False,True,False,True,True,False,False,False,1,True,False,False,False,False,False,False
-0.7164840068131403,0.020959768684196134,-1.4892755833759168,False,False,False,False,False,False,True,False,False,False,0,False,False,False,False,False,False,True
-0.016626672841960732,-0.3453918448631497,1.0492645515345211,True,True,True,False,False,True,True,False,False,False,1,False,True,True,True,True,False,False
0.9806700280669702,0.346605647392948,1.560290931634139,True,True,False,True,False,True,True,True,True,True,1,True,True,True,True,True,False,False
-0.29149849463158234,0.30589991255435406,-0.8504926082513949,True,False,False,False,False,True,True,False,False,True,1,False,False,False,True,False,False,False
-0.5871816323749267,0.22448844287716607,-1.3233579274994176,False,False,True,True,False,False,True,False,False,False,0,True,True,False,False,False,True,False
2.106456847411702,1.2828375486806096,1.5486766957227835,False,True,True,True,True,True,True,True,False,False,1,True,True,True,True,True,False,False
0.7352369981485957,1.4456604880349857,-0.1420242176587432,False,False,False,False,False,True,True,True,True,True,1,False,False,True,False,False,False,False
0.5329852535477023,1.5677776925507676,-0.5169981199396313,True,False,True,True,False,False,True,False,False,True,0,False,False,False,True,True,False,False
0.5134691566248548,0.06166550352279012,1.2898451525554449,True,True,False,True,True,True,False,False,True,True,0,True,True,False,True,True,False,False
-0.28157579968318297,-0.5489205190561197,0.8518225410414869,True,True,False,True,True,True,False,False,False,False,1,True,False,False,True,False,False,False
-1.0015419579303226,-1.2816237461508113,-1.4842980536996218,False,False,False,True,False,False,False,False,False,False,0,False,False,False,False,False,False,True
-0.24535357254853912,-0.6303319887333076,1.24836573858632,True,True,False,True,False,True,True,False,False,True,0,True,False,True,True,True,False,False
1.4684187810836478,0.8757802002946699,1.2998002119080347,False,True,False,False,True,True,True,False,False,True,0,True,True,False,True,True,False,False
0.09230344294113207,0.30589991255435406,-0.09556727401332349,False,False,False,True,True,False,False,False,True,True,0,False,False,True,True,True,True,False
1.1388184670233188,0.428017117070136,1.6631598782775683,False,True,True,False,True,False,False,True,False,True,0,True,False,True,True,True,True,False
-0.5715950982745649,-0.7931549280876836,0.3341594547068096,False,True,False,False,False,True,False,False,False,False,0,True,False,False,False,False,False,True
-0.26438670644292467,1.3642490183577978,-1.3100845150292975,False,False,False,True,False,False,False,False,True,False,0,True,False,False,False,False,False,False
-0.9901264681666773,-1.2816237461508113,-0.6215262431418258,False,False,False,True,False,False,False,False,False,False,0,False,False,False,False,False,True,False
-0.9748692270402667,-1.2409180113122174,-0.6480730680820658,True,False,False,False,False,True,False,False,False,False,0,False,False,False,False,False,False,False
-0.6644118111989735,-0.1418631706701798,-1.3299946337344775,False,False,False,True,False,True,False,False,True,False,0,False,False,False,False,False,False,True
0.03794814937423611,-0.30468611002455576,1.1720436168831305,True,True,False,False,False,True,False,False,False,True,0,True,False,False,True,True,False,False
-0.6415588788067528,-0.4675090493789317,-0.7642154271956153,True,False,False,False,True,True,False,False,False,False,1,False,False,False,True,False,False,False
0.3713682619324004,0.22448844287716607,0.6145602931380933,True,True,False,False,True,True,True,False,False,False,1,False,False,False,False,True,False,False
-0.9640903703595938,-1.0780950719578415,-1.5241182911099815,False,False,False,False,False,False,True,False,True,False,0,False,True,False,False,False,True,False
1.5111171033726674,0.9164859351332638,1.3014593884668002,True,True,False,True,False,True,True,True,True,False,0,True,False,True,True,True,False,False
1.5632332047166941,1.0793088744876398,1.1471559685016557,False,True,True,True,False,True,True,False,False,False,0,True,True,True,True,True,True,False
-0.6059074261602911,0.6722515261016999,-1.5091857020810966,False,False,False,False,False,False,False,False,True,False,0,False,True,False,False,False,True,False
-0.9272315101419775,-0.9152721326034655,-1.5042081724048018,False,False,False,True,False,False,True,False,True,False,0,False,False,False,False,False,False,False
-0.16869416821267466,-0.38609757970174374,0.5332606417586087,True,True,False,True,False,True,False,False,False,False,0,True,False,True,False,False,False,False
-1.0015200050653925,-1.2816237461508113,-1.4826388771408567,False,False,False,False,False,True,False,False,False,False,0,False,False,False,False,False,False,True
0.3428075846583569,-0.06045170099299184,1.0990398482974708,False,True,False,True,True,False,True,False,True,False,0,True,True,True,True,False,False,False
0.7828527621819547,0.9571916699718578,0.25451897988608974,False,False,True,False,True,True,True,True,False,False,1,False,True,False,True,True,True,False
1.4944329260258011,1.5677776925507676,0.5233055824060188,False,False,True,False,False,True,True,True,False,True,0,False,False,True,True,True,True,False
0.5674732043528693,0.5501343215859179,0.473530285643069,False,False,True,False,True,False,False,False,False,False,0,True,False,True,True,True,False,True
-0.5387316594742244,-0.7117434584104956,0.31424933600162985,True,True,False,True,False,True,False,False,False,True,1,False,False,False,False,False,False,False
-0.9875799358347871,-1.2409180113122174,-1.4959122896109767,False,False,False,False,False,False,True,False,False,False,0,False,False,False,False,False,False,False
-0.27626320637010193,1.5677776925507676,-1.3631781649097774,False,False,True,False,False,False,True,False,False,False,0,True,False,False,False,False,False,True
-0.6552355136581971,0.30589991255435406,-1.5042081724048018,False,False,True,True,False,False,True,False,False,False,0,False,True,False,False,False,False,True
-0.9418082124555552,-0.9966836022806536,-1.4859572302583868,False,False,False,False,False,False,True,False,False,False,0,False,False,False,False,False,False,False
-0.7807400424635056,-0.8338606629262776,-0.6596873039934208,True,False,False,False,False,True,False,False,False,False,0,False,False,False,False,False,False,False
-0.8629974273565423,-1.2002122764736234,0.9928525485365113,True,True,False,True,False,True,False,False,False,False,1,True,False,False,True,True,False,False
-0.24094104669759162,-0.5896262538947137,1.0127626672416914,True,True,False,True,False,True,False,False,False,False,1,True,False,False,True,True,False,False
2.4320617400547553,1.6084834273893616,1.4358526897267645,True,True,True,True,False,True,True,True,False,True,0,True,False,True,True,True,False,False
2.0011050486122133,1.5270719577121736,0.9911933719777464,False,False,True,False,True,True,True,True,False,True,0,True,False,True,True,True,True,False
0.5308119199196237,0.590840056424512,0.31590851256039476,False,False,True,False,False,False,False,True,False,False,0,False,False,True,True,True,False,True
-0.25569337193061015,-0.1418631706701798,-0.21170963312687294,False,False,False,False,True,True,False,False,False,True,1,True,False,False,False,False,False,False
-0.3814393822501496,1.6084834273893616,-1.472683817788267,True,False,True,True,False,False,True,False,False,False,0,False,True,False,False,False,False,False
-0.3092144566301628,0.26519417771576004,-0.790762252135855,False,False,False,False,False,False,False,True,False,True,0,False,False,True,False,False,False,False
-0.9442230275978649,-1.0373893371192475,-1.4760021709057967,False,False,False,False,False,False,True,False,False,False,0,False,True,False,False,False,False,True
2.0001830282851496,1.5677776925507676,1.0193993734767515,False,True,False,False,True,False,True,False,True,True,0,True,False,False,True,False,False,True
0.9547656474494673,0.7536629957788878,0.7506127709568226,False,True,False,False,False,False,False,False,True,False,0,False,False,False,True,True,True,False
1.2922031342898377,0.7943687306174818,1.1737027934418955,True,True,False,False,True,False,True,False,True,False,0,False,True,True,True,True,False,False
0.9320663851117573,0.5501343215859179,1.0061259610066313,False,True,False,False,False,False,False,False,True,True,1,False,False,False,True,True,True,False
0.5808644519602225,0.22448844287716607,0.9862158423014517,True,True,False,True,False,True,True,False,False,True,0,True,True,True,True,False,False,False
-0.8512087388890854,-0.9152721326034655,-1.0081143813340692,False,False,False,True,False,True,True,False,False,False,1,False,True,False,False,True,False,False
2.6486706583199258,1.6084834273893616,1.6498864658074486,False,True,True,False,True,True,True,True,False,True,1,True,False,True,True,True,False,False
-0.3539763482226106,-0.5489205190561197,0.4569385200554191,False,True,False,True,False,True,False,False,False,False,0,False,False,False,True,False,False,False
-0.8930069937159714,-1.2002122764736234,0.6294928821669784,False,True,False,False,False,True,True,True,False,False,1,False,False,False,True,False,False,True
1.4286840955601898,1.4863662228735797,0.5813767619627935,False,False,True,False,True,True,False,True,False,False,0,False,False,True,True,True,True,False
-0.5364705143864253,0.8757802002946699,-1.4876164068171518,False,False,True,False,False,False,False,False,False,False,0,False,False,False,False,False,False,True
-0.7790496718638888,-0.8338606629262776,-0.7061442476388405,True,False,False,True,False,True,False,True,False,False,1,False,False,True,False,True,False,False
-0.949052657882484,-0.9966836022806536,-1.456092052200617,False,False,False,False,False,False,True,False,False,False,0,False,True,False,False,False,True,False
-0.12171503726228808,-0.38609757970174374,0.8319124223363072,True,True,False,True,True,True,True,False,False,True,1,False,False,False,False,True,False,False
-0.7761299408281873,-1.0373893371192475,0.3125901594428645,False,True,False,True,True,False,False,False,False,False,0,False,False,False,False,False,False,True
-0.8267093416271081,-1.0780950719578415,0.14335415044883548,False,True,False,False,False,True,False,False,False,False,0,False,False,False,False,False,False,True
-0.6296165202847853,0.5094285867473239,-1.5290958207862766,False,False,False,True,False,False,False,False,True,False,0,False,False,False,False,False,False,False
1.5469880846684296,1.6084834273893616,0.5282831120823135,False,False,True,False,True,False,True,True,False,True,0,True,True,True,False,True,False,False
-1.0014760993355323,-1.2816237461508113,-1.4793205240233267,False,False,False,False,False,True,False,False,False,False,0,False,False,False,False,False,False,True
-0.7357147164918967,-0.38609757970174374,-1.3631781649097774,False,False,True,False,False,False,True,False,False,False,0,True,True,False,False,False,False,True
1.9520623483583988,1.6084834273893616,0.9862158423014517,True,True,False,True,False,True,True,False,False,False,0,False,False,True,True,True,False,False
1.2856172748108115,1.4049547531963917,0.3507512202944595,True,False,True,False,True,True,True,False,False,False,0,True,True,False,True,True,False,False
-0.06573523169056575,0.428017117070136,-0.4539494107065617,False,False,False,False,True,True,True,True,True,True,0,False,True,False,True,False,False,False
-0.9903679496809081,-1.2816237461508113,-0.6397771852882409,True,False,False,True,False,True,False,False,False,False,0,False,False,False,False,False,False,False
1.7729708762587473,1.1200146093262338,1.3080960947018598,True,True,False,True,False,True,True,False,True,True,1,True,False,True,True,True,False,False
-0.943476630190242,-1.2409180113122174,0.4950995809070136,True,True,False,True,False,True,False,True,False,False,0,False,False,True,False,False,False,False
-0.9772401364527159,-1.2816237461508113,0.3524103968532244,True,True,False,False,False,False,False,False,False,False,0,False,False,True,False,False,False,False
1.5199421550745622,1.6084834273893616,0.4619160497317138,False,False,True,True,True,False,True,True,False,True,0,True,False,True,False,True,False,False
0.2636455537204626,-0.019745966154397852,0.8186390098661871,True,True,False,False,True,False,True,False,False,False,0,True,True,False,True,False,False,False
1.3204125657249997,1.1607203441648277,0.8202981864249524,True,False,True,False,True,False,False,True,False,True,0,True,False,True,True,True,False,False
2.0618047201439045,1.2828375486806096,1.505538105194894,False,True,True,False,True,False,True,True,False,True,0,True,True,False,True,True,False,False
-0.8811085409238641,-0.7524491932490895,-1.5058673489635668,False,False,False,False,False,False,True,False,True,False,0,False,True,False,False,False,False,True
-0.5661727406368333,-0.7931549280876836,0.5166688761709587,True,True,False,False,False,True,False,False,False,False,0,False,False,False,False,True,False,False
-0.7930116939594243,-0.30468611002455576,-1.459410405318147,False,False,False,True,False,True,True,False,True,False,0,False,False,False,False,False,False,False
0.0697358977930024,0.5501343215859179,-0.35108046406313215,False,False,True,False,False,False,False,True,False,False,0,False,False,True,False,False,True,False
-0.9227092199663794,-1.1595065416350294,-0.6314813024944159,True,False,False,True,False,True,False,False,False,False,0,False,False,False,False,False,False,False
-0.5963798827806334,0.590840056424512,-1.4760021709057967,False,False,True,True,False,False,False,False,False,False,0,False,False,False,False,False,False,False
0.627097185502986,0.8350744654560759,0.1582867394777205,False,False,True,True,True,True,True,True,False,True,0,False,True,False,True,False,False,True
-0.7626069760312535,-0.9559778674420595,0.16990097538907525,False,False,False,True,False,True,True,False,False,False,0,False,False,True,True,True,False,True
2.471554944063982,1.5270719577121736,1.4341935131679995,False,True,False,False,True,True,True,False,True,True,0,True,True,True,True,True,True,False
0.9870583117616257,0.7129572609402939,0.8352307754538371,False,True,False,True,True,True,False,True,True,True,0,False,False,True,False,False,True,False
-0.7011828599568696,-0.9559778674420595,0.2943392172964497,True,True,False,True,False,True,False,False,False,False,0,False,False,True,False,False,False,False
-0.39676248197135044,1.5270719577121736,-1.497571466169742,False,False,True,False,False,False,True,False,False,False,0,False,False,False,False,False,False,False
2.416058101520721,1.4049547531963917,1.7726655311560575,False,True,False,True,True,True,False,True,True,True,0,True,False,True,True,True,False,False
-1.0017834394445535,-1.2816237461508113,-1.5025489958460367,False,False,False,True,False,True,False,False,False,False,0,False,False,False,False,False,False,False
1.123078262868446,1.3642490183577978,0.3092718063253347,False,True,False,False,False,True,True,False,True,False,0,True,True,False,False,False,False,False
-0.5007751560101036,1.0386031396490458,-1.480979700582092,False,False,True,False,False,False,True,False,False,False,0,False,True,False,False,False,True,False
-0.3968393169986058,-1.3223294809894055,-0.410810820178672,False,False,True,False,True,True,True,True,False,False,0,False,True,True,True,False,False,False
-0.9466817484700346,-1.2409180113122174,0.1566275629189556,True,True,False,False,False,False,False,False,False,False,0,False,False,False,False,False,False,False
-0.6545769277102944,0.346605647392948,-1.4959122896109767,False,False,True,False,False,True,False,False,False,False,0,False,False,False,False,False,False,True
-0.8818549383314872,-1.1595065416350294,0.4619160497317138,True,True,False,False,False,True,False,False,False,False,1,False,False,False,True,False,False,False
-0.8323292750492105,-0.38609757970174374,-1.4859572302583868,False,False,False,True,False,False,False,False,True,False,0,False,False,False,False,False,False,False
0.7030540981610878,1.1607203441648277,-0.029200211662723803,False,False,False,True,False,False,True,False,True,True,1,True,False,False,False,True,False,False
-0.9385811413108325,-0.9966836022806536,-1.4892755833759168,False,False,False,False,False,False,False,False,False,False,0,False,True,False,False,False,False,True
-0.9773279479124364,-1.2816237461508113,0.3457736906181643,True,True,False,True,False,True,False,False,False,True,0,False,True,False,False,False,False,False
-0.7443860981392811,-0.4268033145403377,-1.2835376900890578,False,False,True,False,False,False,False,False,False,False,0,True,False,False,False,False,False,True
-0.9698200681063466,-1.2409180113122174,-0.5684325932613462,True,False,False,True,True,True,False,False,False,False,0,False,False,False,False,False,False,False
0.9469723803992864,0.9164859351332638,0.42541416543888416,True,True,False,False,False,True,True,False,False,False,0,True,False,True,False,False,False,False
0.9448429525010682,1.1200146093262338,0.3125901594428645,False,True,False,True,False,False,True,False,False,False,0,True,True,False,False,False,False,False
1.1848975305115717,0.7536629957788878,1.0028076078891015,False,True,False,False,True,True,True,True,True,False,0,True,True,False,True,False,False,True
-0.7791594361885392,-1.0373893371192475,0.5100321699358986,False,True,False,False,False,True,False,False,False,False,0,False,False,False,True,False,False,True
-0.9526090220011582,-1.2409180113122174,0.15496838636019022,True,True,False,False,False,True,False,False,False,False,1,False,False,False,False,False,False,False
0.2705387533085099,0.1023712383613841,0.6759498258123978,False,True,False,False,False,False,False,True,False,True,0,True,False,False,False,False,True,False
1.7851547162949455,1.5270719577121736,0.8236165395424823,False,False,True,False,True,False,False,True,False,True,0,True,False,True,True,True,True,False
-0.9712250514618721,-1.2816237461508113,0.8070247739548323,True,True,False,True,False,True,False,False,False,False,0,False,False,False,True,True,False,False
-0.6637532252510709,-0.10115743583158582,-1.3216987509406526,False,False,True,False,False,True,True,False,False,False,0,True,True,False,False,False,False,True
-0.8499135198582103,-0.9966836022806536,-0.5004063543519814,True,False,False,False,True,True,False,False,False,False,0,False,False,False,False,False,False,False
-0.8646877979561589,-1.1188008067964355,0.17653768162413533,False,True,False,True,False,True,False,False,False,False,1,False,False,False,False,False,False,True
-0.7379539087147656,-0.9559778674420595,0.04380355692293595,False,False,False,False,False,False,False,True,False,True,0,False,False,False,True,False,False,True
-0.6482984083402895,-0.8745663977648716,0.3192268656779245,True,True,False,True,False,True,False,False,False,True,0,False,False,False,False,False,False,False
0.041153267654028915,1.2421318138420157,-0.8488334316926298,False,False,True,True,False,False,True,True,False,True,0,False,True,True,False,False,False,False
-0.6135909288858217,0.26519417771576004,-1.3648373414685424,False,False,True,True,False,True,True,False,False,False,0,True,True,False,False,False,False,True
-0.304758025049355,-0.6303319887333076,0.9779199595076267,True,True,False,False,True,False,True,False,False,False,0,True,True,True,True,False,False,False
-0.6709318120832094,-0.7524491932490895,-0.3543988171806622,False,False,False,False,False,True,False,False,True,True,0,True,False,False,False,False,False,True
1.5627721945531623,1.1607203441648277,0.9546914876849167,False,True,False,False,True,False,True,True,True,True,0,False,False,False,False,True,False,False
2.598815702063697,1.6084834273893616,1.681410820423983,False,True,True,False,True,True,True,True,False,True,0,True,True,True,True,True,False,False
-0.007911385464715958,0.30589991255435406,-0.3029643438589475,True,False,False,True,False,False,True,False,True,False,1,False,False,False,False,True,False,False
-1.0015639107952525,-1.2816237461508113,-1.4859572302583868,False,False,False,False,False,True,True,False,False,False,0,False,True,False,False,False,True,False
-0.22070050523205115,0.590840056424512,-0.8388783723400399,False,False,False,False,True,False,False,True,True,True,0,False,False,False,False,False,True,False
0.11546371544237406,0.06166550352279012,0.443665107585299,True,True,False,True,False,False,True,False,False,False,0,False,True,False,True,False,False,False
-0.6978240716225662,-0.5896262538947137,-0.8206274301936248,False,False,False,False,True,True,False,True,True,True,0,False,False,False,False,False,False,True
-0.7741102772546192,-0.22327464034736777,-1.4826388771408567,False,False,True,False,False,True,False,False,False,False,0,False,False,False,False,False,False,False
-0.6194962495520152,0.5501343215859179,-1.4826388771408567,False,False,True,False,False,False,True,False,False,False,0,False,True,False,False,False,False,False
1.9239846341128168,1.4456604880349857,1.0011484313303363,False,True,True,True,True,False,True,True,False,True,0,False,True,False,False,True,False,False
-0.9824210125762166,-1.2002122764736234,-1.4959122896109767,False,False,False,False,False,False,False,False,False,False,0,False,False,False,False,False,False,True
-0.08639287758977766,-0.4268033145403377,0.9862158423014517,False,True,False,True,False,True,False,False,False,False,0,True,False,False,True,True,True,False
0.49823386836337424,0.14307697319997809,1.0476053749757561,True,True,False,True,False,True,True,False,False,True,1,True,False,False,True,True,False,False
-0.2718945862490145,-0.1825689055087738,-0.16359351292268806,False,False,False,True,False,True,True,True,True,True,0,False,True,True,True,True,True,False
-0.5726927415210692,0.7536629957788878,-1.4959122896109767,False,False,False,False,False,True,False,False,True,False,0,False,False,False,False,False,False,False
-0.8351172888953315,-1.1595065416350294,1.1919537355883103,False,True,False,False,False,True,False,True,False,False,0,True,False,False,True,True,False,True
0.10347745119054637,-0.2639803751859618,1.118949967002651,True,True,False,True,False,True,False,True,False,False,0,False,False,True,True,True,False,False
0.4890795236875279,0.18378270803857208,0.9298038393034418,True,True,False,True,False,True,True,False,False,True,0,True,True,True,True,False,False,False
-0.99085091270937,-1.2816237461508113,-0.6762790695810708,False,False,False,False,False,True,False,False,False,False,0,False,False,False,False,False,True,False
-0.9629707742481592,-1.1188008067964355,-1.4959122896109767,False,False,False,False,False,False,False,False,False,False,0,False,False,False,False,False,True,False
0.006928751228022863,-0.4268033145403377,1.2085455011759603,False,True,False,True,True,True,False,False,False,False,0,True,False,False,True,True,False,False
-0.38183453381889115,0.9571916699718578,-1.3432680462045974,False,False,False,True,False,True,True,False,True,False,0,True,True,False,False,False,False,True
-0.6793617122163629,0.1023712383613841,-1.4710246412295018,False,False,False,True,False,False,False,False,True,False,0,False,False,False,False,False,False,False
-0.662787299194147,-0.8745663977648716,0.2843841579438598,True,True,False,True,True,True,False,False,False,False,0,False,False,False,False,False,False,False
0.625297050578719,1.4049547531963917,-0.33282952191671733,True,False,False,False,False,False,False,False,False,True,1,True,False,False,False,False,False,False
-0.6810740356809097,-0.7931549280876836,-0.10386315680714844,False,False,False,True,False,False,True,True,False,True,0,False,True,True,False,False,False,False
-0.40323857712572614,0.30589991255435406,-0.9599982611298843,False,False,False,True,False,False,False,True,True,True,0,False,False,False,False,False,True,False
-0.9900825624368169,-1.2816237461508113,-0.618207890024296,True,False,False,True,False,False,False,False,False,False,1,False,False,False,False,False,False,False
0.3600625364934055,1.4863662228735797,-0.6198670665830609,False,False,True,False,True,False,True,True,False,True,0,False,True,True,False,False,False,False
-0.8179940542498635,-0.7117434584104956,-1.1690545075342733,True,False,False,True,False,True,False,True,False,False,0,False,False,False,False,False,False,False
-0.9159038318380524,-0.8745663977648716,-1.4793205240233267,False,False,False,True,False,False,False,False,False,False,0,False,False,False,False,False,False,True
-0.9929364348777283,-1.2409180113122174,-1.4876164068171518,False,False,False,False,False,False,False,False,False,False,0,False,False,False,False,False,False,True
-0.9927388590933576,-1.2409180113122174,-1.480979700582092,False,False,False,True,False,False,True,False,False,False,0,False,True,False,False,False,False,True
0.505456360925373,0.1023712383613841,1.2317739729986703,False,True,False,False,False,False,True,False,False,False,1,True,False,True,True,True,False,False
1.4517126508718512,1.4456604880349857,0.665994766459808,False,False,True,False,True,True,True,True,False,True,0,False,True,True,True,True,True,False
1.4036139238100303,1.5270719577121736,0.4104815764099991,False,False,True,True,True,False,True,True,False,False,0,True,False,True,False,True,True,False
-0.29764529681200674,0.7943687306174818,-1.1557810950641534,False,False,False,True,False,False,False,False,True,True,0,False,False,False,False,False,False,True
-0.3996163544122618,-0.6710377235719016,0.667653943018573,False,True,False,True,False,True,True,False,False,False,1,True,False,False,True,False,True,False
-0.9557921874160208,-1.0780950719578415,-1.5191407614336867,False,False,False,True,False,False,False,False,True,False,0,False,False,False,False,False,False,True
-0.4176177036549333,-0.6710377235719016,0.6576988836659831,True,True,False,False,False,True,False,False,False,False,1,True,False,False,True,False,False,False
2.2874801716252007,1.4456604880349857,1.5536542253990788,False,True,True,False,True,False,True,True,False,False,0,True,True,True,True,True,True,False
-0.5130687603709524,-0.8338606629262776,1.1620885575305409,False,True,False,True,False,True,False,True,False,False,0,True,False,False,True,True,False,True
1.147511801535633,0.7129572609402939,0.9779199595076267,False,True,False,True,True,True,True,False,False,True,0,True,False,False,False,True,True,False
-0.43702403625313035,1.1607203441648277,-1.472683817788267,False,False,True,True,False,False,True,False,False,False,0,False,True,False,False,False,True,False
-0.9188894214685444,-1.1595065416350294,-0.5203164730571613,False,False,False,True,False,False,False,False,False,True,0,False,False,False,False,False,False,True
-0.4687678789420364,-0.7931549280876836,1.0061259610066313,True,True,False,True,False,True,True,False,False,False,1,True,False,False,True,True,False,False
-0.22482764383890758,-0.5489205190561197,1.0028076078891015,True,True,False,False,True,True,False,False,False,True,0,True,False,False,False,True,False,False
0.3805226066082467,0.5501343215859179,0.13837662077254032,False,False,False,False,False,True,True,False,False,True,0,False,False,False,True,True,True,False
0.045148689071304746,-0.019745966154397852,0.3772980452346993,False,False,False,False,True,False,True,True,False,True,0,False,True,True,False,True,False,False
-0.2964817949707122,0.387311382231542,-0.82228660675239,False,False,False,True,True,True,True,False,False,False,0,False,False,False,True,False,False,False
-0.9390860572042246,-1.1595065416350294,-0.82560495986992,True,False,False,True,False,True,False,True,False,False,0,False,False,False,False,True,False,False
1.7526644761984165,1.5270719577121736,0.7987288911610074,False,False,True,False,True,True,True,True,False,True,0,True,True,True,True,True,False,False
0.1987528849871248,0.590840056424512,-0.17686692539280796,False,False,True,True,False,False,False,True,False,True,1,True,False,False,False,False,False,False
1.488988615523139,1.2828375486806096,0.8136614801898924,False,True,False,True,True,False,True,False,True,True,0,True,False,True,False,False,False,False
-1.0019590623639942,-1.2816237461508113,-1.5158224083161567,False,False,False,False,False,True,False,False,False,False,0,False,False,False,False,False,False,False
2.035746669471891,1.3235432835192036,1.4507852787556494,False,True,True,True,True,False,True,True,False,False,0,True,True,True,True,True,False,False
0.41406658422142,1.1607203441648277,-0.45063105758903166,False,False,True,False,False,False,True,True,False,True,0,False,True,True,True,False,True,False
-0.9551116486031882,-1.2409180113122174,-0.12377327551232817,False,False,False,False,True,True,False,False,False,False,0,False,True,False,False,True,True,False
-0.36291116424915604,-0.4675090493789317,0.13837662077254032,True,True,False,True,False,True,True,False,False,False,1,False,False,False,False,False,False,False
-0.9319513761019462,-1.2409180113122174,0.7058150038701679,False,True,False,False,False,True,False,False,False,False,0,False,False,True,False,True,False,True
0.42355022187121766,0.26519417771576004,0.7091333569876977,False,True,False,True,False,True,True,False,False,True,0,False,True,False,True,False,False,True
0.6380736179680296,0.18378270803857208,1.1372009091490658,True,True,False,False,True,True,True,True,True,False,0,True,False,True,False,True,False,False
-0.6691316771589423,-0.9966836022806536,0.9712832532725666,True,True,False,False,False,True,True,False,False,False,0,False,True,True,True,True,False,False
1.6580695812146709,0.8757802002946699,1.510515634871189,True,True,True,True,False,True,True,True,False,True,1,True,False,True,True,True,False,False
1.392000858262014,0.9571916699718578,1.0193993734767515,True,True,False,False,True,False,True,True,True,True,1,True,False,True,False,False,False,False
1.383944156832672,1.1200146093262338,0.8634367769528422,True,True,False,True,False,False,True,False,True,True,0,False,True,True,True,False,False,False
1.313936470570624,1.4456604880349857,0.3607062796470494,False,False,False,True,False,True,True,True,True,True,0,True,True,True,False,True,False,False
-0.9863725282636323,-1.2816237461508113,-0.3378070515930122,False,False,False,False,False,True,False,False,False,False,0,False,False,False,False,True,False,True
-0.04371650816568825,-0.019745966154397852,0.18483356441796028,False,False,False,True,True,False,True,True,True,True,0,False,False,False,False,True,False,True
2.4067061810605046,1.5677776925507676,1.472354574019594,False,True,True,True,True,False,True,True,False,True,0,False,True,True,True,True,True,False
-0.8941265898274059,-1.2002122764736234,0.6576988836659831,False,True,False,False,False,True,True,False,False,False,0,True,True,False,False,True,False,False
2.638396717532644,1.5677776925507676,1.698002586011633,False,True,True,True,True,True,True,True,False,True,0,True,False,True,True,True,False,False
-1.0017395337146933,-1.2816237461508113,-1.4992306427285067,True,False,False,True,False,False,True,False,False,False,0,False,True,False,False,False,False,False
-0.21112905612253316,-0.5082147842175256,0.7987288911610074,False,True,False,True,False,True,True,False,False,False,0,False,False,False,True,True,False,True
-0.7676122292353134,-0.5896262538947137,-0.9931817923051841,True,False,False,False,False,True,False,False,False,False,0,False,True,False,False,True,False,False
-0.39634537753767884,-0.5082147842175256,-0.017585975751368575,False,False,False,True,True,False,False,False,False,False,0,False,False,True,False,True,True,False
-0.9438278760291232,-1.2409180113122174,0.19147027065302033,True,True,False,False,False,True,False,False,False,False,0,False,False,False,False,False,False,False
0.7086740315831901,0.30589991255435406,1.042627845299461,False,True,False,False,False,True,True,False,False,True,0,True,True,True,True,False,True,False
-0.7028732305564862,0.1023712383613841,-1.466047111553207,False,False,False,False,False,False,False,False,True,False,0,False,False,False,False,False,False,True
0.6647683017230157,0.9571916699718578,0.12676238486118555,False,False,False,False,True,False,True,False,True,True,0,True,True,False,False,True,False,False
0.2787710776572926,-0.10115743583158582,1.1770211465594258,False,True,False,True,True,True,False,False,False,False,0,True,False,False,True,True,False,False
1.6648969222079282,1.6084834273893616,0.6178786462556232,False,False,True,True,True,True,True,True,False,False,0,True,True,True,True,True,True,False
0.8896095443369687,0.387311382231542,1.2898451525554449,False,True,False,False,False,True,False,True,False,True,0,False,False,True,True,True,False,False
-0.3409143935892087,-0.4675090493789317,0.2030845065643751,False,False,True,False,True,False,False,True,False,True,0,False,False,False,True,False,True,False
-0.9730471392510694,-1.1188008067964355,-1.4876164068171518,False,False,False,True,False,False,True,False,True,False,0,False,True,False,False,False,False,True
1.1135726723537185,0.7536629957788878,0.9911933719777464,True,True,False,True,True,True,False,False,True,True,0,True,False,False,True,False,False,False
-0.5964018356455634,0.590840056424512,-1.4942531130522119,False,False,False,True,False,False,True,False,True,False,0,False,False,False,False,False,False,False
-0.6075977967599079,0.5501343215859179,-1.4842980536996218,False,False,True,True,False,True,True,False,False,False,0,False,True,False,False,False,False,True
0.8705983633075132,1.2014260790034217,0.23460886118091004,False,False,True,False,True,True,True,False,False,True,0,False,False,True,True,False,True,False
-0.25261997084039794,-0.5489205190561197,0.7555903006331177,False,True,False,True,False,True,False,True,True,False,0,False,False,False,False,True,True,False
0.21098063075318332,-0.019745966154397852,0.634470411843273,True,True,False,False,False,False,False,False,True,False,0,True,False,False,True,False,False,False
1.5060020858439567,0.7943687306174818,1.472354574019594,True,True,True,True,True,True,False,True,False,False,0,True,False,True,True,True,False,False
-0.9678882159924989,-1.1595065416350294,-1.5075265255223318,False,False,True,True,False,False,True,False,False,False,0,False,True,False,False,False,True,False
0.4039024077587896,1.2421318138420157,-0.47385952941174164,False,False,True,False,True,True,True,False,False,False,0,False,True,False,False,False,False,False
-0.7609385582965669,-0.9152721326034655,-0.3461029343868372,False,False,False,True,True,True,False,False,False,False,0,True,False,False,False,False,True,False
-0.9539481467618935,-1.0780950719578415,-1.5058673489635668,False,False,False,True,False,False,False,False,False,False,0,False,True,False,False,False,False,True
1.4869689519495715,0.9571916699718578,1.1853170293532507,False,True,False,False,False,True,True,False,False,False,1,True,False,True,True,True,False,False
0.6945802922980742,0.8757802002946699,0.16492344571278056,False,False,False,True,True,True,False,True,False,True,0,False,False,False,True,False,False,True
-0.5139029692382958,-0.7117434584104956,0.3673429858821094,False,True,False,True,False,True,False,False,False,False,0,True,False,False,False,False,False,True
-0.27117014170632164,-0.5082147842175256,0.5332606417586087,False,True,False,False,False,True,True,True,False,False,0,False,False,True,False,False,False,True
-0.11899288201095726,-0.4675090493789317,1.057560434328346,False,True,False,True,False,True,False,False,False,False,1,False,False,True,True,True,False,False
-0.44104141053533635,-0.30468611002455576,-0.3527396406218973,True,False,False,True,True,False,True,True,False,False,0,False,True,False,False,False,False,False
1.4612840999813694,1.2014260790034217,0.8252757161012472,False,True,False,True,False,True,True,False,False,True,1,True,False,False,False,True,False,False
2.035263706443429,1.3642490183577978,1.336302096200865,True,True,False,False,False,True,True,False,False,True,0,True,False,True,True,True,False,False
1.734970467064766,1.0793088744876398,1.3877365695225796,True,True,False,True,True,True,True,True,False,True,0,True,False,True,True,False,False,False
2.2410279094331362,1.5677776925507676,1.3479163321122196,True,True,True,True,True,False,True,False,False,False,0,True,True,True,True,True,False,False
-0.1838635978793649,-0.6710377235719016,1.5934744628094386,True,True,False,False,True,True,True,True,False,False,0,True,True,True,True,True,False,False
-0.1714821820587957,-0.06045170099299184,-0.0308593882214887,True,False,False,False,True,True,True,True,True,False,0,False,False,False,False,True,False,False
-0.5472932767969584,-0.7524491932490895,0.3706613389996392,False,False,True,True,True,False,False,True,False,True,0,False,True,True,False,True,False,False
-0.9242020147816254,-0.8745663977648716,-1.4909347599346818,False,False,False,False,False,True,True,False,True,False,0,False,True,False,False,False,False,True
-0.9584923898024216,-1.1595065416350294,-1.1624178012992135,True,False,False,True,False,True,True,False,False,False,1,False,False,True,False,False,False,False
0.18520796732526104,-0.10115743583158582,0.8285940692187774,False,True,False,True,False,True,False,True,False,False,0,True,False,False,False,True,True,False
-0.8688149365630153,-1.0373893371192475,-0.6729607164635407,False,False,False,True,False,True,False,False,False,False,0,False,False,False,False,False,False,False
0.13287233733193304,0.46872285190873,-0.168571042598983,False,False,False,True,True,True,True,True,True,True,0,False,False,False,False,False,False,False
-0.6464982734160224,0.387311382231542,-1.4677062881119718,False,False,True,True,False,False,True,False,False,False,0,False,True,False,False,False,False,True
-0.9862627639389818,-1.2816237461508113,-0.3295111687991873,True,False,False,True,False,True,False,False,False,False,0,False,False,False,False,True,False,False
1.570763037387714,1.4863662228735797,0.6560397071072182,False,False,True,True,True,True,True,True,False,True,0,False,False,True,True,True,False,True
0.7634683824486876,0.46872285190873,0.8053655973960674,True,True,False,True,False,True,True,False,False,False,1,True,False,True,True,False,False,False
-0.597828771866019,-0.7117434584104956,-0.2100504565681078,False,False,False,True,False,True,False,True,False,True,0,True,False,False,False,False,True,False
-0.505648692024583,0.8757802002946699,-1.4909347599346818,False,False,True,True,False,False,False,False,False,False,0,False,False,False,False,False,False,True
-0.8361051678171855,-0.4675090493789317,-1.5042081724048018,False,False,True,True,False,False,False,False,False,False,0,False,True,False,False,False,False,True
-0.19817686581378172,-0.38609757970174374,0.6245153524906832,True,True,False,False,False,True,True,False,False,False,0,True,True,False,True,False,False,False
-0.9679101688574289,-1.2409180113122174,-0.44897188103026675,True,False,False,False,False,False,False,False,False,True,0,False,False,False,True,True,False,False
-0.7815083927360587,-1.0373893371192475,0.15330920980142534,True,True,False,True,False,True,False,False,False,False,0,False,False,False,False,False,False,False
-0.6309775979104507,0.5501343215859179,-1.5158224083161567,False,False,True,False,False,True,True,False,False,False,0,False,True,False,False,False,False,True
-0.8018586985262495,-1.0373893371192475,-0.024222681986428636,True,False,False,True,True,False,True,True,False,True,1,True,False,False,False,False,False,False
0.14314627811921388,0.631545791263106,-0.3129194032115374,False,False,True,False,True,False,False,False,False,True,0,False,False,False,False,False,True,False
1.408070355390838,0.9571916699718578,1.1056765545325309,True,True,False,False,False,True,True,False,True,True,0,True,False,False,True,True,False,False
-0.47816370513211376,1.0386031396490458,-1.464387934994442,False,False,True,True,False,False,False,False,False,False,0,False,False,False,False,False,False,True
-0.31338550096687934,-0.6710377235719016,1.1222683201201809,True,True,False,True,False,True,True,False,False,False,1,True,False,True,True,True,False,False
-1.001168759226511,-1.2816237461508113,-1.456092052200617,False,False,False,True,False,True,False,False,False,False,0,False,True,False,False,False,False,True
0.554301485394817,1.0386031396490458,-0.1536384535700982,False,False,False,True,True,False,True,False,True,True,0,False,False,True,False,False,True,False
-0.8098275884958711,-0.3453918448631497,-1.4859572302583868,False,False,False,False,False,False,True,False,True,False,0,False,False,False,False,False,False,True
-0.12535921284068255,-0.2639803751859618,0.4768486387605988,False,True,False,False,False,False,True,False,False,True,0,True,False,False,False,False,False,False
-0.40604854383677735,1.4863662228735797,-1.4842980536996218,False,False,True,True,False,False,True,False,False,False,0,False,True,False,False,False,False,False
-0.6745540347966738,-0.9966836022806536,0.6626764133422782,True,True,False,False,False,True,True,False,False,False,0,True,False,False,False,True,False,False
0.10483852881621174,1.0386031396490458,-0.6497322446408307,True,False,False,False,True,True,True,False,True,True,0,False,False,False,True,False,False,False
-0.8041198436140484,-0.4268033145403377,-1.472683817788267,True,False,False,False,False,True,False,False,False,False,0,False,True,False,False,False,False,False
2.100529573880578,1.5270719577121736,1.1969312652646056,False,True,True,True,True,False,True,True,False,True,0,False,False,True,False,True,True,False
-0.8729859808997319,-0.8338606629262776,-1.3117436915880627,False,False,True,True,False,True,True,False,False,False,0,True,True,False,False,False,False,False
-0.976757173424254,-1.1595065416350294,-1.4942531130522119,False,False,True,True,False,False,True,False,False,False,0,False,True,False,False,False,False,True
-0.9663295625824626,-1.1188008067964355,-1.3266762806169474,True,False,False,True,False,True,True,False,False,False,0,False,False,False,False,False,False,False
0.5726540804763698,0.22448844287716607,0.9978300782128064,False,True,False,True,False,False,False,True,True,False,0,True,False,True,True,False,False,False
-0.9502161597237787,-1.2409180113122174,0.5150096996121938,True,True,False,False,True,True,False,False,False,False,0,False,False,True,False,False,False,False
0.6585775938127312,1.0793088744876398,0.018915908541461066,False,False,False,False,True,False,True,True,True,True,0,True,True,False,False,False,False,True
0.8060569404130568,0.590840056424512,0.8335715988950722,True,True,False,True,True,False,True,False,False,False,0,False,True,True,False,True,False,False
-0.45792316366657343,-0.4675090493789317,-0.1552976301288631,True,False,False,False,True,True,False,True,True,False,0,False,False,True,False,False,False,False
-0.5073829683540598,-0.7117434584104956,0.31590851256039476,False,True,False,False,False,True,False,False,False,False,1,True,False,False,False,False,False,True
-0.9370005350358662,-1.1188008067964355,-1.1425076825940335,True,False,False,False,False,True,True,False,False,True,0,False,True,False,False,False,False,False
-0.6184864177652311,-0.7117434584104956,-0.18184445506910288,True,False,False,False,False,True,False,False,False,False,0,False,False,True,False,True,False,False
2.2645174749083297,1.6084834273893616,1.31141444781939,False,True,False,True,False,True,True,False,True,True,0,True,True,True,True,True,True,False
-0.035023173653373645,0.5094285867473239,-0.4871329418818615,False,False,False,False,False,True,True,False,False,False,0,False,False,True,False,False,True,False
-0.14167019148373727,0.631545791263106,-0.8471742551338649,False,False,True,False,True,False,True,True,False,True,0,False,True,False,False,False,False,True
-0.24098495242745174,-0.6303319887333076,1.2234780902048452,True,True,False,True,False,True,False,False,False,True,1,False,False,True,True,True,False,False
-0.39074739698050664,-0.22327464034736777,-0.48381458876433153,False,False,False,True,True,False,False,False,False,False,0,False,False,False,False,False,False,True
1.141255235030558,0.5094285867473239,1.4872871630484792,False,True,True,True,False,True,True,True,False,True,0,True,True,True,True,True,False,False
-0.5411245217516039,-0.9152721326034655,1.233433149557435,False,True,False,False,False,True,True,False,False,True,0,True,True,True,True,True,True,False
-0.9887653905410118,-1.2816237461508113,-0.5186572964983965,True,False,False,True,False,True,False,True,False,False,0,False,False,False,False,False,False,False
-0.06959893591826097,-0.4268033145403377,0.9961709016540415,False,True,False,True,False,True,False,True,False,True,0,False,False,True,False,True,False,False
-0.35465688703544324,-0.5082147842175256,0.18649274097672516,False,True,False,True,False,False,False,False,False,False,0,False,False,False,False,False,True,False
-0.9449694250054878,-1.0373893371192475,-1.3349721634107725,True,False,False,False,False,True,True,False,False,False,0,False,True,False,False,False,False,False
-0.9881507103229694,-1.2816237461508113,-0.4722003528529765,False,False,False,True,True,True,False,False,False,False,0,False,False,False,False,False,False,True
-0.43289689764627404,-0.3453918448631497,-0.37596811244460704,False,False,False,True,True,False,True,True,False,False,0,False,False,False,False,False,False,True
-0.2796878532991955,1.4456604880349857,-1.3582006352334823,False,False,True,True,False,True,True,False,False,False,0,True,True,False,False,False,False,False
-0.24416811784231437,-0.5082147842175256,0.6444254711958629,True,True,False,True,False,True,False,False,False,False,1,True,False,False,True,False,False,False
-0.5843497127989455,-0.30468611002455576,-0.8903128456617546,False,False,False,True,False,True,True,False,True,False,0,False,False,True,True,False,True,False
-0.9913997343326222,-1.2816237461508113,-0.7177584835501956,True,False,False,True,False,True,False,False,False,True,1,False,False,True,False,True,False,False
0.19743571309131955,1.2828375486806096,-0.6995075414037805,True,False,False,False,False,True,False,True,False,True,1,False,False,False,True,False,False,False
1.7889306090629207,1.2828375486806096,1.1305642029140057,False,True,True,False,True,True,True,False,False,False,0,False,False,True,True,True,False,False
-0.7876332420515529,-0.5082147842175256,-1.3067661619117676,False,False,False,False,False,True,True,False,False,False,0,True,True,False,False,False,False,False
0.5403394632992815,0.1023712383613841,1.1388600857078308,True,True,False,False,False,True,False,True,True,False,0,False,False,True,True,True,False,False
2.527754278285005,1.6084834273893616,1.6382722298960932,False,True,True,True,True,True,True,True,False,True,0,True,True,True,True,True,True,False
0.7112644696449405,0.428017117070136,0.9762607829488613,False,True,False,True,False,False,False,False,True,False,0,True,False,False,True,True,False,True
1.2010767919650456,0.8350744654560759,1.0293544328293414,True,True,False,True,True,False,False,False,True,True,0,False,True,True,False,True,False,False
-0.25826185712743044,1.4863662228735797,-1.3598598117922474,False,False,True,True,False,False,False,False,False,False,0,True,False,False,False,False,False,False
-0.9886117204865011,-1.2816237461508113,-0.5070430605870415,False,False,False,True,False,True,False,False,False,False,0,False,False,True,False,False,False,True
0.29767249436209775,-0.019745966154397852,0.9447364283323268,False,True,False,True,True,True,False,False,False,True,0,False,False,True,False,True,True,False
-0.4078267258961144,1.5677776925507676,-1.5207999379924515,False,False,True,False,False,False,True,False,False,False,0,False,False,False,False,False,True,False
-0.707571143651525,0.020959768684196134,-1.4793205240233267,False,False,True,True,False,False,False,False,False,False,0,False,False,False,False,False,False,True
-0.925650903867011,-0.9152721326034655,-1.4959122896109767,False,False,False,True,False,True,False,False,False,False,0,False,False,False,False,False,False,True
-0.6101662819567281,0.18378270803857208,-1.2769009838539978,False,False,False,False,False,False,True,False,False,False,0,True,True,False,False,False,False,True
-0.7839671136082283,-1.0373893371192475,0.21303956591696496,False,False,False,True,True,True,True,True,False,False,0,False,True,True,False,True,True,False
0.3928162109690956,0.9978974048104517,-0.3709905827683121,True,False,False,True,True,True,False,False,False,False,0,False,False,True,True,True,False,False
-0.5582697092620019,0.590840056424512,-1.4826388771408567,False,False,True,False,False,False,False,False,False,False,0,False,False,False,False,False,True,False
-0.8560822749035648,-1.1188008067964355,0.13339909109624562,True,True,False,False,False,True,True,False,False,False,0,False,False,False,False,False,False,False
1.747505552939846,1.1607203441648277,1.3479163321122196,True,True,False,True,False,True,True,False,False,True,0,True,False,True,True,True,False,False
1.666477528482894,1.6084834273893616,0.6228561759319183,False,False,True,False,True,True,True,True,False,True,0,False,True,True,True,True,False,False
-0.7088005040876098,0.1023712383613841,-1.5042081724048018,False,False,True,True,False,False,True,False,False,False,0,False,True,False,False,False,False,True
1.4456756130160773,0.9571916699718578,1.1985904418233704,True,True,False,True,False,True,False,False,False,False,1,True,False,True,True,True,False,False
0.43893918018720884,0.14307697319997809,0.896620308128142,False,True,False,False,False,True,True,False,False,True,1,True,False,False,True,False,True,False
-0.11826843746826433,-0.5082147842175256,1.1156316138851208,False,True,False,True,False,True,False,True,False,False,0,True,False,False,True,True,False,True
-0.6673974008294654,0.22448844287716607,-1.4760021709057967,False,False,False,False,False,False,True,False,False,False,0,False,True,False,False,False,False,True
1.0794359673874327,0.428017117070136,1.3163919774956847,True,True,True,False,False,True,False,False,False,True,0,True,False,True,True,True,False,False
-0.6970996270798734,-0.9966836022806536,0.7356801819279375,True,True,False,False,False,True,False,False,False,True,1,False,False,False,True,False,False,False
-0.9381420840122308,-0.9559778674420595,-1.4942531130522119,True,False,False,True,False,True,False,False,True,False,0,False,False,False,False,False,False,False
1.6408585351094827,1.4049547531963917,0.8169798333074222,True,True,False,True,True,False,True,True,True,True,0,True,True,False,False,False,False,False
-0.9908948184392303,-1.2816237461508113,-0.6795974226986006,False,False,False,True,False,False,False,False,False,False,0,False,False,False,False,False,False,True
1.4654551443180859,0.8757802002946699,1.2948226822317401,False,True,False,False,True,True,False,False,True,False,0,True,False,True,True,True,False,False
-1.0016078165251128,-1.2816237461508113,-1.4892755833759168,False,False,False,True,False,False,False,False,False,False,1,False,False,False,False,False,False,True
-0.16002278656529023,-0.38609757970174374,0.6460846477546283,False,True,False,False,True,False,True,True,False,True,0,False,True,False,False,False,False,True
-0.2278351863343295,-0.5082147842175256,0.9679649001550363,True,True,False,False,False,True,False,False,False,True,1,True,False,True,False,True,False,False
-0.4818298335754383,-0.7524491932490895,0.659358060224748,True,True,False,False,False,True,True,False,False,False,0,True,True,False,True,False,False,False
-0.630297059097618,-0.5896262538947137,-0.5004063543519814,False,False,False,False,False,True,False,False,False,True,1,False,False,False,False,False,True,False
0.8988956062023954,0.7943687306174818,0.6361295884020379,True,True,False,True,True,False,True,False,False,False,0,False,False,False,True,False,False,False
-1.0012346178213012,-1.2816237461508113,-1.461069581876912,False,False,False,False,False,False,False,False,False,False,0,False,False,False,False,False,False,True
-0.6787031262684603,0.22448844287716607,-1.5141632317573919,False,False,False,False,False,False,False,False,True,False,0,False,False,False,False,False,False,True
-0.8287948637954664,-1.1188008067964355,0.3524103968532244,True,True,False,False,False,False,False,False,False,False,0,True,False,False,False,False,False,False
-1.0018053923094836,-1.2816237461508113,-1.5042081724048018,False,False,False,True,False,True,False,False,False,False,0,False,False,False,False,False,False,True
0.04512673620637458,-0.2639803751859618,0.9513731345673865,True,True,False,True,False,True,False,False,False,False,1,True,False,False,True,True,False,False
2.142876650330716,1.3642490183577978,1.4325343366092342,False,True,False,False,False,True,True,True,True,True,1,True,False,True,True,True,True,False
0.3600844893583355,0.7536629957788878,-0.14700174733503815,False,False,True,True,True,False,True,True,False,True,0,False,True,False,False,False,True,False
-0.6651801614715266,-0.9152721326034655,0.3358186312655745,True,True,False,True,False,False,False,False,False,False,0,True,False,False,False,False,False,False
-0.9604242419162693,-1.1188008067964355,-1.456092052200617,False,False,False,True,False,False,False,False,False,False,0,False,False,False,False,False,False,True
-0.8812402581134448,-1.1595065416350294,0.18483356441796028,True,True,False,True,False,False,True,False,False,False,0,False,False,False,False,False,False,False
1.4472781721559735,1.0793088744876398,0.9895341954189815,True,True,False,False,True,True,True,False,False,True,0,True,False,False,True,False,False,False
-0.863414531790214,-1.1188008067964355,0.3125901594428645,True,True,False,False,False,True,True,False,False,False,1,True,False,False,False,False,False,False
-0.8555773590101727,-1.1188008067964355,-0.019245152310133944,True,False,False,False,True,True,False,True,False,False,0,False,False,False,True,False,False,False
-0.9532676079490607,-1.2002122764736234,-0.6248445962593558,False,False,False,False,False,True,True,False,False,False,0,False,False,False,False,False,False,True
-0.08639287758977766,0.631545791263106,-0.6679831867872458,True,False,False,False,True,True,False,False,False,True,0,False,False,False,True,False,False,False
-0.18856151097440357,1.6084834273893616,-1.3299946337344775,False,False,True,False,False,False,True,False,False,False,0,True,False,False,False,False,True,False
-0.5708267480020118,-0.8338606629262776,0.4934404043482487,True,True,False,False,True,True,False,False,False,False,0,True,False,False,False,False,False,False
-0.9312708372891134,-1.2409180113122174,1.0011484313303363,False,True,False,True,False,True,False,True,False,True,1,False,False,True,False,True,True,False
2.409669817826066,1.6084834273893616,1.4673770443432994,False,True,False,False,False,False,True,True,True,True,0,True,False,True,True,True,True,False
-0.6731929571710085,-0.5896262538947137,-0.6829157758161306,False,False,False,True,False,True,True,False,False,False,0,False,False,False,False,False,False,False
0.5410419549770442,0.5094285867473239,0.5332606417586087,False,False,True,False,True,True,True,True,False,False,0,False,True,True,True,True,False,True
-0.03227906553711274,-0.06045170099299184,0.3690021624408743,True,True,False,False,False,True,False,False,False,False,0,True,False,False,False,False,False,False
-0.9231702301299113,-0.9152721326034655,-1.4909347599346818,False,False,False,True,False,False,False,False,False,False,0,False,False,False,False,False,True,False
0.4268651044756609,0.346605647392948,0.6245153524906832,False,True,False,True,True,True,True,False,False,False,1,True,False,True,False,False,False,False
-0.9636293601960618,-1.2409180113122174,-0.5153389433808665,True,False,False,False,False,True,False,False,False,False,0,True,False,False,False,False,False,False
-0.9578338038545189,-1.2409180113122174,0.13339909109624562,True,True,False,False,False,False,False,False,False,False,0,False,False,False,False,False,False,False
1.094341962674962,0.9571916699718578,0.6942007679588127,False,True,False,True,False,True,True,True,True,True,0,False,True,True,False,False,False,True
2.1129329425660774,1.5677776925507676,1.1819986762357204,False,True,False,True,False,False,True,False,True,True,0,True,True,False,True,True,False,False
-0.8298925070419707,-0.30468611002455576,-1.5042081724048018,True,False,False,True,False,False,True,False,True,False,0,False,True,False,False,False,False,False
-0.9124352791790986,-0.8745663977648716,-1.5058673489635668,False,False,True,True,False,False,False,False,False,False,0,False,False,False,False,False,True,False
-0.561804120515746,-0.8338606629262776,0.8169798333074222,True,True,False,True,False,True,False,False,False,False,0,True,False,True,True,False,False,False
1.5292282169399893,1.6084834273893616,0.5714217026102036,False,False,True,True,False,False,True,False,False,True,0,True,False,True,True,True,False,False
2.4991057895512414,1.5677776925507676,1.6001111690444987,False,True,True,False,True,True,False,True,False,True,0,True,False,True,True,True,True,False
-0.6569258842578138,-0.22327464034736777,-1.1342117998002084,False,False,False,True,True,False,True,False,False,False,1,False,False,False,False,False,True,False
-0.6974728257836849,-0.7524491932490895,-0.4705411762942116,True,False,False,True,False,True,False,False,False,False,0,False,False,True,True,True,False,False
-0.3755560144488862,-0.6303319887333076,0.5282831120823135,True,False,False,True,False,False,False,True,True,True,0,False,True,True,True,True,False,False
0.46528261810331345,0.020959768684196134,1.28818597599668,True,True,False,False,True,True,True,True,True,False,0,False,False,True,True,True,False,False
-0.6364438612780424,-0.9152721326034655,0.6842457086062228,True,True,False,True,False,False,True,False,False,False,1,True,False,False,False,True,False,False
0.6202259387798688,0.5094285867473239,0.651062177430923,False,True,False,True,True,True,True,False,False,False,0,True,False,True,False,False,False,True
-0.5191936096864468,0.9978974048104517,-1.466047111553207,False,False,True,True,False,False,False,False,False,False,0,False,False,False,False,False,False,True
-0.11076055766217445,0.387311382231542,-0.6580281274346557,False,False,False,True,False,True,True,False,True,True,0,False,True,True,False,True,True,False
-0.9904777140055585,-1.2816237461508113,-0.6480730680820658,False,False,False,False,False,True,False,False,False,False,0,False,False,False,False,False,False,True
-0.8376638212272216,-0.9966836022806536,-0.5103614137045716,False,False,False,True,False,True,True,False,False,True,0,False,False,False,False,False,False,False
-0.8084665108702056,-0.3453918448631497,-1.480979700582092,False,False,False,False,False,True,False,False,False,False,1,False,False,False,False,False,False,True
-0.16573053144711292,-0.3453918448631497,0.5332606417586087,False,False,False,True,True,False,True,True,False,False,0,True,True,False,True,True,False,False
-0.743595795001798,-0.019745966154397852,-1.497571466169742,False,False,False,True,False,False,False,False,True,False,0,False,False,False,False,False,False,True
-0.9022711027164682,-1.2002122764736234,0.3607062796470494,True,True,False,False,False,True,False,False,False,False,0,True,False,False,False,False,False,False
1.1043963748129417,0.7129572609402939,1.0210585500355165,True,True,False,True,False,True,False,False,False,False,1,True,False,False,True,True,False,False
-0.7596433392656917,-0.8338606629262776,-0.5219756496159262,True,False,False,True,True,True,True,False,False,False,0,False,True,False,False,False,False,False
-0.6023291091766869,-0.9152721326034655,0.7937513614847123,True,True,False,False,False,True,True,False,False,False,0,False,True,False,True,True,False,False
-0.990060609571887,-1.2409180113122174,-1.5125040551986266,False,False,False,True,False,False,False,False,False,False,0,False,False,False,False,False,False,True
-0.6159837911632012,-0.9152721326034655,1.0094443141241611,True,True,False,True,False,True,False,False,False,False,1,True,False,False,True,True,False,False
-0.646388509091372,-0.9559778674420595,1.0144218438004564,True,True,False,True,False,True,False,False,False,False,0,True,False,False,True,True,False,False
-0.6461909333070012,-0.9966836022806536,1.3462571555534548,True,True,False,False,False,True,False,False,False,True,1,True,False,True,True,True,False,False
0.6045735460847167,0.6722515261016999,0.34079616094186965,False,True,False,True,False,False,False,False,False,False,0,True,True,False,False,False,True,False
-0.7713222634084982,-1.0373893371192475,0.32254521879545484,False,True,False,True,False,False,False,False,False,False,0,False,False,True,False,False,False,True
-0.9834308443630007,-1.2002122764736234,-1.4826388771408567,True,False,False,True,False,True,False,False,False,False,0,False,False,False,False,False,False,False
0.36142361411907087,0.020959768684196134,0.9580098408024466,True,True,False,False,False,True,True,False,True,False,0,False,True,True,True,True,False,False
1.2215588149448173,0.631545791263106,1.3329837430833347,False,True,False,False,False,True,True,True,False,True,0,True,False,False,True,True,True,False
-0.9133353466412323,-1.2002122764736234,0.31590851256039476,False,True,False,True,False,False,False,False,False,True,0,False,False,False,False,False,True,False
-0.028590984228858255,0.30589991255435406,-0.3444437578280723,False,False,False,False,True,True,False,True,True,False,0,False,False,False,True,True,False,False
-0.8678929162359518,-1.1188008067964355,0.1599459160364854,True,True,False,True,False,True,False,False,False,False,0,False,False,False,False,False,False,False
-0.8072151975691907,-1.1188008067964355,0.9928525485365113,False,True,False,True,False,True,False,False,False,False,0,True,False,False,True,True,False,False
-0.8727225465205709,-1.2002122764736234,1.4275568069329394,False,True,False,True,False,False,False,False,False,True,0,True,False,True,True,True,False,True
0.30994414585801644,0.590840056424512,-0.037496094456548765,False,False,True,False,False,False,True,True,False,True,0,False,True,False,False,True,False,False
-0.6089369215206432,0.22448844287716607,-1.3499047524396575,True,False,False,False,False,True,False,False,True,False,0,True,False,False,False,False,False,False
0.43042146859433494,1.4049547531963917,-0.4655636466179167,False,False,True,True,True,False,True,False,False,False,0,False,True,False,True,True,True,False
-0.8419665827535187,-0.5489205190561197,-1.4826388771408567,False,False,False,False,False,False,False,False,True,False,0,False,False,False,False,False,True,False
-0.5349118609763892,0.9164859351332638,-1.5108448786398618,False,False,True,False,False,False,True,False,False,False,0,False,True,False,False,False,True,False
2.271586297415818,1.5270719577121736,1.3678264508173998,True,True,False,True,False,True,True,True,True,True,0,False,True,True,True,True,False,False
0.2534374715279721,1.0386031396490458,-0.48547376532309666,False,False,False,True,False,False,True,False,True,False,0,False,False,True,False,False,True,False
-0.6853767972072068,-0.9966836022806536,0.9878750188602166,True,True,False,True,False,True,False,False,False,False,0,False,False,True,True,True,False,False
-0.8774863182103998,-1.1595065416350294,0.5282831120823135,True,True,False,False,False,False,True,False,False,False,0,False,True,False,False,True,False,False
-0.9678223573977086,-1.2409180113122174,-0.5203164730571613,False,False,False,True,False,False,False,False,False,True,0,False,False,False,False,False,False,True
-0.7524867052984833,-0.7931549280876836,-0.4970880012344514,False,False,False,True,True,True,True,False,False,False,0,False,True,False,False,False,False,True
-0.913774403939834,-1.2002122764736234,0.1566275629189556,True,True,False,True,False,False,False,False,False,False,0,False,True,False,False,False,False,False
-0.8791108302152263,-0.9152721326034655,-1.1723728606518034,False,False,True,False,False,True,False,True,False,False,0,False,False,False,False,False,False,True
1.111992066078752,0.631545791263106,1.1654069106480704,False,True,False,False,False,True,True,True,False,False,0,False,False,True,True,True,True,False
-0.7125324911257246,-0.9559778674420595,0.3026351000902746,True,True,False,True,False,True,False,False,False,False,1,True,False,False,False,False,False,False
0.8064301391168684,0.387311382231542,1.145496791942891,True,True,False,True,False,True,True,True,False,True,0,True,False,True,False,True,False,False
-0.5933942931501415,0.1023712383613841,-1.3117436915880627,False,False,True,False,False,True,True,False,False,False,0,True,True,False,False,False,True,False
-0.9646611448477761,-1.2409180113122174,-0.33448869847548224,False,False,False,False,True,False,False,False,False,True,1,False,False,False,False,False,False,True
0.08382963707811834,1.4863662228735797,-0.9682941439237093,False,False,False,True,False,True,False,False,True,True,0,False,False,True,False,False,False,False
-1.001871250904274,-1.2816237461508113,-1.5091857020810966,False,False,False,False,False,False,True,False,False,False,0,False,True,False,False,False,False,True
-0.8838087433102649,-1.0780950719578415,-0.4937696481169216,False,False,False,True,False,False,False,True,False,False,0,False,False,False,False,False,False,True
-1.0017395337146933,-1.2816237461508113,-1.4992306427285067,True,False,False,False,False,False,False,False,False,False,0,False,False,False,False,False,False,False
-0.523035361049212,0.428017117070136,-1.2769009838539978,False,False,True,True,False,False,False,False,False,False,0,True,False,False,False,False,False,False
-0.7430030676486857,-0.3453918448631497,-1.3515639289984223,False,False,True,True,False,False,True,False,False,False,0,True,True,False,False,False,False,True
-0.9305902984762806,-0.9559778674420595,-1.477661347464562,False,False,False,True,False,False,False,False,False,False,0,False,False,False,False,False,False,True
-0.09477887199307114,-0.38609757970174374,1.0608787874458763,False,True,False,True,False,True,False,True,False,False,0,True,False,True,True,False,True,False
-0.3684871919413982,1.5270719577121736,-1.5058673489635668,False,False,True,False,False,True,True,False,False,False,1,False,False,False,False,False,True,False
-0.6032511295037506,-0.8338606629262776,0.46523440284924406,True,True,False,False,True,True,False,False,False,False,0,True,False,False,False,False,False,False
0.4162618707144287,0.5501343215859179,0.2611556861211498,False,True,False,True,False,False,False,False,False,False,0,True,False,False,False,False,False,False
-0.5473152296618884,0.7943687306174818,-1.5174815848749215,False,False,True,True,False,False,True,False,False,False,0,False,True,False,False,False,False,True
-0.28893000943476216,1.6084834273893616,-1.3482455758808924,False,False,True,True,False,False,True,False,False,False,0,True,True,False,False,False,False,False
-0.37294362352220584,-0.5896262538947137,0.5216464058472539,True,True,False,True,False,True,False,False,False,True,0,True,False,False,False,False,False,False
-0.5209278860159237,-0.6710377235719016,0.11017061927353564,False,False,True,False,True,False,True,True,False,True,0,False,True,False,False,True,False,False
0.9121331837552382,1.2828375486806096,0.11182979583230053,False,False,True,False,False,True,True,True,False,True,0,False,False,True,False,True,False,True
-0.9718177788149844,-1.2409180113122174,-0.6082528306717059,False,False,False,True,False,True,False,False,False,False,0,False,False,False,False,False,False,False
1.8723734486621821,1.6084834273893616,0.8468450113651922,False,True,True,True,False,False,True,True,False,True,0,True,True,True,False,False,False,False
0.1262864778529069,1.2421318138420157,-0.807354017723505,False,False,False,True,True,True,False,True,True,True,0,False,True,False,False,False,False,False
-0.9795451872703751,-1.2816237461508113,0.1781968581829002,True,True,False,False,False,True,False,False,False,False,0,False,False,False,False,False,False,False
-1.0015639107952525,-1.2816237461508113,-1.4859572302583868,False,False,False,True,False,False,False,False,False,False,0,False,False,False,False,False,False,True
-0.14094574694104445,1.0793088744876398,-0.9998184985402442,False,False,False,True,True,False,True,False,True,False,0,False,True,True,False,False,False,True
0.7971440772514413,0.7536629957788878,0.5249647589647837,True,True,False,False,False,True,True,True,False,False,0,True,True,False,False,False,False,False
-0.8572677296097895,-1.0780950719578415,-0.05076950692666865,False,False,True,False,True,True,False,True,False,True,0,False,False,True,True,True,False,True
0.6994538283125535,0.9978974048104517,0.1599459160364854,False,False,True,False,False,False,False,True,False,True,0,False,False,True,True,False,False,True
1.0768016235958224,0.5501343215859179,1.1720436168831305,True,True,False,False,False,False,True,True,True,False,1,True,False,False,True,True,False,False
-0.6714806337064616,-0.7524491932490895,-0.3295111687991873,True,False,False,True,False,True,False,True,False,False,0,False,False,True,True,True,False,False
-0.7434640778122175,-0.8745663977648716,-0.3709905827683121,True,False,False,True,False,False,False,False,False,False,0,True,False,True,False,False,False,False
-0.9833210800383503,-1.2002122764736234,-1.4909347599346818,False,False,False,False,False,True,False,False,False,False,0,False,False,False,False,False,False,True
0.14650506645351727,0.30589991255435406,-0.03417774133901873,False,False,False,False,False,False,True,False,True,True,0,True,False,False,True,False,False,False
0.12095193167489586,0.020959768684196134,0.46689357940800896,False,True,False,True,False,True,False,False,False,True,0,False,False,True,False,False,True,False
-0.6659924174739398,-0.9559778674420595,0.5382381714349038,True,True,False,True,True,True,False,False,False,False,0,True,False,False,False,False,False,False
-0.38604948388546795,-0.4268033145403377,-0.1254324520710933,False,False,False,False,True,False,True,False,False,True,0,False,True,True,False,False,False,True
-0.8648195151457395,-0.7117434584104956,-1.5042081724048018,False,False,True,False,False,False,False,False,False,False,0,False,False,False,False,False,False,True
-0.3968393169986058,-1.3223294809894055,-1.3001294556767078,False,False,True,True,False,False,True,False,False,False,0,True,True,False,False,False,False,True
-0.9083300934371723,-1.2002122764736234,0.2877025110613896,False,True,False,True,False,True,False,False,False,False,0,False,False,True,False,False,True,False
-0.5447467444650683,-0.7931549280876836,0.6062644103442684,True,True,False,True,False,True,False,False,False,False,0,False,False,True,True,False,False,False
-0.8270166817361293,-0.4675090493789317,-1.4909347599346818,False,False,False,True,False,False,False,False,False,False,0,False,False,False,False,False,False,True
-0.8534040253820941,-1.0780950719578415,-0.18184445506910288,True,False,False,True,False,False,False,False,False,True,0,False,False,False,True,False,False,False
-0.7752737790959139,-0.9966836022806536,0.3540695734119893,True,True,False,False,False,False,False,False,False,True,0,False,False,False,False,False,False,False
-0.9455401994936701,-1.2002122764736234,-0.4788370590880366,False,False,False,True,False,True,False,True,False,False,0,False,False,False,False,False,False,True
-0.4635211442237457,1.2421318138420157,-1.5058673489635668,False,False,True,True,False,False,True,False,False,False,0,False,True,False,False,False,False,True
-0.5963359770507731,0.7129572609402939,-1.4959122896109767,False,False,False,False,False,True,True,False,True,False,0,False,False,False,False,False,False,False
2.1099693058005156,1.3235432835192036,1.5304257535763688,False,True,False,False,True,True,False,False,False,True,0,True,False,True,True,True,True,False
0.36050159379200725,0.46872285190873,0.29599839385521454,True,True,False,True,False,False,False,False,False,False,1,False,False,True,False,False,False,False
-0.9704127954594589,-1.2409180113122174,-0.5269531792922214,False,False,False,False,False,True,False,False,False,True,0,False,False,False,False,False,True,False
-0.6340509990006629,-0.9152721326034655,0.4984179340245439,True,True,False,True,False,True,True,False,False,False,0,False,False,False,True,False,False,False
1.1282591389919467,0.590840056424512,1.1654069106480704,True,True,False,True,False,True,True,False,False,False,1,True,False,True,True,True,False,False
1.8484009201585268,1.4863662228735797,1.0227177265942813,False,True,False,True,False,False,True,False,True,True,0,True,True,True,True,False,True,False
-0.6358950396547902,-0.30468611002455576,-1.026365323480484,False,False,False,False,False,True,True,False,False,False,0,False,False,False,True,False,False,False
-0.7444519567340714,-0.8338606629262776,-0.46390447005915153,False,False,False,True,True,True,False,True,False,True,0,False,False,False,True,False,False,False
-0.21898818176750443,1.6084834273893616,-1.3250171040581826,False,False,True,True,False,True,True,False,False,False,1,True,False,False,False,False,False,False
-0.6639068953055814,-0.06045170099299184,-1.3250171040581826,False,False,False,True,False,False,False,False,False,False,0,False,True,False,False,False,True,False
-0.9799403388391167,-1.2816237461508113,0.14833168012513065,False,True,False,False,False,True,True,False,False,False,0,False,False,False,False,False,False,True
-0.4877132013767017,-0.2639803751859618,-0.5667734167025811,False,False,False,False,True,False,True,False,True,True,0,False,False,True,True,False,False,False
-0.7118299994479619,-0.9966836022806536,0.6178786462556232,True,True,False,False,False,True,True,False,False,True,0,False,True,False,True,False,False,False
0.467192517352231,0.1023712383613841,0.9828974891839214,True,True,False,True,True,True,True,False,False,True,1,True,False,False,False,True,False,False
0.1699726790637804,-0.1825689055087738,1.1703844403243657,True,True,False,True,False,False,False,False,True,True,0,True,False,False,True,True,False,False
-0.027186000873332554,-0.4675090493789317,1.31473280093692,False,True,False,False,False,True,False,True,True,True,0,False,False,True,True,True,False,True
-0.6452250072500774,-0.7931549280876836,0.04878108659923111,False,False,False,True,False,False,False,False,False,False,0,False,True,False,True,True,True,False
2.1198261421541247,1.6084834273893616,1.118949967002651,False,True,True,False,False,True,True,True,False,True,0,True,True,True,False,True,False,False
-0.9909167713041603,-1.2816237461508113,-0.6812565992573657,False,False,False,False,False,False,False,False,False,False,0,False,False,False,False,False,False,True
-0.38089056062689747,1.5270719577121736,-1.4959122896109767,False,False,True,True,False,False,True,False,False,False,0,False,False,False,False,False,True,False
-0.9420716468347163,-1.2002122764736234,-0.04413280069160859,True,False,False,False,False,True,False,True,False,False,0,True,False,False,True,False,False,False
-0.640614905614759,-0.7931549280876836,0.0952380302446506,False,False,False,False,True,False,False,True,False,True,0,False,False,False,False,True,False,False
2.4317324470808037,1.4049547531963917,1.698002586011633,False,True,True,True,True,True,False,True,False,True,1,True,False,True,True,True,True,False
0.4913845745051871,0.631545791263106,0.18649274097672516,False,False,False,True,False,True,True,False,True,True,0,True,False,True,False,True,True,False
0.8046300041926011,0.346605647392948,1.309755271260625,True,True,False,False,False,True,False,False,False,True,1,True,False,True,True,True,False,False
0.8188554606672979,0.9978974048104517,0.3109309828840996,False,False,True,False,True,True,False,True,False,True,0,False,False,True,True,False,True,False
-0.9906752897899295,-1.2816237461508113,-0.6630056571109506,False,False,False,True,False,True,False,False,False,False,0,False,False,False,False,False,False,True
-0.5827910593889093,0.30589991255435406,-1.3382905165283026,False,False,True,True,False,True,False,False,False,False,0,True,False,False,False,False,False,True
-0.9771523249929956,-1.2816237461508113,0.35904710308828447,True,True,False,True,False,True,False,False,False,False,1,True,False,False,False,False,False,False
-0.8185867816029758,-0.38609757970174374,-1.5025489958460367,False,False,False,True,False,False,True,False,True,False,0,False,True,False,False,False,False,True
0.18479086289158925,0.46872285190873,-0.1138182161597383,False,False,False,False,True,True,True,False,True,True,0,False,False,True,False,False,False,True
-0.7200842766616746,-0.9559778674420595,0.4785078153193637,False,True,False,True,False,True,True,False,False,False,0,True,True,True,False,False,False,False
-0.015836369704477514,-0.1418631706701798,0.505054640259604,False,True,False,True,False,True,True,False,False,True,0,True,False,False,False,False,False,False
-0.6002655398732587,-0.6303319887333076,-0.3129194032115374,False,False,False,True,True,True,False,False,False,True,0,False,False,False,False,False,True,False
-0.3487515663692498,-0.2639803751859618,-0.18184445506910288,False,False,False,True,False,False,False,True,True,False,0,False,False,False,True,False,True,False
0.41672288087796044,0.46872285190873,0.1997661534468453,True,False,False,True,False,True,True,True,True,True,0,False,False,True,True,False,False,False
0.6731103903964488,0.14307697319997809,1.3645080976998696,False,True,True,False,True,True,True,True,False,True,0,True,False,True,False,True,True,False
1.5068802004411603,1.4456604880349857,0.6211969993731534,False,True,False,False,False,True,True,True,True,True,0,True,True,False,False,False,False,False
-0.9386030941757625,-1.1188008067964355,-1.018069440686659,True,False,False,False,False,False,True,True,False,True,0,False,True,False,False,False,False,False
1.1468093098578704,0.7536629957788878,1.090743965503646,True,True,False,True,False,True,False,False,False,False,1,True,False,True,True,True,False,False
1.1902979352843732,0.9978974048104517,0.8169798333074222,False,False,True,True,True,False,False,True,False,True,0,True,True,True,True,True,False,True
1.0407330665156889,1.6084834273893616,0.0753279115394709,False,False,True,True,True,False,False,True,False,True,0,False,True,True,True,True,True,False
-0.7812669112218276,-0.8745663977648716,-0.6314813024944159,False,False,False,True,False,True,True,False,False,False,0,False,False,False,False,False,False,False
-0.9363858548178238,-1.2002122764736234,-0.20673210345057777,False,False,False,False,False,True,True,False,False,True,0,False,True,False,True,False,True,False
-0.21093148033816236,-0.4268033145403377,0.5564891135813186,True,True,False,False,True,False,False,False,False,True,1,False,False,False,False,False,False,False
-0.4457832293602352,1.0793088744876398,-1.4710246412295018,False,False,True,False,False,False,True,False,False,False,0,False,True,False,False,False,False,True
1.8211354619153584,1.1607203441648277,1.293163505672975,False,True,False,True,False,False,True,True,True,True,0,False,True,True,True,True,True,False
1.1423528782770624,1.0793088744876398,0.5979685275504434,False,True,False,True,True,True,True,False,True,True,1,False,False,True,False,False,True,False
0.5551137413972302,0.14307697319997809,0.9911933719777464,False,True,False,False,False,True,False,False,False,True,0,False,False,False,True,True,True,False
-0.9622024239756062,-1.1188008067964355,-1.4826388771408567,False,False,False,True,False,False,False,False,False,False,0,False,False,False,False,False,False,True
-0.9883921918372003,-1.2816237461508113,-0.49045129499939155,True,False,False,True,False,True,False,False,False,False,0,True,False,False,False,False,False,False
-0.6468495192549037,-0.8338606629262776,0.2777474517087997,False,True,False,True,False,True,False,False,False,False,1,True,False,False,False,False,True,False
-1.0013443821459518,-1.2816237461508113,-1.469365464670737,True,False,False,True,False,False,False,False,False,False,0,False,False,False,False,False,False,False
0.2724047468275673,0.30589991255435406,0.19312944721178524,False,False,False,True,False,False,True,True,True,True,0,True,False,False,True,False,True,False
0.6911117396391204,0.387311382231542,0.903257014363202,True,True,False,False,False,True,True,False,False,False,0,False,True,True,True,True,False,False
-0.39709177494530173,1.4863662228735797,-1.5008898192872717,False,False,True,False,False,False,True,False,False,False,0,False,True,False,False,False,False,False
-0.21916380468694505,-0.1825689055087738,-0.017585975751368575,True,False,False,True,False,False,True,False,False,True,0,True,True,False,False,True,False,False
1.5014139370735686,1.0386031396490458,1.135541732590301,False,True,False,True,True,False,False,False,True,True,0,False,False,False,True,True,False,False
2.750005082837208,1.5677776925507676,1.702980115687928,True,True,True,True,True,True,True,True,False,True,0,True,False,True,True,True,False,False
1.3869297464631638,1.5270719577121736,0.5199872292884885,False,False,True,False,True,True,True,True,False,False,0,True,True,False,True,True,False,False
-0.47076558965067444,0.7943687306174818,-1.3316538102932427,False,False,True,True,False,False,True,False,False,False,0,True,True,False,False,False,False,True
-0.804997958211252,-0.5896262538947137,-1.3067661619117676,False,False,False,True,False,False,True,False,False,False,0,False,True,False,False,False,True,False
1.6153932117905814,1.6084834273893616,0.5763992322864984,False,False,True,True,True,True,True,True,False,True,0,True,False,True,False,True,False,False
-0.6263235905452723,-0.5896262538947137,-0.5153389433808665,True,False,False,True,True,False,False,False,False,False,0,False,False,False,False,False,False,False
0.8005467713156048,0.9978974048104517,0.17985603474166512,False,False,True,False,True,True,True,True,False,True,0,False,False,False,True,False,True,False
-0.28467115363832524,-0.22327464034736777,-0.27309916580117743,False,False,False,False,True,True,False,False,False,True,0,False,False,False,False,False,False,True
0.1058703134679258,-0.3453918448631497,1.3180511540544502,True,True,False,True,False,True,True,False,False,True,0,True,False,True,True,True,False,False
-0.903983426181015,-0.9152721326034655,-1.4760021709057967,False,False,False,True,False,False,True,False,True,False,0,False,True,False,False,False,False,True
-0.1941155858017156,1.6084834273893616,-1.3283354571757127,False,False,True,False,False,False,True,False,False,False,0,True,True,False,False,False,False,True
-0.9432571015409411,-1.0373893371192475,-1.3233579274994176,False,False,False,True,False,True,False,False,False,False,0,True,False,False,False,False,False,False
0.6448351003664965,0.8757802002946699,0.19147027065302033,True,False,False,True,False,True,True,True,True,True,0,True,True,False,True,False,False,False
0.601148899155623,0.46872285190873,0.6709722961361032,True,True,False,False,True,True,True,True,False,True,1,False,False,False,False,False,False,False
0.9905927230153698,0.9571916699718578,0.5299422886410788,True,True,False,True,False,True,True,False,True,False,0,False,False,False,False,True,False,False
-1.0018273451744135,-1.2816237461508113,-1.5058673489635668,False,False,False,True,False,False,False,False,False,False,0,False,False,False,False,False,False,True
2.507645454009045,1.6084834273893616,1.5486766957227835,False,True,True,False,False,True,False,True,False,True,0,True,False,True,True,True,False,False
-0.6111980666084421,-0.8338606629262776,0.443665107585299,True,True,False,False,True,True,False,False,False,False,0,True,True,False,False,False,False,False
-0.3841176317716202,-0.1825689055087738,-0.35108046406313215,False,False,False,True,True,False,True,True,True,False,0,False,False,False,False,False,False,True
2.196046489191388,1.6084834273893616,1.3014593884668002,True,True,False,False,True,True,True,False,True,True,0,True,True,False,True,True,False,False
-0.9062445712688141,-1.1188008067964355,-0.48381458876433153,True,False,False,True,False,False,False,False,False,False,1,False,False,True,False,False,False,False
0.24195612316953644,-0.10115743583158582,0.9978300782128064,False,True,False,True,True,True,False,True,False,True,0,True,False,True,False,False,True,False
0.0503295651948052,-0.4268033145403377,1.1853170293532507,True,True,False,True,False,True,False,False,False,True,0,True,False,False,True,True,False,False
1.9808645071466728,1.3235432835192036,1.30477774158433,True,True,False,True,True,True,True,False,False,False,0,True,False,True,True,True,False,False
0.7048542330853549,0.6722515261016999,0.6494030008721581,True,True,False,False,False,True,False,False,False,False,0,True,False,False,False,True,False,False
-0.5922966499036371,-0.7931549280876836,0.5382381714349038,True,True,False,False,False,True,False,False,False,True,0,False,False,True,False,False,False,False
1.6723169905542974,0.8757802002946699,1.4872871630484792,False,True,True,True,True,False,True,True,False,True,0,False,False,True,True,True,False,False
-0.5172837104375291,0.9978974048104517,-1.466047111553207,False,False,True,True,False,False,True,False,False,False,0,False,True,False,False,False,False,True
-0.9910265356288107,-1.2816237461508113,-0.6895524820511906,False,False,False,False,False,False,False,False,False,False,0,False,False,False,False,False,False,False
1.7500740381366664,1.5677776925507676,0.841867481688897,False,False,True,True,True,False,True,True,False,True,0,True,True,True,True,True,True,False
-0.9891385892448233,-1.2816237461508113,-0.5468632979974012,False,False,False,False,True,True,False,False,False,False,0,False,False,False,False,False,False,False
1.4170929828771037,1.5270719577121736,0.48016699187812906,False,False,False,True,True,False,True,True,True,True,0,True,False,True,True,False,False,False
0.4516937947115894,0.7943687306174818,0.04380355692293595,False,False,True,False,True,False,True,True,False,True,0,False,False,True,True,True,True,False
1.2360696586636049,0.9571916699718578,0.850163364482722,True,True,False,False,False,False,True,True,False,True,0,True,False,True,False,False,False,False
-0.8582995142615035,-0.8745663977648716,-1.1723728606518034,True,False,False,False,True,True,True,False,False,False,0,False,True,False,False,False,False,False
-0.963409831546761,-1.1188008067964355,-1.4925939364934466,False,False,False,True,False,False,False,False,False,False,0,False,False,False,False,False,False,True
-0.8161500135957361,-0.8338606629262776,-1.026365323480484,False,False,False,True,False,False,False,True,False,True,0,False,False,False,False,False,False,True
-0.8105081273087038,-1.0780950719578415,0.8684143066291369,True,True,False,False,False,True,False,False,False,False,0,False,False,False,True,True,False,False
-0.9404251819649597,-1.2409180113122174,0.4917812277894838,False,True,False,False,False,True,False,False,False,False,1,False,False,False,False,True,False,False
1.2522708729820091,0.7129572609402939,1.26495750417397,False,True,False,False,False,False,True,True,True,False,0,False,True,True,True,True,False,True
0.49950713452931933,0.346605647392948,0.5083729933771337,True,True,False,True,False,True,True,False,False,True,0,True,False,False,False,False,False,False
1.572453407987331,1.4456604880349857,0.7157700632227577,False,False,True,True,True,True,False,True,False,True,0,True,True,False,True,True,False,False
-0.261181588163132,-0.4268033145403377,0.5000771105833088,False,True,False,False,False,True,True,False,False,False,0,False,False,False,True,False,True,False
1.4038773581891915,0.7536629957788878,1.3893957460813444,False,True,False,True,False,True,True,False,True,True,0,True,False,True,True,True,False,False
-0.11530480070270256,-0.10115743583158582,0.13339909109624562,False,False,False,False,False,True,False,False,True,True,0,True,False,True,True,False,True,False
0.5210868007555951,0.30589991255435406,0.8186390098661871,False,True,False,True,False,True,False,True,True,True,0,False,False,False,False,True,True,False
1.7765272403774215,1.3235432835192036,1.1421784388253606,True,True,True,True,True,True,True,False,False,True,0,True,False,True,True,False,False,False
-0.48637407661596643,1.4456604880349857,-1.5075265255223318,False,False,False,True,False,False,True,False,True,False,1,False,True,False,False,False,False,False
-0.7298752544204935,-0.9152721326034655,-0.17520774883404305,False,False,False,True,False,True,False,False,False,True,0,False,False,False,True,False,False,True
1.6014092368301158,1.2828375486806096,0.9845566657426863,False,True,True,False,True,True,True,False,False,False,0,True,False,True,True,False,True,False
1.6879693832494498,1.0386031396490458,1.3777815101699897,True,True,False,False,True,True,False,False,True,True,0,False,False,True,True,True,False,False
-0.9051469280223097,-0.7117434584104956,-1.5075265255223318,False,False,False,True,False,True,True,False,True,False,0,False,True,False,False,False,False,True
2.187353154679073,1.5677776925507676,1.3877365695225796,False,True,True,False,True,True,False,False,False,True,0,True,False,True,True,True,True,False
-0.8364125079262067,-1.1595065416350294,1.1006990248562358,False,True,False,False,False,True,False,True,False,False,0,False,True,True,True,True,False,False
1.7778224594082965,1.6084834273893616,0.7190884163402875,False,False,True,False,False,False,False,True,False,True,0,True,False,True,True,True,False,False
0.026686329665101337,-0.30468611002455576,0.9878750188602166,False,True,False,True,False,True,False,False,False,False,0,True,False,False,True,True,False,False
0.5136008738144353,0.46872285190873,0.4187774592038241,False,False,False,False,False,True,False,False,True,True,0,True,True,False,True,True,False,True
-0.838015067066103,-1.1188008067964355,0.33913698438310474,False,False,False,True,False,False,False,True,False,False,0,False,False,True,True,True,False,False
-0.36824571042716725,0.020959768684196134,-0.6762790695810708,False,False,False,True,False,True,True,False,False,False,0,False,False,False,False,False,True,False
-0.9885019561618507,-1.2816237461508113,-0.49874717779321653,True,False,False,True,False,True,False,False,False,True,0,False,True,False,False,False,False,False
-0.4231937313471754,-0.7524491932490895,0.928144662744677,True,True,False,True,False,True,False,False,False,False,0,False,False,False,True,True,False,False
-0.816084155000946,-0.5082147842175256,-1.4793205240233267,False,False,False,False,False,False,True,False,False,False,0,False,True,False,False,False,False,True
-0.7561967394716681,-0.9966836022806536,0.05873614595182097,True,False,False,True,True,True,False,False,False,False,0,False,False,True,False,True,False,False
-0.9689639063740731,-1.2002122764736234,-1.1657361544167435,False,False,False,True,False,False,True,False,False,True,0,False,False,False,False,False,True,False
-0.4465735324977183,1.4049547531963917,-1.5108448786398618,False,False,True,True,False,True,True,False,False,False,0,False,True,False,False,False,True,False
1.8272822640957829,1.6084834273893616,0.7506127709568226,False,False,True,True,True,True,True,True,False,True,0,True,True,True,True,True,False,False
-0.9791719885665636,-1.2816237461508113,0.20640285968190536,True,True,False,False,False,True,False,False,False,False,1,False,False,False,False,False,False,False
0.23967302521680722,0.30589991255435406,0.21303956591696496,False,False,False,False,True,True,True,True,False,True,0,False,True,False,False,True,False,True
-0.3490150007484108,1.1200146093262338,-1.3598598117922474,False,False,False,True,False,False,True,False,True,False,0,True,True,False,False,False,True,False
0.11574910268646503,0.9571916699718578,-0.6663240102284806,False,False,False,False,False,True,False,False,False,False,0,False,False,False,True,True,True,False
-0.11778547443980246,-0.3453918448631497,0.6046052337855035,False,True,False,False,False,False,True,False,True,True,0,True,True,True,False,False,False,False
1.1213659394038993,1.6084834273893616,0.1151481489498308,False,False,True,True,True,False,True,True,False,True,0,False,True,False,True,False,False,False
-0.921611576719875,-0.8338606629262776,-1.497571466169742,False,False,False,True,False,False,True,False,True,False,0,False,False,False,False,False,False,False
-0.011072598014648634,0.7943687306174818,-0.6862341289336606,False,False,False,True,True,False,True,False,True,False,0,False,True,True,False,True,False,False
-0.9665271383668336,-1.1595065416350294,-1.3200395743818876,True,False,False,False,False,True,True,False,False,False,0,False,False,False,False,False,False,False
-0.8806036250304722,-1.0780950719578415,-0.5236348261746914,True,False,False,True,True,True,True,False,False,False,0,False,True,False,False,False,False,False
-0.8764545335586857,-1.0780950719578415,-0.563455063585051,True,False,False,False,False,True,False,False,False,False,0,False,False,True,True,True,False,False
2.2526848807110125,1.3642490183577978,1.5254482239000742,False,True,False,True,False,False,False,True,True,True,1,True,False,True,True,True,True,False
-0.4051923821045039,1.5677776925507676,-1.5091857020810966,False,False,True,True,False,False,True,False,False,False,0,False,True,False,False,False,False,True
-0.9096033596031174,-0.8338606629262776,-1.497571466169742,False,False,False,False,False,False,True,False,True,False,0,False,True,False,False,False,False,False
-0.9096253124680473,-1.2002122764736234,0.31424933600162985,True,True,False,True,False,True,False,False,False,False,0,True,False,False,False,False,False,False
-0.6747296577161145,-0.7931549280876836,-0.2963276376238874,True,False,False,False,True,True,False,False,False,True,0,False,True,False,False,False,False,False
1.433557631574669,0.8350744654560759,1.29814103534927,False,True,True,False,True,True,True,True,False,True,0,True,True,True,False,True,False,False
-0.9060469954844433,-0.8745663977648716,-1.4892755833759168,False,False,False,False,False,False,False,False,True,False,0,False,False,False,False,False,True,False
-0.4766709103168678,-0.7931549280876836,0.697519121076343,True,True,False,False,False,True,False,False,False,False,0,True,False,False,False,True,False,False
-0.9027760186098602,-0.8745663977648716,-1.3183803978231226,True,False,False,False,False,False,False,False,True,False,0,True,False,False,False,False,False,False
-0.4666604039087481,-0.8338606629262776,1.1537926747367158,False,True,False,False,True,True,False,False,False,True,0,True,False,True,False,True,False,False
-0.7379539087147656,0.020959768684196134,-1.4876164068171518,False,False,False,True,False,False,True,False,True,False,0,False,True,False,False,False,True,False
-0.45550834852426386,1.2421318138420157,-1.5125040551986266,True,False,True,False,False,False,True,False,False,False,0,False,True,False,False,False,False,False
-0.5903867506547195,-0.7931549280876836,0.2926800407376848,False,True,False,True,True,True,False,False,False,False,0,False,False,False,False,False,True,False
-0.5458443877115726,-0.5896262538947137,-0.3228744625641272,False,False,False,True,False,False,False,True,False,False,0,False,False,True,False,False,True,False
-0.8198161420390608,-1.0780950719578415,0.31424933600162985,True,True,False,False,False,False,False,False,False,False,1,False,False,True,False,False,False,False
0.572478457556929,0.5501343215859179,0.5133505230534289,True,True,False,True,False,True,True,False,False,False,1,False,False,False,False,True,False,False
-0.6208134214478204,-0.9152721326034655,0.4950995809070136,False,True,False,True,True,True,False,False,False,False,0,False,False,True,False,False,False,True
0.0503954237895955,0.06166550352279012,0.16824179883031035,False,True,False,False,False,True,False,False,False,False,0,False,False,False,False,False,True,False
-0.27624125350517176,1.4049547531963917,-1.3216987509406526,False,False,True,True,False,False,False,False,False,False,1,True,False,False,False,False,True,False
-0.8788254429711351,-1.1595065416350294,0.31424933600162985,True,False,False,True,False,True,False,True,False,False,0,False,False,True,True,True,False,False
-0.38861796908228813,-0.5082147842175256,0.12510320830242067,True,False,False,True,False,True,False,True,True,True,0,True,False,False,True,False,False,False
-0.9796769044599557,-1.2816237461508113,0.16824179883031035,True,True,False,True,False,False,True,False,False,False,0,False,False,False,False,False,False,False
-1.001410240740742,-1.2816237461508113,-1.4743429943470319,False,False,False,False,False,False,False,False,False,False,0,False,False,False,False,False,False,True
-0.5599600798616187,-0.7524491932490895,0.3457736906181643,True,True,False,False,False,False,False,False,False,False,0,False,False,True,False,False,False,False
0.7277510712074358,0.5501343215859179,0.659358060224748,False,True,False,False,False,True,False,True,False,False,0,True,True,True,False,False,False,False
-0.5956554382379404,-0.7524491932490895,0.14169497389007057,False,False,False,True,True,False,True,False,False,True,0,True,True,False,False,True,False,True
-0.9415447780763943,-0.9966836022806536,-1.5174815848749215,False,False,False,False,False,False,False,False,False,False,0,False,False,False,False,False,False,True
-0.8179281956550732,-0.9966836022806536,-0.6563689508758908,False,False,False,True,False,True,False,False,False,False,0,False,False,False,False,False,False,True
0.5317778459765475,0.14307697319997809,0.9878750188602166,True,True,False,True,False,True,False,False,False,True,0,False,True,False,True,True,False,False
-0.8593971575080079,-1.1188008067964355,0.49675875746577897,False,True,False,True,False,True,True,False,False,False,1,True,False,True,False,False,False,False
-0.4690971719159877,-0.4268033145403377,-0.45892694038285664,True,False,False,True,False,True,True,True,False,False,0,False,True,False,False,False,False,False
-0.3758414016929774,0.387311382231542,-1.041297912509369,False,False,False,False,False,False,True,True,True,True,0,False,False,False,False,False,False,True
-0.9564507733639234,-1.0780950719578415,-1.5058673489635668,False,False,False,True,False,False,True,False,False,False,0,False,True,False,False,False,False,True
-0.04727287228436233,-0.2639803751859618,0.6925415914000478,False,True,False,False,True,True,False,False,False,False,1,False,False,False,True,False,True,False
-0.0833633822294258,0.9978974048104517,-0.8504926082513949,True,False,False,True,False,True,False,False,False,True,0,False,False,False,True,False,False,False
0.4718026189875493,0.387311382231542,0.5150096996121938,False,False,False,True,True,False,True,True,True,False,0,True,False,False,True,True,True,False
-0.9754400015284488,-1.2816237461508113,0.48846287467195404,True,True,False,False,False,True,False,False,False,False,0,False,False,False,True,False,False,False
-0.3342407226504622,-0.6710377235719016,0.8833468956580218,True,True,False,True,False,True,True,True,False,False,1,False,False,True,False,True,False,False
-0.2730580880903091,-0.5896262538947137,0.9994892547715714,False,True,False,False,False,True,False,True,False,False,0,True,False,True,False,True,False,False
-0.3318917661029428,-0.4268033145403377,0.1599459160364854,False,False,False,False,True,True,False,True,False,False,1,False,False,True,False,True,False,True
-0.4019433580948511,0.9571916699718578,-1.3432680462045974,False,False,True,False,False,True,True,False,False,False,0,True,True,False,False,False,False,True
-0.8957071961023721,-1.1595065416350294,0.12344403174365576,False,False,False,False,False,True,False,False,False,True,0,False,False,False,True,True,False,False
-0.7890382254070785,-0.2639803751859618,-1.5141632317573919,False,False,False,True,False,False,False,False,True,False,1,False,False,False,False,False,True,False
-0.2350576788963282,0.06166550352279012,-0.2880317548300625,True,False,False,False,False,True,False,False,False,True,1,False,False,True,True,True,False,False
-0.4671653198021401,-0.2639803751859618,-0.5236348261746914,False,False,False,True,False,False,False,True,False,False,0,False,False,False,False,False,False,False
-0.2132365311558215,-0.2639803751859618,0.1367174442137754,False,True,False,False,False,True,False,False,False,False,0,False,False,False,False,False,True,False
0.45380126974487783,-0.019745966154397852,1.2085455011759603,True,True,False,False,False,True,False,False,False,False,0,True,False,True,True,True,False,False
-0.8471255060120891,-1.1595065416350294,0.659358060224748,False,True,False,True,False,True,True,False,False,True,0,True,True,True,False,False,False,False
-0.9779206752655487,-1.2816237461508113,0.3009759235315097,True,True,False,True,False,False,False,True,False,False,0,False,False,False,False,False,False,False
-0.7427396332695246,-1.0373893371192475,0.6444254711958629,True,True,False,False,False,True,False,False,False,False,1,False,False,True,True,False,False,False
-0.5617821676508159,0.8350744654560759,-1.464387934994442,False,False,False,False,False,False,True,False,True,False,0,False,False,False,False,False,False,False
-0.9743423582819445,-1.2002122764736234,-1.1458260357115635,True,False,False,True,False,False,False,True,False,False,0,False,False,False,False,False,False,False
-0.4344775039212403,1.4049547531963917,-1.4925939364934466,False,False,True,True,False,False,False,False,False,False,0,False,False,False,False,False,False,False
1.0662203426995203,0.7129572609402939,1.0210585500355165,True,True,False,False,False,True,False,False,False,False,0,True,False,False,True,True,False,False
-1.0017834394445535,-1.2816237461508113,-1.5025489958460367,False,False,False,True,False,False,False,False,False,False,0,False,False,False,False,False,False,True
-0.9286803992273631,-0.9559778674420595,-1.4826388771408567,False,False,False,False,False,False,False,False,False,False,0,False,False,False,False,False,False,True
-0.9750448499597072,-1.2409180113122174,-0.6746198930223056,False,False,False,False,False,True,True,False,False,False,0,False,False,False,False,False,True,False
-0.9993247185723837,-1.2816237461508113,-1.3167212212643575,True,False,False,False,False,False,False,False,False,False,1,False,False,False,False,False,False,False
0.9442063194180957,0.428017117070136,1.3064369181430948,False,True,False,True,False,True,True,True,True,False,0,True,True,True,True,True,True,False
0.501175552264006,1.5270719577121736,-0.5485224745561663,False,False,True,True,True,False,False,True,False,False,0,False,False,True,False,True,False,False
-0.4008018091184865,1.5677776925507676,-1.497571466169742,False,False,True,True,False,False,True,False,False,False,1,False,True,False,False,False,True,False
0.7997784210430517,0.46872285190873,0.9298038393034418,False,True,False,True,False,True,True,False,False,False,0,False,True,True,True,True,False,False
-0.9486355534488125,-1.2409180113122174,0.19147027065302033,False,True,False,True,False,False,False,False,False,False,0,False,False,False,False,False,True,False
-0.8762569577743149,-1.1595065416350294,0.4320508716739442,False,True,False,False,False,False,False,False,False,True,0,True,False,False,False,False,False,False
-0.9425107041333181,-1.2002122764736234,-0.32619281568165726,False,False,False,False,True,True,False,True,False,False,0,False,True,False,False,False,False,True
-0.190427504493461,-0.1825689055087738,-0.015926799192603674,False,False,False,False,False,False,False,True,False,True,1,True,False,True,False,False,False,False
-0.016648625706890702,-0.1418631706701798,0.3441145140593994,False,True,False,True,False,True,True,False,False,False,0,False,False,True,False,False,True,False
-0.9796549515950255,-1.2816237461508113,0.16990097538907525,True,True,False,True,False,True,False,False,False,False,1,False,False,False,False,False,False,False
-0.6067416350276345,-0.9559778674420595,1.145496791942891,False,True,False,True,False,True,False,False,False,True,1,True,False,False,True,True,True,False
2.296634516301047,1.5677776925507676,1.4308751600504692,True,True,True,True,True,True,False,True,False,False,0,True,False,True,True,True,False,False
0.3072878492014758,0.346605647392948,0.2677923923562099,True,False,False,True,False,True,True,False,True,False,0,True,False,True,True,True,False,False
1.454654334772483,0.9571916699718578,1.1737027934418955,False,True,False,True,False,False,True,False,True,True,0,True,False,False,True,True,True,False
-0.9991271427880131,-1.2816237461508113,-1.3017886322354726,False,False,False,False,False,True,False,False,False,False,1,False,False,False,False,False,False,True
-0.14015544380356132,0.7943687306174818,-0.8571293144864547,False,False,True,False,True,False,False,True,False,True,0,False,False,False,False,False,False,True
2.013047407134181,1.4049547531963917,1.2616391510564402,False,True,False,False,True,True,False,False,False,True,0,True,False,True,True,False,True,False
-0.7670634076120613,-0.1418631706701798,-1.5108448786398618,False,False,True,False,False,False,False,False,False,False,0,False,False,False,False,False,False,True
0.2550619835327984,0.387311382231542,0.09191967712712082,False,False,False,False,True,True,False,True,True,True,0,False,False,False,False,True,False,True
-0.6757394895028985,-0.6710377235719016,-0.49045129499939155,True,False,False,False,True,True,False,False,False,False,0,False,False,False,False,False,False,False
-0.8261385671389259,-0.7524491932490895,-1.1225975638888535,False,False,False,True,False,True,False,False,False,True,0,False,False,False,False,False,False,True
-0.4420073365922602,-0.5896262538947137,0.3242043953542197,True,True,False,False,False,True,False,False,False,True,1,False,False,False,False,False,False,False
-0.48347629844519485,-0.8338606629262776,1.145496791942891,True,True,False,True,False,True,False,False,False,False,1,True,False,True,True,True,False,False
-0.6630507335733081,0.26519417771576004,-1.4942531130522119,False,False,False,True,False,False,False,False,True,False,0,False,False,False,False,False,False,True
0.020451716024956653,-0.019745966154397852,0.1599459160364854,False,True,False,True,False,True,True,False,False,False,0,False,True,False,False,False,False,False
0.13917280956686823,1.2014260790034217,-0.7044850710800754,False,False,True,True,True,True,False,True,False,True,0,False,False,True,False,False,False,False
-1.0012126649563713,-1.2816237461508113,-1.459410405318147,False,False,False,True,False,False,False,False,False,False,0,False,False,False,False,False,False,False
0.21521753368469018,0.5094285867473239,-0.0739979787493784,False,False,False,True,True,False,False,False,True,False,1,False,False,True,False,True,True,False
-0.4620722551383598,-0.6710377235719016,0.5183280527297236,False,True,False,True,False,True,False,False,False,True,0,True,False,False,False,False,False,True
-0.9828381170098882,-1.2816237461508113,-0.07067962563184861,False,False,False,True,False,True,False,False,False,False,0,False,False,False,True,True,False,True
1.9673415423497391,1.6084834273893616,0.8982794846869069,False,False,True,True,True,True,True,True,False,True,0,True,False,True,True,True,True,False
-0.9666149498265538,-1.2002122764736234,-0.9882042626288892,True,False,False,True,False,True,True,False,False,False,0,False,False,False,False,True,False,False
-0.24886603093735307,-0.1418631706701798,-0.22996057527328775,False,False,False,False,True,False,False,True,True,False,0,False,False,True,False,False,True,False
-0.8643585049822077,-0.7117434584104956,-1.5025489958460367,False,False,False,True,False,False,True,False,True,False,0,False,True,False,False,False,False,True
2.2297441368590714,1.4456604880349857,1.4010099819926998,False,True,False,True,False,True,True,True,True,False,1,True,True,True,True,True,True,False
-0.3968393169986058,-1.3223294809894055,-0.29466846106512257,False,False,True,False,True,False,True,True,False,True,0,False,True,True,True,False,True,False
-0.14915611842489707,-0.4268033145403377,0.6776090023711627,False,True,False,False,False,False,True,False,False,False,1,True,True,False,True,False,False,False
-0.9733105736302304,-1.2816237461508113,0.6494030008721581,True,True,False,True,False,False,False,False,False,False,0,True,False,False,True,False,False,False
0.4600358833850225,0.5094285867473239,0.2860433345026247,False,False,True,False,True,False,False,True,False,False,0,True,False,False,False,True,False,True
-0.011840948287201686,-0.2639803751859618,0.7920921849259474,False,True,False,False,False,True,False,False,False,False,0,False,False,False,True,True,False,False
1.8939092091585974,1.6084834273893616,0.896620308128142,False,False,True,True,True,True,True,True,False,True,0,True,True,True,True,True,True,False
2.312023474617038,1.4049547531963917,1.5387216363701939,False,True,True,True,False,True,True,True,False,True,0,True,False,True,True,True,False,False
-0.5618919319754664,-0.9152721326034655,1.0061259610066313,True,True,False,True,False,True,False,False,False,True,0,True,False,True,False,True,False,False
-0.970939664217781,-1.2816237461508113,0.8285940692187774,True,True,False,True,False,True,False,False,False,False,0,False,False,False,True,True,False,False
-0.33889473001564063,0.7536629957788878,-1.1574402716229184,False,False,False,True,False,True,True,False,False,True,0,False,False,False,False,False,True,False
-0.969446869402535,-1.2816237461508113,0.9414180752147966,True,True,False,True,False,True,False,False,False,False,0,True,True,False,True,True,False,False
-0.4277160215227734,0.9571916699718578,-1.3200395743818876,False,False,True,True,False,True,True,False,False,False,0,True,False,False,False,False,True,False
2.042859397709239,1.6084834273893616,1.0276952562705766,False,True,True,False,True,True,True,False,False,True,0,True,True,False,True,False,False,False
-0.9109424843638526,-0.9152721326034655,-1.3582006352334823,True,False,False,True,False,True,False,False,False,False,0,True,False,False,False,False,False,False
-0.8018147927963893,-0.4268033145403377,-1.480979700582092,False,False,False,True,False,False,False,False,True,False,0,False,False,False,False,False,False,True
-0.9682175089664502,-1.1188008067964355,-1.472683817788267,False,False,False,False,False,False,False,False,False,False,0,False,False,False,False,False,True,False
0.022010369434992724,-0.10115743583158582,0.43039169511517933,False,True,False,True,False,False,True,False,False,False,1,True,False,False,False,False,False,True
0.032525791736504606,0.46872285190873,-0.364353876533252,False,False,False,True,False,True,False,False,True,True,0,False,False,True,True,True,False,True
-0.22245673442645814,-0.5896262538947137,1.2068863246171952,False,True,False,True,False,False,False,False,False,True,0,False,False,True,True,True,True,False
-0.971203098596942,-1.2409180113122174,-0.6845749523748957,True,False,False,False,False,True,False,False,False,False,1,False,False,False,False,False,False,False
0.03002316513447455,0.8757802002946699,-0.6912116586099555,False,False,False,False,True,False,False,True,True,False,0,False,False,False,False,True,False,False
-0.9689639063740731,-1.2816237461508113,0.9779199595076267,True,True,False,False,False,False,False,False,False,False,0,False,False,True,True,True,False,False
-0.3702214682708751,1.5270719577121736,-1.4793205240233267,False,False,True,True,False,False,True,False,False,False,0,False,True,False,False,False,True,False
-0.6303848705573384,-0.9152721326034655,0.6527213539896879,False,True,False,False,False,True,False,False,False,False,1,False,False,True,False,True,True,False
0.15271772722873198,-0.1418631706701798,0.9862158423014517,False,True,False,True,True,False,True,False,False,False,0,False,True,False,True,True,True,False
-0.6070928808665159,-0.9559778674420595,1.1803394996769556,True,True,False,True,False,True,False,False,False,False,1,True,False,True,True,True,False,False
1.1782238595728252,1.1200146093262338,0.6643355899010431,True,False,True,True,True,True,False,True,False,False,0,True,True,True,True,True,False,False
0.03612606158503883,-0.22327464034736777,0.8053655973960674,True,True,False,False,False,True,False,True,False,False,0,False,False,True,False,True,False,False
-0.6296165202847853,0.387311382231542,-1.5125040551986266,False,False,True,True,False,False,True,False,False,False,0,False,True,False,False,False,False,True
1.6065901129536164,1.2828375486806096,0.8916427784518468,True,True,False,True,True,True,True,False,False,True,0,True,True,True,False,False,False,False
-0.25738374253022694,1.3235432835192036,-1.3333129868520075,False,False,True,True,False,False,True,False,False,False,0,True,True,False,False,False,True,False
-0.9560556217951818,-1.2409180113122174,0.1732193285066055,True,True,False,False,False,True,False,False,False,False,0,False,False,False,False,False,False,False
0.34423452087881257,1.4456604880349857,-0.6630056571109506,True,False,False,False,False,False,False,True,False,True,0,False,False,False,False,True,False,False
2.4966031629492114,1.5270719577121736,1.5951336393682036,False,True,True,False,True,True,True,True,False,True,1,True,False,True,True,True,True,False
0.6710687739579507,0.7943687306174818,0.266133215797445,False,True,False,True,False,True,False,False,False,False,1,True,False,False,False,False,False,False
1.1233856029774671,1.4456604880349857,0.19478862377055015,False,False,True,True,False,False,True,True,False,True,0,True,True,False,False,True,True,False
-0.43809972663470464,1.5270719577121736,-1.5091857020810966,False,False,True,False,False,False,True,False,False,False,0,False,False,False,False,False,False,False
0.6887408302266709,1.4049547531963917,-0.14700174733503815,False,False,False,False,True,False,False,True,True,True,0,False,False,False,False,False,True,False
-0.005013607293944489,-0.1825689055087738,0.680927355488693,True,True,False,True,False,False,True,False,False,False,0,False,True,True,True,False,False,False
-0.1108703219868249,-0.3453918448631497,0.6610172367835129,False,True,False,True,False,True,False,False,False,True,0,True,False,True,False,False,False,False
-0.9249923179191084,-1.2409180113122174,0.505054640259604,True,True,False,False,True,True,True,True,False,False,0,False,False,False,False,False,False,False
1.331235328135533,1.4456604880349857,0.44864263726159415,True,False,False,False,True,True,True,True,True,True,0,True,True,True,False,True,False,False
1.1367988034497505,1.0386031396490458,0.7024966507526377,True,False,True,True,True,True,True,False,False,True,0,True,False,True,True,True,False,False
0.11642964149929781,-0.30468611002455576,1.32800621340704,False,True,False,False,False,True,True,True,False,False,0,True,False,True,True,True,False,False
-0.839266380367118,-0.9152721326034655,-0.9682941439237093,True,False,False,True,False,False,False,True,False,True,0,False,False,False,False,False,False,False
1.4519980381159423,0.9571916699718578,1.1554518512954808,False,True,False,False,False,True,True,True,True,True,0,True,True,True,False,True,True,False
0.27591720521638124,-0.06045170099299184,0.850163364482722,False,True,False,True,True,True,True,True,False,True,0,True,False,False,False,False,True,False
-0.47691239183109885,1.2421318138420157,-1.5075265255223318,False,False,True,False,False,False,False,False,False,False,0,False,True,False,False,False,True,False
-0.4865936052652673,-0.4268033145403377,-0.32453363912289235,False,False,False,True,False,True,False,True,True,True,0,False,False,False,False,False,True,False
-0.9515552844845139,-1.0373893371192475,-1.469365464670737,False,False,False,False,False,False,True,False,True,False,0,False,True,False,False,False,False,True
-0.08428540255648942,0.30589991255435406,-0.3029643438589475,True,False,False,False,True,True,False,False,False,True,1,False,False,False,True,True,False,False
0.8811576913388851,0.8757802002946699,0.4950995809070136,False,True,False,True,False,True,False,False,False,True,0,True,False,False,False,False,False,False
-0.4887230331634857,0.428017117070136,-1.3017886322354726,False,False,True,False,False,True,False,False,False,False,0,True,False,False,False,False,True,False
-0.9037419446667841,-1.2002122764736234,0.881687719099257,False,True,False,False,False,True,True,False,False,True,0,True,False,False,False,True,True,False
-0.5521229070815775,-0.7524491932490895,0.4619160497317138,True,True,False,False,True,False,False,False,False,True,1,False,False,False,False,False,False,False
-1.0017834394445535,-1.2816237461508113,-1.5025489958460367,False,False,False,True,False,False,True,False,True,False,0,False,True,False,False,False,False,True
1.4850151469707937,1.4456604880349857,0.6543805305484532,True,True,False,True,False,True,True,False,False,True,1,True,True,True,False,False,False,False
-0.44079992902110543,1.2014260790034217,-1.4760021709057967,False,False,True,True,False,False,True,False,False,False,0,False,True,False,False,False,False,False
1.547317377642381,1.2421318138420157,0.8468450113651922,False,True,False,True,False,False,False,False,True,True,0,True,False,False,False,True,True,False
-0.039303982314740644,-0.1418631706701798,0.5033954637008385,False,False,False,True,False,False,True,False,False,True,0,True,True,True,True,True,True,False
0.14068755724704415,-0.1418631706701798,0.7589086537506474,False,True,False,False,False,True,True,False,False,False,0,False,True,False,True,True,True,False
-0.5727366472509294,-0.38609757970174374,-0.6630056571109506,True,False,False,False,False,True,False,False,False,False,0,False,False,False,True,True,False,False
-0.9278242374950898,-1.2409180113122174,0.5183280527297236,False,True,False,False,True,False,False,False,False,False,0,True,True,False,False,False,True,False
-0.7361757266554286,-0.9966836022806536,0.5000771105833088,False,True,False,False,False,True,False,False,False,False,0,False,False,False,True,False,False,False
0.2793857578753351,0.14307697319997809,0.5133505230534289,True,True,False,False,False,False,True,False,False,False,0,False,False,False,False,True,False,False
2.0153305050869097,1.3642490183577978,1.326347036848275,True,True,False,False,False,True,True,False,True,True,1,True,True,True,True,True,False,False
-0.3824492140369336,-0.6710377235719016,0.8136614801898924,False,True,False,False,False,True,True,False,False,True,0,False,True,True,True,False,True,False
-0.3968393169986058,-1.3223294809894055,-0.10054480368961842,False,False,True,True,True,True,False,True,False,True,0,True,True,False,False,False,False,False
1.487144574869012,1.3235432835192036,0.6908824148412829,True,True,False,True,True,True,True,False,False,True,1,True,True,False,False,False,False,False
1.2578469006742512,0.6722515261016999,1.2632983276152052,False,True,False,False,True,False,False,True,True,True,1,True,False,True,False,True,False,False
-0.630275106232688,-0.9559778674420595,0.8899836018930819,False,True,False,False,True,False,True,False,False,True,0,True,False,True,False,False,False,False
0.06099865755082766,-0.1418631706701798,0.6925415914000478,True,True,False,True,False,True,True,False,False,True,0,True,False,True,False,False,False,False
-0.9768669377489045,-1.2816237461508113,0.38061639835222955,False,True,False,False,False,True,True,False,False,True,1,False,False,False,False,False,False,True
-0.0033890952891181174,-0.38609757970174374,0.9895341954189815,True,True,False,False,False,True,False,False,False,True,1,False,False,False,True,True,False,False
1.6468736201003265,1.6084834273893616,0.634470411843273,False,True,True,False,True,True,True,False,False,True,0,True,False,False,False,False,False,False
-0.4753537384210626,1.3235432835192036,-1.5058673489635668,False,False,True,True,False,True,False,False,False,False,0,False,False,False,False,False,True,False
-0.6162472255423622,-0.9559778674420595,1.250024915145085,False,True,False,True,False,True,True,False,False,True,0,True,True,True,True,True,True,False
0.24869565270307314,-0.22327464034736777,1.3064369181430948,False,True,False,False,True,True,True,True,False,False,1,True,False,False,True,True,False,False
0.739386089620382,1.5677776925507676,-0.2813950485950024,True,False,False,True,True,True,False,False,True,True,1,False,False,False,True,True,False,False
-0.7934946569878862,-0.3453918448631497,-1.5008898192872717,False,False,True,False,False,True,True,False,False,False,0,False,True,False,False,False,False,True
-0.2460999699561621,1.2828375486806096,-1.3034478087942378,False,False,True,True,False,False,True,False,False,False,1,True,False,False,False,False,True,False
0.9171603898242282,1.6084834273893616,-0.12377327551232817,False,False,True,True,True,True,False,True,False,False,0,False,False,True,True,True,True,False
1.1093796751520717,1.0386031396490458,0.5830359385215584,False,True,True,True,False,False,True,False,False,False,0,True,True,False,True,False,False,False
-0.5999801526291676,-0.6303319887333076,-0.34278458126930716,True,False,False,True,False,False,True,True,True,False,0,False,False,True,True,True,False,False
-0.8354246290043528,-1.1188008067964355,0.5033954637008385,False,True,False,True,False,True,False,False,False,False,0,False,False,False,True,False,False,True
0.8152990965486235,1.1607203441648277,0.10353391303847558,False,False,True,True,True,True,True,True,False,True,0,False,True,True,False,False,False,False
1.6483225091857123,1.4863662228735797,0.7423168881629976,False,True,False,False,True,False,True,False,True,True,1,False,False,False,False,True,True,False
1.5322138065704811,0.7129572609402939,1.6399314064548582,False,True,False,True,True,False,False,True,True,True,0,True,False,True,True,True,True,False
-0.4961431015098552,0.5094285867473239,-1.3366313399695375,False,False,True,False,False,True,True,False,False,False,0,True,True,False,False,False,True,False
-0.9240263918621846,-0.9152721326034655,-1.497571466169742,False,False,False,False,False,True,True,False,False,False,0,False,True,False,False,False,False,False
0.07278734601828445,-0.1418631706701798,0.6477438243133932,True,True,False,True,True,True,True,False,False,True,0,True,False,False,False,False,False,False
2.052123506709736,1.3642490183577978,1.3611897445823398,False,True,False,False,False,True,True,True,True,False,1,True,False,True,True,True,True,False
-0.8942583070169864,-0.8338606629262776,-1.4892755833759168,True,False,True,False,False,True,True,False,False,False,0,False,False,False,False,False,False,False
-0.3852591807479848,1.0386031396490458,-1.3465863993221274,False,False,True,False,False,False,False,False,False,False,0,True,False,False,False,False,True,False
-0.7704880545411548,-0.9966836022806536,0.04380355692293595,True,False,False,True,False,True,False,False,False,False,0,False,False,False,True,True,False,False
-0.4699752865131912,0.8757802002946699,-1.3565414586747175,False,False,True,True,False,True,True,False,False,False,0,True,True,False,False,False,False,False
0.5577261323239106,0.387311382231542,0.6444254711958629,False,False,True,False,True,False,True,True,False,False,0,True,False,True,True,True,True,False
0.647974360051499,0.22448844287716607,1.1388600857078308,False,True,False,True,False,True,False,False,False,False,0,True,True,True,True,True,False,False
-0.5452077546286,-0.8338606629262776,0.6477438243133932,True,True,False,True,False,True,False,False,False,False,0,True,False,False,True,False,False,False
-0.5220474821273581,-0.7524491932490895,0.5017362871420736,False,True,False,False,False,True,False,True,False,True,0,False,False,False,False,False,True,False
1.6950162528920074,1.4456604880349857,0.7655453599857075,False,False,True,False,True,False,True,True,False,True,0,True,True,True,True,True,True,False
-0.7190744448748907,-0.9559778674420595,0.3955489873811141,True,True,False,False,False,True,False,False,False,False,0,True,False,False,False,False,False,False
-0.800739102414815,-1.0780950719578415,0.6178786462556232,False,True,False,True,False,True,True,False,False,True,0,False,True,False,False,True,True,False
1.648585943564873,1.4049547531963917,0.8518225410414869,False,True,False,True,True,True,True,False,True,True,0,False,False,False,False,True,True,False
1.457903358782136,0.7943687306174818,1.3794406867287545,True,True,False,False,False,True,True,False,True,True,1,True,False,True,True,True,False,False
0.38085189958219806,0.30589991255435406,0.5000771105833088,True,True,False,True,False,True,True,False,False,True,0,False,False,True,False,False,False,False
-0.9796988573248858,-1.2816237461508113,0.16658262227154547,False,True,False,False,False,True,False,False,False,False,0,False,False,False,False,False,False,True
-0.6305824463417092,-0.9152721326034655,1.0011484313303363,False,True,False,True,False,True,False,True,False,False,0,False,False,False,True,True,True,False
-0.5238476170516252,0.387311382231542,-1.3167212212643575,True,False,True,False,False,False,True,False,False,False,0,True,False,False,False,False,False,False
-0.40047251614453516,-0.5082147842175256,0.21138038935820005,False,True,False,True,False,False,False,False,False,False,1,False,False,False,False,False,True,False
-0.612163992665366,0.5501343215859179,-1.4925939364934466,True,False,True,True,False,False,False,False,False,False,0,False,False,False,False,False,False,False
-0.7295459614465422,-1.0373893371192475,1.0376503156231662,True,True,False,True,False,False,False,False,False,False,0,True,False,False,True,True,False,False
-0.22443249227016598,1.5270719577121736,-1.3200395743818876,False,False,True,True,False,False,True,False,False,False,0,True,True,False,False,False,True,False
1.8311020625936183,1.3642490183577978,1.2433882089100254,False,True,True,False,True,True,False,False,False,False,1,True,False,False,True,True,False,False
-0.37720247931864276,-0.6710377235719016,0.858459247276547,False,True,False,True,False,True,True,False,False,False,0,True,True,True,True,False,False,False
-0.7665584917186692,-0.4268033145403377,-1.3167212212643575,False,False,True,False,False,False,True,False,False,False,0,True,True,False,False,False,True,False
-0.9798305745144662,-1.2816237461508113,0.1566275629189556,True,True,False,False,False,True,False,False,False,False,1,False,False,False,False,False,False,False
-0.9740350181729234,-1.2002122764736234,-1.1342117998002084,True,False,False,False,False,True,True,False,False,True,1,False,False,False,False,False,False,False
-0.7554064363341849,-0.8745663977648716,-0.30960105009400735,True,False,False,False,True,True,False,False,False,False,1,True,False,False,False,False,False,False
-0.9924534718492664,-1.2409180113122174,-1.4909347599346818,False,False,False,False,False,True,False,False,False,False,0,False,False,False,False,False,False,True
-0.2966574178901528,-0.6303319887333076,0.9596690173612115,True,True,False,True,True,False,False,False,False,False,0,False,False,False,True,True,False,False
-0.9796329987300956,-1.2816237461508113,0.17156015194784016,True,True,False,False,False,True,False,False,False,False,0,False,False,False,False,False,False,False
-1.0015419579303226,-1.2816237461508113,-1.4842980536996218,False,False,False,True,False,False,False,False,False,False,0,False,False,False,False,False,False,True
-0.9910923942236011,-1.2816237461508113,-0.6945300117274855,True,False,False,True,False,False,False,False,False,False,0,False,True,False,False,False,False,False
-0.2891495380840631,1.2828375486806096,-1.3349721634107725,False,False,False,False,False,False,False,False,True,False,0,True,False,False,False,False,False,True
-0.9447498963561869,-1.2409180113122174,0.4519609903791239,True,True,False,False,False,True,False,False,False,False,1,True,False,True,False,False,False,False
-0.9751546142843577,-1.2816237461508113,0.5100321699358986,True,True,False,True,True,True,True,False,False,False,1,True,False,False,False,False,False,False
0.7249411044963846,1.6084834273893616,-0.3693314062095472,False,False,True,False,True,True,True,False,False,False,0,False,True,True,True,True,True,False
2.7630231317407494,1.6084834273893616,1.726208587510638,False,True,True,True,True,True,True,True,False,True,0,True,False,True,True,True,True,False
1.021392592512282,1.4049547531963917,0.0968972068034155,False,False,True,True,True,False,True,True,False,False,0,False,True,True,False,True,False,True
1.3293254288866152,1.6084834273893616,0.2827249813850949,False,False,True,True,False,True,True,False,False,False,1,True,False,True,True,True,True,False
2.0991904491198428,1.3235432835192036,1.455762808431944,False,True,False,False,False,True,True,False,False,True,1,True,False,True,True,True,False,False
-0.32240812845314515,1.6084834273893616,-1.4992306427285067,False,False,True,False,False,True,False,False,False,False,0,False,True,False,False,False,False,True
-0.18886885108342472,-0.5082147842175256,0.8120023036311275,False,True,False,False,True,True,False,False,False,False,0,False,False,True,True,False,False,False
-0.9417643067256951,-1.2409180113122174,0.7273842991341125,False,True,False,True,False,True,True,False,False,False,1,True,False,False,True,False,False,True
2.0386224947777323,1.5270719577121736,1.1421784388253606,False,True,True,True,True,True,True,False,False,True,0,True,False,True,True,False,True,False
0.2995823936110153,1.4456604880349857,-0.6679831867872458,False,False,False,True,True,False,True,False,True,True,0,False,True,False,True,False,False,True
0.8158259653069456,0.6722515261016999,0.7721820662207676,True,True,False,True,True,True,True,False,False,True,1,True,False,True,False,False,False,False
0.6555920041822393,1.4456604880349857,-0.3593763468569571,False,False,True,True,True,True,True,False,False,False,0,False,False,True,True,True,False,False
-0.7359781508710578,-0.10115743583158582,-1.5008898192872717,False,False,False,True,False,False,False,False,True,False,0,False,False,False,False,False,False,True
-0.10900432846776748,0.06166550352279012,-0.019245152310133944,True,False,False,False,True,False,False,False,True,True,0,False,False,False,False,True,False,False
1.5566034395078077,1.0386031396490458,1.1388600857078308,False,True,False,False,True,False,True,False,True,True,0,False,True,False,True,True,True,False
-0.9068812043517864,-0.8338606629262776,-1.456092052200617,False,False,False,True,False,False,False,False,False,False,0,False,True,False,False,False,True,False
-0.5509374523753529,-0.5489205190561197,-0.3295111687991873,False,False,False,True,False,True,False,True,False,False,0,False,False,True,False,False,True,False
-0.018426807766227845,-0.3453918448631497,0.8169798333074222,True,True,False,False,False,True,False,True,False,False,0,True,False,False,False,True,False,False
-0.16966009426959844,-0.4268033145403377,0.9878750188602166,False,True,False,True,False,True,True,False,False,False,0,False,False,True,True,True,True,False
1.4372237600179938,1.0793088744876398,0.9596690173612115,False,True,False,True,False,True,True,False,False,False,1,True,False,False,True,True,False,False
-0.7616849557041898,-0.4268033145403377,-1.3167212212643575,False,False,True,True,False,False,False,False,False,False,0,True,False,False,False,False,False,True
0.2891108770393638,0.9571916699718578,-0.3610355234157222,False,False,False,True,False,True,True,True,True,False,0,False,False,True,True,True,False,False
0.26195518312084576,-0.019745966154397852,0.8634367769528422,True,True,False,False,False,False,False,False,False,False,1,False,False,False,True,True,False,False
-1.0019810152289244,-1.2816237461508113,-1.5174815848749215,True,False,False,True,False,False,False,False,False,False,0,False,False,False,False,False,False,False
2.435530292713709,1.6084834273893616,1.3661672742586346,False,True,False,True,True,True,True,False,True,False,0,True,True,True,True,True,False,False
1.3008964688021523,1.5270719577121736,0.3706613389996392,False,False,True,True,False,False,True,True,False,True,0,True,False,True,True,False,True,False
-0.230228048611709,-0.5896262538947137,1.1587702044130104,False,True,False,False,False,True,False,True,False,False,0,True,False,False,True,True,False,False
1.420429818346477,1.5270719577121736,0.47187110908430413,False,False,True,True,True,False,True,True,False,True,0,True,False,True,True,False,False,True
1.190583322528464,1.3642490183577978,0.3374778078243394,True,False,False,True,True,True,True,True,True,True,0,False,True,True,True,False,False,False
-0.22801080925377024,0.7536629957788878,-1.0197286172454239,False,False,True,False,True,False,True,True,False,False,0,False,True,False,False,False,False,False
-0.9494478094512256,-1.0780950719578415,-1.4959122896109767,False,False,False,True,False,False,True,False,False,False,0,False,True,False,False,False,True,False
-0.9240263918621846,-1.2409180113122174,0.9596690173612115,True,True,False,True,False,True,False,False,False,False,1,True,False,False,True,True,False,False
0.4209597838094673,1.4049547531963917,-0.4771778825292717,False,False,True,True,False,False,False,True,False,False,0,False,False,False,False,False,False,False
-0.9378786496330698,-1.2002122764736234,-0.3178969328878323,True,False,False,False,True,False,False,False,False,True,0,False,False,False,False,False,False,False
-0.4154443700268547,1.5677776925507676,-1.4942531130522119,False,False,True,True,False,True,False,False,False,False,0,False,False,False,False,False,True,False
-0.5946456064511564,-0.6303319887333076,-0.29300928450635744,False,False,False,True,True,False,False,False,True,True,0,False,False,False,False,False,False,True
1.070720680010188,0.5094285867473239,1.1919537355883103,False,True,False,True,False,True,False,False,False,True,0,True,False,False,True,True,True,False
-0.9467476070648249,-0.9966836022806536,-1.4992306427285067,False,False,False,False,False,True,True,False,True,False,0,False,True,False,False,False,False,True
1.7221938996754556,1.5677776925507676,0.6908824148412829,False,False,True,False,True,False,True,True,False,True,0,True,False,True,True,True,True,False
1.519854343614842,1.4456604880349857,0.7141108866639929,False,True,False,False,False,False,True,False,True,True,0,True,False,True,False,False,True,False
-0.9471208057686363,-1.2409180113122174,0.5216464058472539,True,True,False,False,False,True,False,False,False,False,0,False,False,False,True,False,False,False
-0.6533256144092795,0.18378270803857208,-1.497571466169742,False,False,True,False,False,False,False,False,False,False,0,False,False,False,False,False,False,True
0.16766762824612125,-0.06045170099299184,0.7871146552496526,False,True,False,True,False,False,True,False,False,False,0,True,False,True,True,False,True,False
1.864821663126232,1.2828375486806096,1.2798900932028552,False,True,False,True,True,True,False,False,False,True,1,True,False,False,True,True,False,False
0.8485357340527755,0.7943687306174818,0.5316014651998437,False,False,True,False,False,True,False,True,False,False,0,True,False,True,True,True,False,False
0.5394393958371478,0.8757802002946699,0.010620025747636104,False,False,False,True,False,False,False,True,True,False,1,False,False,True,False,True,False,False
0.40748072474239383,0.387311382231542,0.30595345320780487,False,True,False,False,True,True,True,False,False,False,1,False,False,False,False,False,True,False
-0.7777983585628739,-0.22327464034736777,-1.5108448786398618,True,False,False,True,False,True,False,False,False,False,0,False,False,False,False,False,False,False
-0.8458522398461442,-1.1188008067964355,0.5233055824060188,True,True,False,False,True,False,False,False,False,True,1,False,False,False,False,False,False,False
1.6049875538137202,1.5677776925507676,0.6394479415195682,False,False,True,True,False,False,True,True,False,True,0,True,False,True,True,True,True,False
-0.732992561240566,-1.0373893371192475,0.8103431270723621,False,True,False,True,False,True,False,False,False,False,0,True,False,True,True,False,True,False
-0.9620926596509558,-1.1595065416350294,-1.1873054496806883,False,False,False,False,True,True,False,False,False,False,0,False,False,False,False,False,False,True
-0.7722662366004919,-0.9559778674420595,-0.1669118660402181,False,False,False,True,False,False,False,False,False,False,0,True,False,False,False,True,False,True
2.381899443689506,1.6084834273893616,1.4507852787556494,False,True,True,False,True,True,True,True,False,True,0,False,True,True,True,True,False,False
1.250975653951134,1.2014260790034217,0.6643355899010431,True,False,True,False,True,True,True,True,False,True,0,True,False,False,True,True,False,False
-0.29632812491620153,1.5677776925507676,-1.3615189883510124,False,False,True,True,False,False,True,False,False,False,0,True,True,False,False,False,True,False
-0.49302579468978275,-0.7524491932490895,0.8302532457775423,True,True,False,True,False,True,False,True,False,False,0,True,False,False,True,False,False,False
-0.957614275205218,-1.2409180113122174,0.17985603474166512,True,True,False,False,False,True,True,False,False,False,0,False,False,False,False,False,False,False
1.1611884363870775,0.631545791263106,1.2915043291142099,True,True,False,False,False,True,False,True,False,False,0,True,False,True,True,True,False,False
2.586609909162569,1.6084834273893616,1.5868377565743785,False,True,True,False,True,True,False,True,False,True,0,True,False,True,True,True,True,False
-0.7424981517552937,-0.5489205190561197,-0.994840968863949,False,False,False,True,True,True,True,False,False,True,0,False,True,False,False,False,False,True
-0.6114175952577431,-0.5896262538947137,-0.48547376532309666,False,False,False,False,False,True,True,True,False,False,0,False,False,False,False,False,False,True
0.8775135157604906,0.8757802002946699,0.5199872292884885,True,False,True,False,True,False,False,True,False,False,0,False,False,True,True,True,False,False
0.5901724666905794,0.020959768684196134,1.4142833944628193,True,True,False,False,False,False,False,False,False,True,0,True,False,True,True,True,False,False
-0.798214522947855,-1.0780950719578415,0.45527934349665417,False,False,False,True,True,False,False,True,False,False,0,False,False,True,True,True,True,False
0.21122211226741436,0.9978974048104517,-0.49874717779321653,False,False,False,False,True,True,True,True,False,False,0,False,False,True,False,True,False,False
-0.8498037555335599,-0.6303319887333076,-1.4743429943470319,False,False,False,True,False,True,False,False,True,False,0,False,False,False,False,False,False,True
-0.9777889580759681,-1.2816237461508113,0.3109309828840996,False,True,False,False,False,True,False,False,False,True,0,False,False,False,False,False,True,False
-1.0014760993355323,-1.2816237461508113,-1.4793205240233267,False,False,True,False,False,False,True,False,False,False,0,False,True,False,False,False,False,True
-0.49647239448380653,0.9978974048104517,-1.5042081724048018,False,False,True,True,False,True,False,False,False,False,0,False,True,False,False,False,False,True
-1.0017614865796234,-1.2816237461508113,-1.5008898192872717,False,False,False,True,False,False,False,False,False,False,0,False,False,False,False,False,False,True
0.5150717157647511,0.26519417771576004,0.8169798333074222,True,True,False,False,False,True,True,True,True,True,0,True,True,True,False,False,False,False
-0.057151661502901574,0.020959768684196134,0.11017061927353564,True,True,False,True,False,False,False,False,False,False,0,False,False,False,False,False,False,False
1.5413901041112574,1.1200146093262338,1.0111034906829266,False,True,False,True,True,True,True,False,True,False,0,True,True,True,True,False,False,False
-0.030852129316657075,-0.3453918448631497,0.9364405455385019,True,True,False,True,False,True,True,False,False,False,1,False,False,True,True,True,False,False
0.13258695008784208,0.020959768684196134,0.5033954637008385,False,True,False,True,True,False,False,False,True,False,0,True,False,False,False,False,False,False
2.14876001813198,1.5270719577121736,1.3479163321122196,False,True,False,False,False,True,True,True,True,True,1,True,False,False,True,True,False,False
0.5000559561525715,0.14307697319997809,0.9978300782128064,False,True,False,True,False,True,True,False,False,False,0,True,False,False,True,True,False,False
2.50371589118656,1.6084834273893616,1.4458077490793544,False,True,False,False,False,True,True,True,True,True,0,True,False,True,True,True,False,False
-0.9756375773128197,-1.2816237461508113,0.473530285643069,True,True,False,False,False,True,False,False,False,False,1,False,False,False,True,False,False,False
-0.9397885488819873,-1.2002122764736234,-0.49045129499939155,False,False,False,True,True,True,False,False,False,False,0,False,False,False,False,False,False,True
-1.001629769390043,-1.2816237461508113,-1.4909347599346818,True,False,False,False,False,False,True,False,False,False,0,False,True,False,False,False,False,False
0.8668883291343285,0.9571916699718578,0.3955489873811141,False,True,False,False,False,True,True,True,False,False,1,True,False,False,False,False,False,False
1.743971141686102,1.3642490183577978,1.0077851375653963,True,True,False,True,False,False,True,False,True,True,0,True,False,True,False,True,False,False
1.5861519957037051,0.9978974048104517,1.326347036848275,False,True,False,True,False,True,False,True,False,True,1,True,False,False,True,True,False,False
1.16694008699876,1.2014260790034217,0.6477438243133932,True,True,False,False,False,False,False,False,True,False,1,True,False,False,True,False,False,False
-0.9363639019528937,-1.0373893371192475,-1.5108448786398618,False,False,False,True,False,True,False,False,False,False,0,False,False,False,False,False,False,True
-0.46587010077126495,-0.3453918448631497,-0.3577171702981922,False,False,False,False,False,True,False,False,False,True,0,False,False,True,True,True,True,False
-0.4580109751262937,1.1200146093262338,-1.4925939364934466,False,False,True,True,False,False,True,False,False,False,0,False,False,False,False,False,False,True
0.7520528926850423,1.2421318138420157,-0.045791977250373726,False,False,True,False,True,False,True,True,False,True,0,False,True,True,False,False,False,True
1.4819636987455114,0.9164859351332638,1.2848676228791502,False,True,False,False,False,True,True,False,False,True,0,True,False,True,True,True,True,False
2.2682494619464446,1.4456604880349857,1.5022197520773641,True,True,True,True,True,True,True,False,False,True,0,True,True,True,True,True,False,False
-0.7973803140805116,-0.38609757970174374,-1.466047111553207,True,False,False,True,False,True,True,False,True,False,1,False,False,False,False,False,False,False
-0.10219894033944045,-0.1825689055087738,0.33084110158927976,False,True,False,True,True,True,False,False,False,False,0,False,True,False,False,False,False,False
1.6104538171813119,1.5677776925507676,0.6460846477546283,False,False,True,False,True,True,True,True,False,True,0,False,False,True,True,True,True,False
-0.4843983187722586,1.2828375486806096,-1.4892755833759168,False,False,True,True,False,True,False,False,False,False,1,False,False,False,False,False,False,False
-0.4139076694817486,-0.5896262538947137,0.427073341997649,True,True,False,False,False,False,False,False,False,True,0,False,False,True,False,False,False,False
-0.767765899289824,-1.0780950719578415,0.8236165395424823,True,True,False,False,False,True,False,False,False,True,0,True,False,False,True,False,False,False
-0.682654641955876,-0.9559778674420595,0.667653943018573,True,True,False,True,False,True,False,False,False,False,1,True,False,False,False,True,False,False
-0.3023212570421154,-0.5896262538947137,0.8352307754538371,True,True,False,False,False,True,False,True,False,False,0,True,False,False,False,True,False,False
1.0909612214757287,1.0793088744876398,0.4950995809070136,False,False,False,False,True,False,False,True,True,True,0,True,False,True,False,True,True,False
-1.0015419579303226,-1.2816237461508113,-1.4842980536996218,False,False,False,True,False,True,False,False,False,False,0,False,False,False,False,False,False,True
2.1331076254368275,1.5677776925507676,1.1786803231181906,True,True,True,False,True,False,True,True,False,False,0,True,True,True,False,True,False,False
-0.5944919363966459,-0.8338606629262776,0.4370284013502389,False,True,False,False,False,False,False,False,False,False,0,False,False,False,False,True,False,False
-0.3130781608578581,-0.6303319887333076,1.0525829046520514,False,True,False,True,False,True,True,False,True,False,0,False,False,True,True,True,False,False
-0.590781902223461,0.22448844287716607,-1.3299946337344775,True,False,False,True,False,True,True,False,False,False,1,False,False,False,False,False,False,False
-0.8260507556792055,-0.4268033145403377,-1.4859572302583868,False,False,False,True,False,False,True,False,True,False,0,False,True,False,False,False,False,True
-0.9467695599297551,-1.0373893371192475,-1.5141632317573919,False,False,False,False,False,False,False,False,False,False,0,False,False,False,False,False,False,True
1.2836415169671036,1.5677776925507676,0.20474368312314,False,False,True,False,True,False,True,True,False,True,0,True,True,True,False,False,False,True
0.7256655490390775,0.428017117070136,0.8866652487755522,True,True,False,False,False,True,False,False,False,True,0,False,False,True,True,False,False,False
-0.8423397814573302,-0.6303319887333076,-1.3216987509406526,False,False,False,True,False,False,False,False,False,False,0,False,False,False,False,False,True,False
-0.8019026042561096,-1.0780950719578415,0.6444254711958629,True,True,False,False,False,True,True,False,False,False,1,True,False,False,False,True,False,False
-0.6641703296847427,-0.9559778674420595,0.7788187724558276,False,True,False,False,False,True,False,False,False,False,0,False,False,False,True,True,False,True
2.02044552261562,1.2828375486806096,1.3512346852297499,False,True,False,True,False,True,False,True,True,True,0,True,False,False,True,True,True,False
1.515595487818405,1.6084834273893616,0.4785078153193637,False,False,True,True,True,True,True,True,False,True,0,False,False,False,True,True,False,False
0.05803502078526589,-0.1825689055087738,0.8285940692187774,False,True,False,False,False,False,True,False,False,True,0,False,False,True,False,True,True,False
-0.8279606549281231,-1.1188008067964355,0.5199872292884885,True,True,False,True,False,True,False,False,False,False,0,False,False,False,True,False,False,False
1.6226596100824404,1.6084834273893616,0.642766294637098,False,False,True,True,True,False,False,True,False,False,0,True,False,True,True,True,True,False
-1.0018273451744135,-1.2816237461508113,-1.5058673489635668,False,False,False,False,False,False,False,False,False,False,0,False,False,False,False,False,False,True
-0.3696726466476229,0.7536629957788878,-1.1773503903280982,False,False,False,True,False,True,True,False,False,True,1,False,False,False,False,False,True,False
0.490374742718403,0.1023712383613841,1.0144218438004564,True,True,False,True,False,False,False,True,False,False,0,True,False,True,True,False,False,False
-0.946286596901293,-1.2409180113122174,0.5067138168183688,True,True,False,False,False,True,False,False,False,False,0,False,False,False,True,False,False,False
-0.8221870514515102,-0.9152721326034655,-0.6530505977583607,False,False,False,False,False,False,False,False,False,False,0,False,False,False,False,False,False,True
0.1180541535041242,-0.10115743583158582,0.5681033494926734,False,True,False,True,False,False,True,False,False,True,0,False,True,True,False,False,False,False
-0.057920011775454625,0.428017117070136,-0.4887921184406264,False,False,False,False,False,False,True,False,False,True,0,False,True,False,False,False,False,True
0.5384076111854338,0.1023712383613841,1.1720436168831305,True,True,False,False,False,True,False,False,False,False,0,True,False,True,True,True,False,False
-0.7902895387080935,-0.22327464034736777,-1.5191407614336867,False,False,False,False,False,False,False,False,True,False,0,False,False,False,False,False,False,True
1.150277862516824,0.8350744654560759,0.858459247276547,True,True,False,False,True,False,False,False,False,True,0,True,False,True,False,False,False,False
-0.15692743261014785,-0.22327464034736777,0.18649274097672516,True,True,False,True,False,True,True,False,False,False,1,False,False,False,False,False,False,False
2.5502559648383447,1.6084834273893616,1.4706953974608292,True,True,False,False,False,True,True,True,True,True,0,True,False,True,True,True,False,False
-0.9810160292206911,-1.2002122764736234,-1.3333129868520075,True,False,False,True,False,False,False,False,False,False,0,False,False,False,False,False,False,False
0.7202212385364158,0.5094285867473239,0.7406577116042327,True,True,False,False,False,True,False,True,False,False,0,True,False,True,False,False,False,False
1.7568794262649934,1.4049547531963917,0.9679649001550363,False,True,True,False,False,False,True,True,False,True,0,True,True,False,True,False,True,False
1.195852010111685,0.6722515261016999,1.1438376153841259,True,True,False,False,False,False,True,False,False,True,0,False,False,True,True,True,False,False
-0.9967123276457034,-1.2409180113122174,-1.5025489958460367,True,False,False,True,False,True,False,False,False,False,0,False,False,False,False,False,False,False
-0.9906094311951391,-1.2816237461508113,-0.6580281274346557,False,False,False,True,False,True,False,False,False,False,0,False,False,False,False,False,False,False
0.3689753996550208,0.22448844287716607,0.5614666432576133,False,True,False,True,False,True,False,False,False,True,0,True,True,False,False,False,False,True
-0.8754447017719017,-1.2002122764736234,1.0011484313303363,True,True,False,False,False,True,False,False,False,True,0,False,False,False,True,True,False,False
-0.7482937080968367,-0.7931549280876836,-0.6430955384057709,False,False,False,True,True,True,False,True,False,False,0,False,False,False,True,False,True,False
0.04143865489811989,-0.30468611002455576,1.0028076078891015,True,True,False,False,False,True,True,True,False,False,0,False,False,False,True,True,False,False
1.2871320224909875,0.7129572609402939,1.309755271260625,False,True,False,False,True,True,True,False,True,False,0,True,False,True,True,True,False,True
-0.9531139378945502,-1.2409180113122174,-0.180185278510338,False,False,True,True,True,False,True,True,False,True,0,False,True,False,False,False,False,True
-0.4479785158532439,-0.6710377235719016,0.7190884163402875,True,True,False,True,False,True,False,False,False,False,1,True,False,False,True,False,False,False
1.917376821768861,1.1200146093262338,1.495583045842304,False,True,True,False,True,True,True,True,False,True,1,False,False,True,True,True,False,False
2.2045861536491915,1.4456604880349857,1.3545530383472797,False,True,False,True,False,False,True,True,True,True,0,False,True,True,True,True,True,False
-0.3517152031348116,0.428017117070136,-1.044616265626899,False,False,False,False,True,True,False,False,False,True,1,False,False,False,False,False,True,False
-0.5375242519030695,-0.6303319887333076,0.05873614595182097,False,False,False,True,False,True,True,True,False,True,0,True,True,True,False,False,False,True
0.9713400604716832,0.9571916699718578,0.5100321699358986,False,True,True,False,True,False,True,False,False,False,0,False,False,True,False,False,False,False
-0.9928047176881478,-1.2816237461508113,-0.8239457833111549,True,False,False,False,False,False,True,True,False,False,0,False,True,False,True,False,False,False
2.797291553896616,1.6084834273893616,1.7859389436261777,False,True,True,False,True,True,True,True,False,True,0,True,True,True,True,True,False,False
-0.8697150040251489,-0.7117434584104956,-1.4942531130522119,False,False,False,False,False,False,False,False,False,False,0,False,False,False,False,False,False,True
-0.6928407712834365,-0.10115743583158582,-1.3134028681468275,False,False,False,True,False,False,False,False,True,False,0,True,True,False,False,False,False,False
-0.6372561172804556,-0.4268033145403377,-0.8538109613689248,True,False,False,False,False,False,True,False,False,True,0,False,True,False,True,False,False,False
1.1428358413055244,0.631545791263106,1.2467065620275553,False,True,True,False,True,True,False,True,False,False,0,False,False,True,True,True,True,False
-0.8604289421597221,-1.1188008067964355,0.14667250356636527,True,True,False,False,False,True,True,False,False,False,1,False,False,False,False,False,False,False
-0.8354246290043528,-0.5489205190561197,-1.4743429943470319,False,False,True,False,False,False,False,False,False,False,0,False,True,False,False,False,False,True
-0.33149661453420126,-0.1825689055087738,-0.3527396406218973,False,False,False,False,True,False,False,True,True,False,0,False,False,False,False,False,False,True
0.5319534688959883,0.8757802002946699,0.012279202306401001,False,False,True,True,True,True,False,False,False,True,0,False,False,False,True,False,False,False
-0.2497002398046964,-0.3453918448631497,0.16824179883031035,False,True,False,True,False,False,False,False,False,False,1,False,False,False,False,False,True,False
-0.668297468291599,0.26519417771576004,-1.5125040551986266,False,False,False,True,False,False,False,False,True,False,0,False,True,False,False,False,False,False
-0.7716515563824494,-0.1825689055087738,-1.5058673489635668,False,False,False,False,False,True,True,False,False,False,0,False,True,False,False,False,False,False
-0.4135344707779371,-0.5896262538947137,0.2860433345026247,True,True,False,False,False,True,False,False,False,True,1,False,False,False,False,False,False,False
0.3471542519145142,0.020959768684196134,0.9430772517735615,True,True,False,True,False,True,True,False,False,True,0,True,False,True,False,True,False,False
0.5975266764421586,0.428017117070136,0.6693131195773377,False,False,False,False,False,False,False,True,True,True,0,True,False,True,True,True,True,False
1.4370481370985533,1.5677776925507676,0.4187774592038241,False,False,True,False,True,False,True,False,False,False,0,False,True,True,True,True,True,False
-0.7980389000284143,-0.8745663977648716,-0.6928708351687206,True,False,False,False,False,True,True,False,False,False,0,False,False,False,False,False,False,False
-0.6596041337792844,-0.6710377235719016,-0.5136797668221014,False,False,False,True,False,True,False,True,False,False,0,False,False,False,False,False,False,True
-0.8973097552422686,-1.2002122764736234,0.3706613389996392,True,True,False,False,False,False,False,False,False,False,0,True,False,False,False,False,False,False
0.8486235455124957,1.2421318138420157,0.07698708809823579,False,False,True,True,False,False,True,True,False,True,0,True,False,False,False,True,False,True
-0.8339318341891068,-0.5896262538947137,-1.4826388771408567,False,False,False,False,False,True,True,False,False,False,0,False,True,False,False,False,False,True
2.1801965207118648,1.2828375486806096,1.543699166046489,True,True,False,False,False,True,True,True,True,True,0,True,True,True,True,True,False,False
0.3268478518541836,0.8350744654560759,-0.33282952191671733,False,False,False,True,False,False,False,True,True,False,0,False,False,True,True,True,True,False
-0.5510691695649333,0.590840056424512,-1.4859572302583868,False,False,True,False,False,False,False,False,False,False,0,False,False,False,False,False,False,True
-0.261181588163132,-0.3453918448631497,0.1781968581829002,False,False,False,True,True,True,True,True,False,True,0,False,True,False,False,True,True,False
-0.6239526811328228,-0.4268033145403377,-0.82560495986992,False,False,False,True,True,False,True,False,False,False,1,False,True,False,False,True,False,True
-1.001673675119903,-1.2816237461508113,-1.4942531130522119,False,False,False,True,False,False,True,False,False,False,0,False,True,False,False,False,False,True
-0.518249636494453,-0.8338606629262776,1.127245849796476,False,True,False,False,True,True,False,True,False,False,0,False,False,False,True,True,False,False
0.39395775994546006,0.428017117070136,0.34079616094186965,True,True,False,True,True,True,False,False,False,False,0,False,False,False,False,False,False,False
-0.23703343674003605,-0.5082147842175256,0.7887738318084175,True,True,False,True,False,True,False,False,False,False,0,True,False,True,True,False,False,False
0.060954751820967525,-0.3453918448631497,1.2052271480584305,True,True,False,True,False,True,False,False,False,True,1,True,False,False,True,True,False,False
-0.5991459437618243,0.631545791263106,-1.4925939364934466,False,False,False,False,False,False,False,False,True,False,0,False,True,False,False,False,False,True
0.861487924361527,1.2014260790034217,0.19312944721178524,False,False,False,False,True,True,True,True,True,False,0,False,True,True,True,False,False,False
-0.5987946979229429,-0.6303319887333076,-0.30130516730018236,False,False,False,False,False,True,False,False,True,False,0,True,True,True,False,False,False,True
-0.7124007739361441,-0.38609757970174374,-1.1474852122703283,False,False,False,True,False,True,True,True,False,False,0,False,True,False,False,False,False,False
1.6489152365388244,1.3642490183577978,0.903257014363202,False,True,False,False,False,True,False,False,True,False,0,True,False,True,True,False,False,False
-0.36547964944597616,0.9571916699718578,-1.3266762806169474,False,False,True,False,False,True,True,False,False,False,0,True,True,False,False,False,True,False
-0.311278025933591,-0.5082147842175256,0.5797175854040286,True,True,False,False,True,False,True,False,False,False,0,True,False,False,False,False,False,False
-0.3968393169986058,-1.3223294809894055,-1.4959122896109767,False,False,True,True,False,False,True,False,False,False,0,False,True,False,False,False,False,True
-0.7807180895985755,-1.0373893371192475,0.4768486387605988,True,True,False,False,False,True,False,False,False,False,0,False,False,False,False,True,False,False
-0.818894121711997,-0.9152721326034655,-0.634799655611946,False,False,False,True,False,True,False,False,False,False,0,False,False,False,False,False,True,False
-0.17532393342156097,-0.30468611002455576,0.46689357940800896,False,False,False,True,True,True,False,True,False,True,0,False,False,False,True,True,False,True
-0.23073296450510106,-0.5489205190561197,0.7721820662207676,True,True,False,True,False,True,False,False,False,True,1,True,False,False,True,False,False,False
-0.9865701040480029,-1.2816237461508113,-0.3527396406218973,True,False,False,True,False,False,False,False,False,True,0,True,False,False,False,False,False,False
-0.6177619732225382,0.06166550352279012,-1.3266762806169474,False,False,True,False,False,False,True,False,False,False,0,True,True,False,False,False,True,False
-0.5222450579117289,-0.7117434584104956,0.4917812277894838,True,True,False,False,False,True,False,False,False,True,0,True,False,False,False,False,False,False
2.6364209596889365,1.6084834273893616,1.6465681126899183,False,True,True,True,True,False,True,True,False,True,0,True,True,True,True,True,False,False
0.4270407273951014,0.8757802002946699,-0.16359351292268806,False,False,True,False,True,False,True,True,False,False,0,True,True,False,False,False,False,False
0.3559573507514793,0.9164859351332638,-0.2697808126836477,False,False,True,False,True,False,True,True,False,True,0,False,False,False,False,False,False,True
-0.02292714507689572,-0.38609757970174374,1.1206091435614158,False,True,False,False,False,True,False,False,False,True,0,True,False,False,True,True,True,False
1.9978560246025603,1.4456604880349857,1.1703844403243657,True,True,False,False,False,True,True,False,False,True,1,True,False,False,True,True,False,False
-0.037789234634564704,-0.1418631706701798,0.3673429858821094,False,True,False,False,False,True,False,False,False,False,0,True,False,False,False,False,True,False
-0.6691097242940122,0.30589991255435406,-1.4859572302583868,False,False,True,False,False,False,True,False,False,False,0,False,True,False,False,False,False,False
-0.6078392782741388,-0.8338606629262776,0.6494030008721581,True,True,False,False,False,True,True,False,False,True,0,True,True,True,False,False,False,False
-0.7908383603313457,-1.1188008067964355,1.0492645515345211,True,True,False,True,False,False,False,False,False,True,0,True,False,True,False,True,False,False
-0.7733858327119264,-0.9559778674420595,-0.21336880968563784,False,False,False,False,True,False,False,True,False,False,0,False,False,True,True,True,False,True
1.8833279282622957,1.2421318138420157,1.313073624378155,False,True,False,True,True,False,False,True,True,True,0,True,False,True,True,False,True,False
-0.9879092288087384,-1.2816237461508113,-0.4539494107065617,False,False,False,True,True,False,False,False,False,False,0,False,False,False,False,False,False,True
0.017949089422926594,0.428017117070136,-0.3112602266527725,False,False,False,False,False,False,True,False,False,True,1,False,False,True,True,True,True,False
2.373711025070583,1.5677776925507676,1.4706953974608292,True,True,True,False,False,False,True,True,False,True,0,True,False,True,True,True,False,False
-0.9751326614194277,-1.2409180113122174,-0.626503772818121,False,False,False,True,False,False,False,False,False,False,0,False,False,False,False,False,False,False
0.15756931037828115,-0.30468611002455576,1.2566616213801451,False,True,False,False,True,True,False,False,False,True,1,True,False,False,True,True,False,True
-0.7984340515971559,-0.3453918448631497,-1.477661347464562,False,False,False,False,False,False,True,False,True,False,0,False,False,False,False,False,True,False
-0.962421952624907,-1.0780950719578415,-1.469365464670737,False,False,False,True,False,False,False,False,False,False,0,False,False,False,False,False,False,True
